fast,slow,rsi_w,rsi_os,rsi_ob,vol_th,sl,tp,pos,trades,sharpe,total_return,annual_return,max_dd_pct,win_rate,bars
3,13,14,25.0,65.0,1.0,0.03,0.08,0.3,401,1.4750,660.7445,338.1208,-39.3882,0.0000,6073
3,13,14,25.0,65.0,1.0,0.03,0.12,0.3,323,1.4292,529.9407,271.1850,-33.4690,0.0000,6073
3,13,14,25.0,65.0,1.0,0.03,0.18,0.3,256,1.6971,565.9050,289.5889,-29.2487,0.0000,6073
3,13,14,25.0,65.0,1.0,0.05,0.08,0.3,150,1.1303,300.3247,153.6843,-50.2243,0.0000,6073
3,13,14,25.0,65.0,1.0,0.05,0.12,0.3,137,0.9558,168.6013,86.2778,-43.5532,0.0000,6073
3,13,14,25.0,65.0,1.0,0.05,0.18,0.3,148,0.9986,109.6490,56.1104,-24.0250,0.0000,6073
3,13,14,25.0,65.0,1.2,0.03,0.08,0.3,349,1.4074,534.4004,273.4672,-35.2067,0.0000,6073
3,13,14,25.0,65.0,1.2,0.03,0.12,0.3,281,1.4722,463.7352,237.3059,-32.5648,0.0000,6073
3,13,14,25.0,65.0,1.2,0.03,0.18,0.3,219,1.7018,494.4918,253.0449,-28.6754,0.0000,6073
3,13,14,25.0,65.0,1.2,0.05,0.08,0.3,264,1.3959,134.2316,68.6900,-16.6297,0.0000,6073
3,13,14,25.0,65.0,1.2,0.05,0.12,0.3,239,1.5135,184.8566,94.5961,-22.2181,0.0000,6073
3,13,14,25.0,65.0,1.2,0.05,0.18,0.3,133,1.1399,102.5282,52.4665,-18.8577,0.0000,6073
3,13,14,25.0,65.0,1.5,0.03,0.08,0.3,118,1.5287,145.3738,74.3917,-16.9881,0.0000,6073
3,13,14,25.0,65.0,1.5,0.03,0.12,0.3,244,1.4256,421.3906,215.6370,-34.0163,0.0000,6073
3,13,14,25.0,65.0,1.5,0.03,0.18,0.3,180,1.5337,405.1990,207.3513,-29.7419,0.0000,6073
3,13,14,25.0,65.0,1.5,0.05,0.08,0.3,229,1.4336,126.3129,64.6377,-19.7720,0.0000,6073
3,13,14,25.0,65.0,1.5,0.05,0.12,0.3,204,1.5923,165.9646,84.9286,-22.4650,0.0000,6073
3,13,14,25.0,65.0,1.5,0.05,0.18,0.3,131,1.1612,105.3963,53.9342,-21.4450,0.0000,6073
3,13,14,25.0,70.0,1.0,0.03,0.08,0.3,401,1.4750,660.7445,338.1208,-39.3882,0.0000,6073
3,13,14,25.0,70.0,1.0,0.03,0.12,0.3,323,1.4292,529.9407,271.1850,-33.4690,0.0000,6073
3,13,14,25.0,70.0,1.0,0.03,0.18,0.3,256,1.6971,565.9050,289.5889,-29.2487,0.0000,6073
3,13,14,25.0,70.0,1.0,0.05,0.08,0.3,150,1.1303,300.3247,153.6843,-50.2243,0.0000,6073
3,13,14,25.0,70.0,1.0,0.05,0.12,0.3,137,0.9558,168.6013,86.2778,-43.5532,0.0000,6073
3,13,14,25.0,70.0,1.0,0.05,0.18,0.3,148,0.9986,109.6490,56.1104,-24.0250,0.0000,6073
3,13,14,25.0,70.0,1.2,0.03,0.08,0.3,349,1.4074,534.4004,273.4672,-35.2067,0.0000,6073
3,13,14,25.0,70.0,1.2,0.03,0.12,0.3,281,1.4722,463.7352,237.3059,-32.5648,0.0000,6073
3,13,14,25.0,70.0,1.2,0.03,0.18,0.3,219,1.7018,494.4918,253.0449,-28.6754,0.0000,6073
3,13,14,25.0,70.0,1.2,0.05,0.08,0.3,264,1.3959,134.2316,68.6900,-16.6297,0.0000,6073
3,13,14,25.0,70.0,1.2,0.05,0.12,0.3,239,1.5135,184.8566,94.5961,-22.2181,0.0000,6073
3,13,14,25.0,70.0,1.2,0.05,0.18,0.3,133,1.1399,102.5282,52.4665,-18.8577,0.0000,6073
3,13,14,25.0,70.0,1.5,0.03,0.08,0.3,118,1.5287,145.3738,74.3917,-16.9881,0.0000,6073
3,13,14,25.0,70.0,1.5,0.03,0.12,0.3,244,1.4256,421.3906,215.6370,-34.0163,0.0000,6073
3,13,14,25.0,70.0,1.5,0.03,0.18,0.3,180,1.5337,405.1990,207.3513,-29.7419,0.0000,6073
3,13,14,25.0,70.0,1.5,0.05,0.08,0.3,229,1.4336,126.3129,64.6377,-19.7720,0.0000,6073
3,13,14,25.0,70.0,1.5,0.05,0.12,0.3,204,1.5923,165.9646,84.9286,-22.4650,0.0000,6073
3,13,14,25.0,70.0,1.5,0.05,0.18,0.3,131,1.1612,105.3963,53.9342,-21.4450,0.0000,6073
3,13,14,30.0,65.0,1.0,0.03,0.08,0.3,401,1.4750,660.7445,338.1208,-39.3882,0.0000,6073
3,13,14,30.0,65.0,1.0,0.03,0.12,0.3,323,1.4292,529.9407,271.1850,-33.4690,0.0000,6073
3,13,14,30.0,65.0,1.0,0.03,0.18,0.3,256,1.6971,565.9050,289.5889,-29.2487,0.0000,6073
3,13,14,30.0,65.0,1.0,0.05,0.08,0.3,150,1.1303,300.3247,153.6843,-50.2243,0.0000,6073
3,13,14,30.0,65.0,1.0,0.05,0.12,0.3,137,0.9558,168.6013,86.2778,-43.5532,0.0000,6073
3,13,14,30.0,65.0,1.0,0.05,0.18,0.3,148,0.9986,109.6490,56.1104,-24.0250,0.0000,6073
3,13,14,30.0,65.0,1.2,0.03,0.08,0.3,349,1.4074,534.4004,273.4672,-35.2067,0.0000,6073
3,13,14,30.0,65.0,1.2,0.03,0.12,0.3,281,1.4722,463.7352,237.3059,-32.5648,0.0000,6073
3,13,14,30.0,65.0,1.2,0.03,0.18,0.3,219,1.7018,494.4918,253.0449,-28.6754,0.0000,6073
3,13,14,30.0,65.0,1.2,0.05,0.08,0.3,264,1.3959,134.2316,68.6900,-16.6297,0.0000,6073
3,13,14,30.0,65.0,1.2,0.05,0.12,0.3,239,1.5135,184.8566,94.5961,-22.2181,0.0000,6073
3,13,14,30.0,65.0,1.2,0.05,0.18,0.3,133,1.1399,102.5282,52.4665,-18.8577,0.0000,6073
3,13,14,30.0,65.0,1.5,0.03,0.08,0.3,118,1.5287,145.3738,74.3917,-16.9881,0.0000,6073
3,13,14,30.0,65.0,1.5,0.03,0.12,0.3,244,1.4256,421.3906,215.6370,-34.0163,0.0000,6073
3,13,14,30.0,65.0,1.5,0.03,0.18,0.3,180,1.5337,405.1990,207.3513,-29.7419,0.0000,6073
3,13,14,30.0,65.0,1.5,0.05,0.08,0.3,229,1.4336,126.3129,64.6377,-19.7720,0.0000,6073
3,13,14,30.0,65.0,1.5,0.05,0.12,0.3,204,1.5923,165.9646,84.9286,-22.4650,0.0000,6073
3,13,14,30.0,65.0,1.5,0.05,0.18,0.3,131,1.1612,105.3963,53.9342,-21.4450,0.0000,6073
3,13,14,30.0,70.0,1.0,0.03,0.08,0.3,401,1.4750,660.7445,338.1208,-39.3882,0.0000,6073
3,13,14,30.0,70.0,1.0,0.03,0.12,0.3,323,1.4292,529.9407,271.1850,-33.4690,0.0000,6073
3,13,14,30.0,70.0,1.0,0.03,0.18,0.3,256,1.6971,565.9050,289.5889,-29.2487,0.0000,6073
3,13,14,30.0,70.0,1.0,0.05,0.08,0.3,150,1.1303,300.3247,153.6843,-50.2243,0.0000,6073
3,13,14,30.0,70.0,1.0,0.05,0.12,0.3,137,0.9558,168.6013,86.2778,-43.5532,0.0000,6073
3,13,14,30.0,70.0,1.0,0.05,0.18,0.3,148,0.9986,109.6490,56.1104,-24.0250,0.0000,6073
3,13,14,30.0,70.0,1.2,0.03,0.08,0.3,349,1.4074,534.4004,273.4672,-35.2067,0.0000,6073
3,13,14,30.0,70.0,1.2,0.03,0.12,0.3,281,1.4722,463.7352,237.3059,-32.5648,0.0000,6073
3,13,14,30.0,70.0,1.2,0.03,0.18,0.3,219,1.7018,494.4918,253.0449,-28.6754,0.0000,6073
3,13,14,30.0,70.0,1.2,0.05,0.08,0.3,264,1.3959,134.2316,68.6900,-16.6297,0.0000,6073
3,13,14,30.0,70.0,1.2,0.05,0.12,0.3,239,1.5135,184.8566,94.5961,-22.2181,0.0000,6073
3,13,14,30.0,70.0,1.2,0.05,0.18,0.3,133,1.1399,102.5282,52.4665,-18.8577,0.0000,6073
3,13,14,30.0,70.0,1.5,0.03,0.08,0.3,118,1.5287,145.3738,74.3917,-16.9881,0.0000,6073
3,13,14,30.0,70.0,1.5,0.03,0.12,0.3,244,1.4256,421.3906,215.6370,-34.0163,0.0000,6073
3,13,14,30.0,70.0,1.5,0.03,0.18,0.3,180,1.5337,405.1990,207.3513,-29.7419,0.0000,6073
3,13,14,30.0,70.0,1.5,0.05,0.08,0.3,229,1.4336,126.3129,64.6377,-19.7720,0.0000,6073
3,13,14,30.0,70.0,1.5,0.05,0.12,0.3,204,1.5923,165.9646,84.9286,-22.4650,0.0000,6073
3,13,14,30.0,70.0,1.5,0.05,0.18,0.3,131,1.1612,105.3963,53.9342,-21.4450,0.0000,6073
3,13,14,35.0,65.0,1.0,0.03,0.08,0.3,401,1.4750,660.7445,338.1208,-39.3882,0.0000,6073
3,13,14,35.0,65.0,1.0,0.03,0.12,0.3,323,1.4292,529.9407,271.1850,-33.4690,0.0000,6073
3,13,14,35.0,65.0,1.0,0.03,0.18,0.3,256,1.6971,565.9050,289.5889,-29.2487,0.0000,6073
3,13,14,35.0,65.0,1.0,0.05,0.08,0.3,150,1.1303,300.3247,153.6843,-50.2243,0.0000,6073
3,13,14,35.0,65.0,1.0,0.05,0.12,0.3,137,0.9558,168.6013,86.2778,-43.5532,0.0000,6073
3,13,14,35.0,65.0,1.0,0.05,0.18,0.3,148,0.9986,109.6490,56.1104,-24.0250,0.0000,6073
3,13,14,35.0,65.0,1.2,0.03,0.08,0.3,349,1.4074,534.4004,273.4672,-35.2067,0.0000,6073
3,13,14,35.0,65.0,1.2,0.03,0.12,0.3,281,1.4722,463.7352,237.3059,-32.5648,0.0000,6073
3,13,14,35.0,65.0,1.2,0.03,0.18,0.3,219,1.7018,494.4918,253.0449,-28.6754,0.0000,6073
3,13,14,35.0,65.0,1.2,0.05,0.08,0.3,264,1.3959,134.2316,68.6900,-16.6297,0.0000,6073
3,13,14,35.0,65.0,1.2,0.05,0.12,0.3,239,1.5135,184.8566,94.5961,-22.2181,0.0000,6073
3,13,14,35.0,65.0,1.2,0.05,0.18,0.3,133,1.1399,102.5282,52.4665,-18.8577,0.0000,6073
3,13,14,35.0,65.0,1.5,0.03,0.08,0.3,118,1.5287,145.3738,74.3917,-16.9881,0.0000,6073
3,13,14,35.0,65.0,1.5,0.03,0.12,0.3,244,1.4256,421.3906,215.6370,-34.0163,0.0000,6073
3,13,14,35.0,65.0,1.5,0.03,0.18,0.3,180,1.5337,405.1990,207.3513,-29.7419,0.0000,6073
3,13,14,35.0,65.0,1.5,0.05,0.08,0.3,229,1.4336,126.3129,64.6377,-19.7720,0.0000,6073
3,13,14,35.0,65.0,1.5,0.05,0.12,0.3,204,1.5923,165.9646,84.9286,-22.4650,0.0000,6073
3,13,14,35.0,65.0,1.5,0.05,0.18,0.3,131,1.1612,105.3963,53.9342,-21.4450,0.0000,6073
3,13,14,35.0,70.0,1.0,0.03,0.08,0.3,401,1.4750,660.7445,338.1208,-39.3882,0.0000,6073
3,13,14,35.0,70.0,1.0,0.03,0.12,0.3,323,1.4292,529.9407,271.1850,-33.4690,0.0000,6073
3,13,14,35.0,70.0,1.0,0.03,0.18,0.3,256,1.6971,565.9050,289.5889,-29.2487,0.0000,6073
3,13,14,35.0,70.0,1.0,0.05,0.08,0.3,150,1.1303,300.3247,153.6843,-50.2243,0.0000,6073
3,13,14,35.0,70.0,1.0,0.05,0.12,0.3,137,0.9558,168.6013,86.2778,-43.5532,0.0000,6073
3,13,14,35.0,70.0,1.0,0.05,0.18,0.3,148,0.9986,109.6490,56.1104,-24.0250,0.0000,6073
3,13,14,35.0,70.0,1.2,0.03,0.08,0.3,349,1.4074,534.4004,273.4672,-35.2067,0.0000,6073
3,13,14,35.0,70.0,1.2,0.03,0.12,0.3,281,1.4722,463.7352,237.3059,-32.5648,0.0000,6073
3,13,14,35.0,70.0,1.2,0.03,0.18,0.3,219,1.7018,494.4918,253.0449,-28.6754,0.0000,6073
3,13,14,35.0,70.0,1.2,0.05,0.08,0.3,264,1.3959,134.2316,68.6900,-16.6297,0.0000,6073
3,13,14,35.0,70.0,1.2,0.05,0.12,0.3,239,1.5135,184.8566,94.5961,-22.2181,0.0000,6073
3,13,14,35.0,70.0,1.2,0.05,0.18,0.3,133,1.1399,102.5282,52.4665,-18.8577,0.0000,6073
3,13,14,35.0,70.0,1.5,0.03,0.08,0.3,118,1.5287,145.3738,74.3917,-16.9881,0.0000,6073
3,13,14,35.0,70.0,1.5,0.03,0.12,0.3,244,1.4256,421.3906,215.6370,-34.0163,0.0000,6073
3,13,14,35.0,70.0,1.5,0.03,0.18,0.3,180,1.5337,405.1990,207.3513,-29.7419,0.0000,6073
3,13,14,35.0,70.0,1.5,0.05,0.08,0.3,229,1.4336,126.3129,64.6377,-19.7720,0.0000,6073
3,13,14,35.0,70.0,1.5,0.05,0.12,0.3,204,1.5923,165.9646,84.9286,-22.4650,0.0000,6073
3,13,14,35.0,70.0,1.5,0.05,0.18,0.3,131,1.1612,105.3963,53.9342,-21.4450,0.0000,6073
3,20,14,25.0,65.0,1.0,0.03,0.08,0.3,480,0.9092,141.4899,72.4042,-39.6568,0.0000,6073
3,20,14,25.0,65.0,1.0,0.03,0.12,0.3,394,1.1154,167.8804,85.9089,-30.7631,0.0000,6073
3,20,14,25.0,65.0,1.0,0.03,0.18,0.3,285,1.5202,213.3068,109.1548,-24.6329,0.0000,6073
3,20,14,25.0,65.0,1.0,0.05,0.08,0.3,148,1.1182,297.6655,152.3235,-50.8762,0.0000,6073
3,20,14,25.0,65.0,1.0,0.05,0.12,0.3,136,0.9488,166.3694,85.1357,-43.9883,0.0000,6073
3,20,14,25.0,65.0,1.0,0.05,0.18,0.3,148,0.9868,107.5300,55.0260,-24.3020,0.0000,6073
3,20,14,25.0,65.0,1.2,0.03,0.08,0.3,419,0.8752,100.4253,51.3903,-26.8596,0.0000,6073
3,20,14,25.0,65.0,1.2,0.03,0.12,0.3,333,1.1664,126.0856,64.5214,-20.4273,0.0000,6073
3,20,14,25.0,65.0,1.2,0.03,0.18,0.3,238,1.5340,159.6318,81.6879,-16.4863,0.0000,6073
3,20,14,25.0,65.0,1.2,0.05,0.08,0.3,256,1.4629,133.8933,68.5168,-16.6502,0.0000,6073
3,20,14,25.0,65.0,1.2,0.05,0.12,0.3,226,1.5318,176.3230,90.2293,-22.2346,0.0000,6073
3,20,14,25.0,65.0,1.2,0.05,0.18,0.3,131,1.1763,102.4582,52.4306,-18.8577,0.0000,6073
3,20,14,25.0,65.0,1.5,0.03,0.08,0.3,350,0.9097,76.4346,39.1137,-20.4202,0.0000,6073
3,20,14,25.0,65.0,1.5,0.03,0.12,0.3,299,0.9609,73.0770,37.3955,-19.2878,0.0000,6073
3,20,14,25.0,65.0,1.5,0.03,0.18,0.3,196,1.2543,86.0757,44.0473,-16.1795,0.0000,6073
3,20,14,25.0,65.0,1.5,0.05,0.08,0.3,207,1.3595,108.2675,55.4034,-19.8166,0.0000,6073
3,20,14,25.0,65.0,1.5,0.05,0.12,0.3,178,1.4424,167.5674,85.7488,-18.8259,0.0000,6073
3,20,14,25.0,65.0,1.5,0.05,0.18,0.3,119,1.1176,85.2030,43.6007,-21.4450,0.0000,6073
3,20,14,25.0,70.0,1.0,0.03,0.08,0.3,480,0.9092,141.4899,72.4042,-39.6568,0.0000,6073
3,20,14,25.0,70.0,1.0,0.03,0.12,0.3,394,1.1154,167.8804,85.9089,-30.7631,0.0000,6073
3,20,14,25.0,70.0,1.0,0.03,0.18,0.3,285,1.5202,213.3068,109.1548,-24.6329,0.0000,6073
3,20,14,25.0,70.0,1.0,0.05,0.08,0.3,148,1.1182,297.6655,152.3235,-50.8762,0.0000,6073
3,20,14,25.0,70.0,1.0,0.05,0.12,0.3,136,0.9488,166.3694,85.1357,-43.9883,0.0000,6073
3,20,14,25.0,70.0,1.0,0.05,0.18,0.3,148,0.9868,107.5300,55.0260,-24.3020,0.0000,6073
3,20,14,25.0,70.0,1.2,0.03,0.08,0.3,419,0.8752,100.4253,51.3903,-26.8596,0.0000,6073
3,20,14,25.0,70.0,1.2,0.03,0.12,0.3,333,1.1664,126.0856,64.5214,-20.4273,0.0000,6073
3,20,14,25.0,70.0,1.2,0.03,0.18,0.3,238,1.5340,159.6318,81.6879,-16.4863,0.0000,6073
3,20,14,25.0,70.0,1.2,0.05,0.08,0.3,256,1.4629,133.8933,68.5168,-16.6502,0.0000,6073
3,20,14,25.0,70.0,1.2,0.05,0.12,0.3,226,1.5318,176.3230,90.2293,-22.2346,0.0000,6073
3,20,14,25.0,70.0,1.2,0.05,0.18,0.3,131,1.1763,102.4582,52.4306,-18.8577,0.0000,6073
3,20,14,25.0,70.0,1.5,0.03,0.08,0.3,350,0.9097,76.4346,39.1137,-20.4202,0.0000,6073
3,20,14,25.0,70.0,1.5,0.03,0.12,0.3,299,0.9609,73.0770,37.3955,-19.2878,0.0000,6073
3,20,14,25.0,70.0,1.5,0.03,0.18,0.3,196,1.2543,86.0757,44.0473,-16.1795,0.0000,6073
3,20,14,25.0,70.0,1.5,0.05,0.08,0.3,207,1.3595,108.2675,55.4034,-19.8166,0.0000,6073
3,20,14,25.0,70.0,1.5,0.05,0.12,0.3,178,1.4424,167.5674,85.7488,-18.8259,0.0000,6073
3,20,14,25.0,70.0,1.5,0.05,0.18,0.3,119,1.1176,85.2030,43.6007,-21.4450,0.0000,6073
3,20,14,30.0,65.0,1.0,0.03,0.08,0.3,480,0.9092,141.4899,72.4042,-39.6568,0.0000,6073
3,20,14,30.0,65.0,1.0,0.03,0.12,0.3,394,1.1154,167.8804,85.9089,-30.7631,0.0000,6073
3,20,14,30.0,65.0,1.0,0.03,0.18,0.3,285,1.5202,213.3068,109.1548,-24.6329,0.0000,6073
3,20,14,30.0,65.0,1.0,0.05,0.08,0.3,148,1.1182,297.6655,152.3235,-50.8762,0.0000,6073
3,20,14,30.0,65.0,1.0,0.05,0.12,0.3,136,0.9488,166.3694,85.1357,-43.9883,0.0000,6073
3,20,14,30.0,65.0,1.0,0.05,0.18,0.3,148,0.9868,107.5300,55.0260,-24.3020,0.0000,6073
3,20,14,30.0,65.0,1.2,0.03,0.08,0.3,419,0.8752,100.4253,51.3903,-26.8596,0.0000,6073
3,20,14,30.0,65.0,1.2,0.03,0.12,0.3,333,1.1664,126.0856,64.5214,-20.4273,0.0000,6073
3,20,14,30.0,65.0,1.2,0.03,0.18,0.3,238,1.5340,159.6318,81.6879,-16.4863,0.0000,6073
3,20,14,30.0,65.0,1.2,0.05,0.08,0.3,256,1.4629,133.8933,68.5168,-16.6502,0.0000,6073
3,20,14,30.0,65.0,1.2,0.05,0.12,0.3,226,1.5318,176.3230,90.2293,-22.2346,0.0000,6073
3,20,14,30.0,65.0,1.2,0.05,0.18,0.3,131,1.1763,102.4582,52.4306,-18.8577,0.0000,6073
3,20,14,30.0,65.0,1.5,0.03,0.08,0.3,350,0.9097,76.4346,39.1137,-20.4202,0.0000,6073
3,20,14,30.0,65.0,1.5,0.03,0.12,0.3,299,0.9609,73.0770,37.3955,-19.2878,0.0000,6073
3,20,14,30.0,65.0,1.5,0.03,0.18,0.3,196,1.2543,86.0757,44.0473,-16.1795,0.0000,6073
3,20,14,30.0,65.0,1.5,0.05,0.08,0.3,207,1.3595,108.2675,55.4034,-19.8166,0.0000,6073
3,20,14,30.0,65.0,1.5,0.05,0.12,0.3,178,1.4424,167.5674,85.7488,-18.8259,0.0000,6073
3,20,14,30.0,65.0,1.5,0.05,0.18,0.3,119,1.1176,85.2030,43.6007,-21.4450,0.0000,6073
3,20,14,30.0,70.0,1.0,0.03,0.08,0.3,480,0.9092,141.4899,72.4042,-39.6568,0.0000,6073
3,20,14,30.0,70.0,1.0,0.03,0.12,0.3,394,1.1154,167.8804,85.9089,-30.7631,0.0000,6073
3,20,14,30.0,70.0,1.0,0.03,0.18,0.3,285,1.5202,213.3068,109.1548,-24.6329,0.0000,6073
3,20,14,30.0,70.0,1.0,0.05,0.08,0.3,148,1.1182,297.6655,152.3235,-50.8762,0.0000,6073
3,20,14,30.0,70.0,1.0,0.05,0.12,0.3,136,0.9488,166.3694,85.1357,-43.9883,0.0000,6073
3,20,14,30.0,70.0,1.0,0.05,0.18,0.3,148,0.9868,107.5300,55.0260,-24.3020,0.0000,6073
3,20,14,30.0,70.0,1.2,0.03,0.08,0.3,419,0.8752,100.4253,51.3903,-26.8596,0.0000,6073
3,20,14,30.0,70.0,1.2,0.03,0.12,0.3,333,1.1664,126.0856,64.5214,-20.4273,0.0000,6073
3,20,14,30.0,70.0,1.2,0.03,0.18,0.3,238,1.5340,159.6318,81.6879,-16.4863,0.0000,6073
3,20,14,30.0,70.0,1.2,0.05,0.08,0.3,256,1.4629,133.8933,68.5168,-16.6502,0.0000,6073
3,20,14,30.0,70.0,1.2,0.05,0.12,0.3,226,1.5318,176.3230,90.2293,-22.2346,0.0000,6073
3,20,14,30.0,70.0,1.2,0.05,0.18,0.3,131,1.1763,102.4582,52.4306,-18.8577,0.0000,6073
3,20,14,30.0,70.0,1.5,0.03,0.08,0.3,350,0.9097,76.4346,39.1137,-20.4202,0.0000,6073
3,20,14,30.0,70.0,1.5,0.03,0.12,0.3,299,0.9609,73.0770,37.3955,-19.2878,0.0000,6073
3,20,14,30.0,70.0,1.5,0.03,0.18,0.3,196,1.2543,86.0757,44.0473,-16.1795,0.0000,6073
3,20,14,30.0,70.0,1.5,0.05,0.08,0.3,207,1.3595,108.2675,55.4034,-19.8166,0.0000,6073
3,20,14,30.0,70.0,1.5,0.05,0.12,0.3,178,1.4424,167.5674,85.7488,-18.8259,0.0000,6073
3,20,14,30.0,70.0,1.5,0.05,0.18,0.3,119,1.1176,85.2030,43.6007,-21.4450,0.0000,6073
3,20,14,35.0,65.0,1.0,0.03,0.08,0.3,480,0.9092,141.4899,72.4042,-39.6568,0.0000,6073
3,20,14,35.0,65.0,1.0,0.03,0.12,0.3,394,1.1154,167.8804,85.9089,-30.7631,0.0000,6073
3,20,14,35.0,65.0,1.0,0.03,0.18,0.3,285,1.5202,213.3068,109.1548,-24.6329,0.0000,6073
3,20,14,35.0,65.0,1.0,0.05,0.08,0.3,148,1.1182,297.6655,152.3235,-50.8762,0.0000,6073
3,20,14,35.0,65.0,1.0,0.05,0.12,0.3,136,0.9488,166.3694,85.1357,-43.9883,0.0000,6073
3,20,14,35.0,65.0,1.0,0.05,0.18,0.3,148,0.9868,107.5300,55.0260,-24.3020,0.0000,6073
3,20,14,35.0,65.0,1.2,0.03,0.08,0.3,419,0.8752,100.4253,51.3903,-26.8596,0.0000,6073
3,20,14,35.0,65.0,1.2,0.03,0.12,0.3,333,1.1664,126.0856,64.5214,-20.4273,0.0000,6073
3,20,14,35.0,65.0,1.2,0.03,0.18,0.3,238,1.5340,159.6318,81.6879,-16.4863,0.0000,6073
3,20,14,35.0,65.0,1.2,0.05,0.08,0.3,256,1.4629,133.8933,68.5168,-16.6502,0.0000,6073
3,20,14,35.0,65.0,1.2,0.05,0.12,0.3,226,1.5318,176.3230,90.2293,-22.2346,0.0000,6073
3,20,14,35.0,65.0,1.2,0.05,0.18,0.3,131,1.1763,102.4582,52.4306,-18.8577,0.0000,6073
3,20,14,35.0,65.0,1.5,0.03,0.08,0.3,350,0.9097,76.4346,39.1137,-20.4202,0.0000,6073
3,20,14,35.0,65.0,1.5,0.03,0.12,0.3,299,0.9609,73.0770,37.3955,-19.2878,0.0000,6073
3,20,14,35.0,65.0,1.5,0.03,0.18,0.3,196,1.2543,86.0757,44.0473,-16.1795,0.0000,6073
3,20,14,35.0,65.0,1.5,0.05,0.08,0.3,207,1.3595,108.2675,55.4034,-19.8166,0.0000,6073
3,20,14,35.0,65.0,1.5,0.05,0.12,0.3,178,1.4424,167.5674,85.7488,-18.8259,0.0000,6073
3,20,14,35.0,65.0,1.5,0.05,0.18,0.3,119,1.1176,85.2030,43.6007,-21.4450,0.0000,6073
3,20,14,35.0,70.0,1.0,0.03,0.08,0.3,480,0.9092,141.4899,72.4042,-39.6568,0.0000,6073
3,20,14,35.0,70.0,1.0,0.03,0.12,0.3,394,1.1154,167.8804,85.9089,-30.7631,0.0000,6073
3,20,14,35.0,70.0,1.0,0.03,0.18,0.3,285,1.5202,213.3068,109.1548,-24.6329,0.0000,6073
3,20,14,35.0,70.0,1.0,0.05,0.08,0.3,148,1.1182,297.6655,152.3235,-50.8762,0.0000,6073
3,20,14,35.0,70.0,1.0,0.05,0.12,0.3,136,0.9488,166.3694,85.1357,-43.9883,0.0000,6073
3,20,14,35.0,70.0,1.0,0.05,0.18,0.3,148,0.9868,107.5300,55.0260,-24.3020,0.0000,6073
3,20,14,35.0,70.0,1.2,0.03,0.08,0.3,419,0.8752,100.4253,51.3903,-26.8596,0.0000,6073
3,20,14,35.0,70.0,1.2,0.03,0.12,0.3,333,1.1664,126.0856,64.5214,-20.4273,0.0000,6073
3,20,14,35.0,70.0,1.2,0.03,0.18,0.3,238,1.5340,159.6318,81.6879,-16.4863,0.0000,6073
3,20,14,35.0,70.0,1.2,0.05,0.08,0.3,256,1.4629,133.8933,68.5168,-16.6502,0.0000,6073
3,20,14,35.0,70.0,1.2,0.05,0.12,0.3,226,1.5318,176.3230,90.2293,-22.2346,0.0000,6073
3,20,14,35.0,70.0,1.2,0.05,0.18,0.3,131,1.1763,102.4582,52.4306,-18.8577,0.0000,6073
3,20,14,35.0,70.0,1.5,0.03,0.08,0.3,350,0.9097,76.4346,39.1137,-20.4202,0.0000,6073
3,20,14,35.0,70.0,1.5,0.03,0.12,0.3,299,0.9609,73.0770,37.3955,-19.2878,0.0000,6073
3,20,14,35.0,70.0,1.5,0.03,0.18,0.3,196,1.2543,86.0757,44.0473,-16.1795,0.0000,6073
3,20,14,35.0,70.0,1.5,0.05,0.08,0.3,207,1.3595,108.2675,55.4034,-19.8166,0.0000,6073
3,20,14,35.0,70.0,1.5,0.05,0.12,0.3,178,1.4424,167.5674,85.7488,-18.8259,0.0000,6073
3,20,14,35.0,70.0,1.5,0.05,0.18,0.3,119,1.1176,85.2030,43.6007,-21.4450,0.0000,6073
3,30,14,25.0,65.0,1.0,0.03,0.08,0.3,139,1.9448,346.3915,177.2579,-14.4782,0.0000,6073
3,30,14,25.0,65.0,1.0,0.03,0.12,0.3,112,1.9024,275.0757,140.7637,-20.6244,0.0000,6073
3,30,14,25.0,65.0,1.0,0.03,0.18,0.3,65,1.1416,63.6377,32.5652,-25.6222,0.0000,6073
3,30,14,25.0,65.0,1.0,0.05,0.08,0.3,334,1.1004,210.2601,107.5958,-32.1447,0.0000,6073
3,30,14,25.0,65.0,1.0,0.05,0.12,0.3,107,1.4467,212.3132,108.6464,-32.5539,0.0000,6073
3,30,14,25.0,65.0,1.0,0.05,0.18,0.3,171,0.9191,137.6398,70.4340,-39.0255,0.0000,6073
3,30,14,25.0,65.0,1.2,0.03,0.08,0.3,114,1.9524,224.9189,115.0971,-11.8351,0.0000,6073
3,30,14,25.0,65.0,1.2,0.03,0.12,0.3,99,1.6969,175.4972,89.8066,-19.3794,0.0000,6073
3,30,14,25.0,65.0,1.2,0.03,0.18,0.3,63,1.2724,76.0578,38.9208,-21.5783,0.0000,6073
3,30,14,25.0,65.0,1.2,0.05,0.08,0.3,276,1.2055,166.0900,84.9927,-29.0914,0.0000,6073
3,30,14,25.0,65.0,1.2,0.05,0.12,0.3,96,1.2017,154.4010,79.0112,-29.3611,0.0000,6073
3,30,14,25.0,65.0,1.2,0.05,0.18,0.3,154,0.7699,79.5986,40.7327,-42.3989,0.0000,6073
3,30,14,25.0,65.0,1.5,0.03,0.08,0.3,251,1.5759,401.2390,205.3248,-27.6786,0.0000,6073
3,30,14,25.0,65.0,1.5,0.03,0.12,0.3,160,1.1832,294.4386,150.6722,-40.4563,0.0000,6073
3,30,14,25.0,65.0,1.5,0.03,0.18,0.3,169,1.0387,242.0731,123.8754,-44.7329,0.0000,6073
3,30,14,25.0,65.0,1.5,0.05,0.08,0.3,80,1.5829,117.6028,60.1805,-20.1459,0.0000,6073
3,30,14,25.0,65.0,1.5,0.05,0.12,0.3,65,1.5407,112.9665,57.8080,-14.3893,0.0000,6073
3,30,14,25.0,65.0,1.5,0.05,0.18,0.3,137,0.9251,69.5505,35.5909,-32.5879,0.0000,6073
3,30,14,25.0,70.0,1.0,0.03,0.08,0.3,139,1.9448,346.3915,177.2579,-14.4782,0.0000,6073
3,30,14,25.0,70.0,1.0,0.03,0.12,0.3,112,1.9024,275.0757,140.7637,-20.6244,0.0000,6073
3,30,14,25.0,70.0,1.0,0.03,0.18,0.3,65,1.1416,63.6377,32.5652,-25.6222,0.0000,6073
3,30,14,25.0,70.0,1.0,0.05,0.08,0.3,334,1.1004,210.2601,107.5958,-32.1447,0.0000,6073
3,30,14,25.0,70.0,1.0,0.05,0.12,0.3,107,1.4467,212.3132,108.6464,-32.5539,0.0000,6073
3,30,14,25.0,70.0,1.0,0.05,0.18,0.3,171,0.9191,137.6398,70.4340,-39.0255,0.0000,6073
3,30,14,25.0,70.0,1.2,0.03,0.08,0.3,114,1.9524,224.9189,115.0971,-11.8351,0.0000,6073
3,30,14,25.0,70.0,1.2,0.03,0.12,0.3,99,1.6969,175.4972,89.8066,-19.3794,0.0000,6073
3,30,14,25.0,70.0,1.2,0.03,0.18,0.3,63,1.2724,76.0578,38.9208,-21.5783,0.0000,6073
3,30,14,25.0,70.0,1.2,0.05,0.08,0.3,276,1.2055,166.0900,84.9927,-29.0914,0.0000,6073
3,30,14,25.0,70.0,1.2,0.05,0.12,0.3,96,1.2017,154.4010,79.0112,-29.3611,0.0000,6073
3,30,14,25.0,70.0,1.2,0.05,0.18,0.3,154,0.7699,79.5986,40.7327,-42.3989,0.0000,6073
3,30,14,25.0,70.0,1.5,0.03,0.08,0.3,251,1.5759,401.2390,205.3248,-27.6786,0.0000,6073
3,30,14,25.0,70.0,1.5,0.03,0.12,0.3,160,1.1832,294.4386,150.6722,-40.4563,0.0000,6073
3,30,14,25.0,70.0,1.5,0.03,0.18,0.3,169,1.0387,242.0731,123.8754,-44.7329,0.0000,6073
3,30,14,25.0,70.0,1.5,0.05,0.08,0.3,80,1.5829,117.6028,60.1805,-20.1459,0.0000,6073
3,30,14,25.0,70.0,1.5,0.05,0.12,0.3,65,1.5407,112.9665,57.8080,-14.3893,0.0000,6073
3,30,14,25.0,70.0,1.5,0.05,0.18,0.3,137,0.9251,69.5505,35.5909,-32.5879,0.0000,6073
3,30,14,30.0,65.0,1.0,0.03,0.08,0.3,139,1.9448,346.3915,177.2579,-14.4782,0.0000,6073
3,30,14,30.0,65.0,1.0,0.03,0.12,0.3,112,1.9024,275.0757,140.7637,-20.6244,0.0000,6073
3,30,14,30.0,65.0,1.0,0.03,0.18,0.3,65,1.1416,63.6377,32.5652,-25.6222,0.0000,6073
3,30,14,30.0,65.0,1.0,0.05,0.08,0.3,334,1.1004,210.2601,107.5958,-32.1447,0.0000,6073
3,30,14,30.0,65.0,1.0,0.05,0.12,0.3,107,1.4467,212.3132,108.6464,-32.5539,0.0000,6073
3,30,14,30.0,65.0,1.0,0.05,0.18,0.3,171,0.9191,137.6398,70.4340,-39.0255,0.0000,6073
3,30,14,30.0,65.0,1.2,0.03,0.08,0.3,114,1.9524,224.9189,115.0971,-11.8351,0.0000,6073
3,30,14,30.0,65.0,1.2,0.03,0.12,0.3,99,1.6969,175.4972,89.8066,-19.3794,0.0000,6073
3,30,14,30.0,65.0,1.2,0.03,0.18,0.3,63,1.2724,76.0578,38.9208,-21.5783,0.0000,6073
3,30,14,30.0,65.0,1.2,0.05,0.08,0.3,276,1.2055,166.0900,84.9927,-29.0914,0.0000,6073
3,30,14,30.0,65.0,1.2,0.05,0.12,0.3,96,1.2017,154.4010,79.0112,-29.3611,0.0000,6073
3,30,14,30.0,65.0,1.2,0.05,0.18,0.3,154,0.7699,79.5986,40.7327,-42.3989,0.0000,6073
3,30,14,30.0,65.0,1.5,0.03,0.08,0.3,251,1.5759,401.2390,205.3248,-27.6786,0.0000,6073
3,30,14,30.0,65.0,1.5,0.03,0.12,0.3,160,1.1832,294.4386,150.6722,-40.4563,0.0000,6073
3,30,14,30.0,65.0,1.5,0.03,0.18,0.3,169,1.0387,242.0731,123.8754,-44.7329,0.0000,6073
3,30,14,30.0,65.0,1.5,0.05,0.08,0.3,80,1.5829,117.6028,60.1805,-20.1459,0.0000,6073
3,30,14,30.0,65.0,1.5,0.05,0.12,0.3,65,1.5407,112.9665,57.8080,-14.3893,0.0000,6073
3,30,14,30.0,65.0,1.5,0.05,0.18,0.3,137,0.9251,69.5505,35.5909,-32.5879,0.0000,6073
3,30,14,30.0,70.0,1.0,0.03,0.08,0.3,139,1.9448,346.3915,177.2579,-14.4782,0.0000,6073
3,30,14,30.0,70.0,1.0,0.03,0.12,0.3,112,1.9024,275.0757,140.7637,-20.6244,0.0000,6073
3,30,14,30.0,70.0,1.0,0.03,0.18,0.3,65,1.1416,63.6377,32.5652,-25.6222,0.0000,6073
3,30,14,30.0,70.0,1.0,0.05,0.08,0.3,334,1.1004,210.2601,107.5958,-32.1447,0.0000,6073
3,30,14,30.0,70.0,1.0,0.05,0.12,0.3,107,1.4467,212.3132,108.6464,-32.5539,0.0000,6073
3,30,14,30.0,70.0,1.0,0.05,0.18,0.3,171,0.9191,137.6398,70.4340,-39.0255,0.0000,6073
3,30,14,30.0,70.0,1.2,0.03,0.08,0.3,114,1.9524,224.9189,115.0971,-11.8351,0.0000,6073
3,30,14,30.0,70.0,1.2,0.03,0.12,0.3,99,1.6969,175.4972,89.8066,-19.3794,0.0000,6073
3,30,14,30.0,70.0,1.2,0.03,0.18,0.3,63,1.2724,76.0578,38.9208,-21.5783,0.0000,6073
3,30,14,30.0,70.0,1.2,0.05,0.08,0.3,276,1.2055,166.0900,84.9927,-29.0914,0.0000,6073
3,30,14,30.0,70.0,1.2,0.05,0.12,0.3,96,1.2017,154.4010,79.0112,-29.3611,0.0000,6073
3,30,14,30.0,70.0,1.2,0.05,0.18,0.3,154,0.7699,79.5986,40.7327,-42.3989,0.0000,6073
3,30,14,30.0,70.0,1.5,0.03,0.08,0.3,251,1.5759,401.2390,205.3248,-27.6786,0.0000,6073
3,30,14,30.0,70.0,1.5,0.03,0.12,0.3,160,1.1832,294.4386,150.6722,-40.4563,0.0000,6073
3,30,14,30.0,70.0,1.5,0.03,0.18,0.3,169,1.0387,242.0731,123.8754,-44.7329,0.0000,6073
3,30,14,30.0,70.0,1.5,0.05,0.08,0.3,80,1.5829,117.6028,60.1805,-20.1459,0.0000,6073
3,30,14,30.0,70.0,1.5,0.05,0.12,0.3,65,1.5407,112.9665,57.8080,-14.3893,0.0000,6073
3,30,14,30.0,70.0,1.5,0.05,0.18,0.3,137,0.9251,69.5505,35.5909,-32.5879,0.0000,6073
3,30,14,35.0,65.0,1.0,0.03,0.08,0.3,139,1.9448,346.3915,177.2579,-14.4782,0.0000,6073
3,30,14,35.0,65.0,1.0,0.03,0.12,0.3,112,1.9024,275.0757,140.7637,-20.6244,0.0000,6073
3,30,14,35.0,65.0,1.0,0.03,0.18,0.3,65,1.1416,63.6377,32.5652,-25.6222,0.0000,6073
3,30,14,35.0,65.0,1.0,0.05,0.08,0.3,334,1.1004,210.2601,107.5958,-32.1447,0.0000,6073
3,30,14,35.0,65.0,1.0,0.05,0.12,0.3,107,1.4467,212.3132,108.6464,-32.5539,0.0000,6073
3,30,14,35.0,65.0,1.0,0.05,0.18,0.3,171,0.9191,137.6398,70.4340,-39.0255,0.0000,6073
3,30,14,35.0,65.0,1.2,0.03,0.08,0.3,114,1.9524,224.9189,115.0971,-11.8351,0.0000,6073
3,30,14,35.0,65.0,1.2,0.03,0.12,0.3,99,1.6969,175.4972,89.8066,-19.3794,0.0000,6073
3,30,14,35.0,65.0,1.2,0.03,0.18,0.3,63,1.2724,76.0578,38.9208,-21.5783,0.0000,6073
3,30,14,35.0,65.0,1.2,0.05,0.08,0.3,276,1.2055,166.0900,84.9927,-29.0914,0.0000,6073
3,30,14,35.0,65.0,1.2,0.05,0.12,0.3,96,1.2017,154.4010,79.0112,-29.3611,0.0000,6073
3,30,14,35.0,65.0,1.2,0.05,0.18,0.3,154,0.7699,79.5986,40.7327,-42.3989,0.0000,6073
3,30,14,35.0,65.0,1.5,0.03,0.08,0.3,251,1.5759,401.2390,205.3248,-27.6786,0.0000,6073
3,30,14,35.0,65.0,1.5,0.03,0.12,0.3,160,1.1832,294.4386,150.6722,-40.4563,0.0000,6073
3,30,14,35.0,65.0,1.5,0.03,0.18,0.3,169,1.0387,242.0731,123.8754,-44.7329,0.0000,6073
3,30,14,35.0,65.0,1.5,0.05,0.08,0.3,80,1.5829,117.6028,60.1805,-20.1459,0.0000,6073
3,30,14,35.0,65.0,1.5,0.05,0.12,0.3,65,1.5407,112.9665,57.8080,-14.3893,0.0000,6073
3,30,14,35.0,65.0,1.5,0.05,0.18,0.3,137,0.9251,69.5505,35.5909,-32.5879,0.0000,6073
3,30,14,35.0,70.0,1.0,0.03,0.08,0.3,139,1.9448,346.3915,177.2579,-14.4782,0.0000,6073
3,30,14,35.0,70.0,1.0,0.03,0.12,0.3,112,1.9024,275.0757,140.7637,-20.6244,0.0000,6073
3,30,14,35.0,70.0,1.0,0.03,0.18,0.3,65,1.1416,63.6377,32.5652,-25.6222,0.0000,6073
3,30,14,35.0,70.0,1.0,0.05,0.08,0.3,334,1.1004,210.2601,107.5958,-32.1447,0.0000,6073
3,30,14,35.0,70.0,1.0,0.05,0.12,0.3,107,1.4467,212.3132,108.6464,-32.5539,0.0000,6073
3,30,14,35.0,70.0,1.0,0.05,0.18,0.3,171,0.9191,137.6398,70.4340,-39.0255,0.0000,6073
3,30,14,35.0,70.0,1.2,0.03,0.08,0.3,114,1.9524,224.9189,115.0971,-11.8351,0.0000,6073
3,30,14,35.0,70.0,1.2,0.03,0.12,0.3,99,1.6969,175.4972,89.8066,-19.3794,0.0000,6073
3,30,14,35.0,70.0,1.2,0.03,0.18,0.3,63,1.2724,76.0578,38.9208,-21.5783,0.0000,6073
3,30,14,35.0,70.0,1.2,0.05,0.08,0.3,276,1.2055,166.0900,84.9927,-29.0914,0.0000,6073
3,30,14,35.0,70.0,1.2,0.05,0.12,0.3,96,1.2017,154.4010,79.0112,-29.3611,0.0000,6073
3,30,14,35.0,70.0,1.2,0.05,0.18,0.3,154,0.7699,79.5986,40.7327,-42.3989,0.0000,6073
3,30,14,35.0,70.0,1.5,0.03,0.08,0.3,251,1.5759,401.2390,205.3248,-27.6786,0.0000,6073
3,30,14,35.0,70.0,1.5,0.03,0.12,0.3,160,1.1832,294.4386,150.6722,-40.4563,0.0000,6073
3,30,14,35.0,70.0,1.5,0.03,0.18,0.3,169,1.0387,242.0731,123.8754,-44.7329,0.0000,6073
3,30,14,35.0,70.0,1.5,0.05,0.08,0.3,80,1.5829,117.6028,60.1805,-20.1459,0.0000,6073
3,30,14,35.0,70.0,1.5,0.05,0.12,0.3,65,1.5407,112.9665,57.8080,-14.3893,0.0000,6073
3,30,14,35.0,70.0,1.5,0.05,0.18,0.3,137,0.9251,69.5505,35.5909,-32.5879,0.0000,6073
5,13,14,25.0,65.0,1.0,0.03,0.08,0.3,505,0.9917,162.3670,83.0876,-39.3882,0.0000,6073
5,13,14,25.0,65.0,1.0,0.03,0.12,0.3,408,1.0733,156.0715,79.8660,-30.7631,0.0000,6073
5,13,14,25.0,65.0,1.0,0.03,0.18,0.3,299,1.4709,201.1214,102.9193,-23.1717,0.0000,6073
5,13,14,25.0,65.0,1.0,0.05,0.08,0.3,149,1.1198,297.8355,152.4105,-50.8340,0.0000,6073
5,13,14,25.0,65.0,1.0,0.05,0.12,0.3,136,0.9480,166.2638,85.0817,-44.0091,0.0000,6073
5,13,14,25.0,65.0,1.0,0.05,0.18,0.3,148,0.9830,105.4691,53.9714,-24.3020,0.0000,6073
5,13,14,25.0,65.0,1.2,0.03,0.08,0.3,454,0.8490,104.5370,53.4944,-27.6713,0.0000,6073
5,13,14,25.0,65.0,1.2,0.03,0.12,0.3,351,1.0105,107.4730,54.9968,-24.6558,0.0000,6073
5,13,14,25.0,65.0,1.2,0.03,0.18,0.3,254,1.3635,142.2510,72.7937,-21.3266,0.0000,6073
5,13,14,25.0,65.0,1.2,0.05,0.08,0.3,269,1.3953,130.5756,66.8191,-16.6297,0.0000,6073
5,13,14,25.0,65.0,1.2,0.05,0.12,0.3,238,1.5332,187.1804,95.7853,-22.2181,0.0000,6073
5,13,14,25.0,65.0,1.2,0.05,0.18,0.3,133,1.1296,98.2827,50.2939,-18.8577,0.0000,6073
5,13,14,25.0,65.0,1.5,0.03,0.08,0.3,377,1.1639,109.0412,55.7994,-22.2799,0.0000,6073
5,13,14,25.0,65.0,1.5,0.03,0.12,0.3,315,1.1495,97.2690,49.7752,-21.9358,0.0000,6073
5,13,14,25.0,65.0,1.5,0.03,0.18,0.3,202,1.1124,101.4307,51.9048,-21.4168,0.0000,6073
5,13,14,25.0,65.0,1.5,0.05,0.08,0.3,227,1.3886,116.7429,59.7405,-19.7096,0.0000,6073
5,13,14,25.0,65.0,1.5,0.05,0.12,0.3,205,1.5432,158.0041,80.8550,-22.4441,0.0000,6073
5,13,14,25.0,65.0,1.5,0.05,0.18,0.3,120,1.1910,108.1537,55.3452,-21.4450,0.0000,6073
5,13,14,25.0,70.0,1.0,0.03,0.08,0.3,505,0.9917,162.3670,83.0876,-39.3882,0.0000,6073
5,13,14,25.0,70.0,1.0,0.03,0.12,0.3,408,1.0733,156.0715,79.8660,-30.7631,0.0000,6073
5,13,14,25.0,70.0,1.0,0.03,0.18,0.3,299,1.4709,201.1214,102.9193,-23.1717,0.0000,6073
5,13,14,25.0,70.0,1.0,0.05,0.08,0.3,149,1.1198,297.8355,152.4105,-50.8340,0.0000,6073
5,13,14,25.0,70.0,1.0,0.05,0.12,0.3,136,0.9480,166.2638,85.0817,-44.0091,0.0000,6073
5,13,14,25.0,70.0,1.0,0.05,0.18,0.3,148,0.9830,105.4691,53.9714,-24.3020,0.0000,6073
5,13,14,25.0,70.0,1.2,0.03,0.08,0.3,454,0.8490,104.5370,53.4944,-27.6713,0.0000,6073
5,13,14,25.0,70.0,1.2,0.03,0.12,0.3,351,1.0105,107.4730,54.9968,-24.6558,0.0000,6073
5,13,14,25.0,70.0,1.2,0.03,0.18,0.3,254,1.3635,142.2510,72.7937,-21.3266,0.0000,6073
5,13,14,25.0,70.0,1.2,0.05,0.08,0.3,269,1.3953,130.5756,66.8191,-16.6297,0.0000,6073
5,13,14,25.0,70.0,1.2,0.05,0.12,0.3,238,1.5332,187.1804,95.7853,-22.2181,0.0000,6073
5,13,14,25.0,70.0,1.2,0.05,0.18,0.3,133,1.1296,98.2827,50.2939,-18.8577,0.0000,6073
5,13,14,25.0,70.0,1.5,0.03,0.08,0.3,377,1.1639,109.0412,55.7994,-22.2799,0.0000,6073
5,13,14,25.0,70.0,1.5,0.03,0.12,0.3,315,1.1495,97.2690,49.7752,-21.9358,0.0000,6073
5,13,14,25.0,70.0,1.5,0.03,0.18,0.3,202,1.1124,101.4307,51.9048,-21.4168,0.0000,6073
5,13,14,25.0,70.0,1.5,0.05,0.08,0.3,227,1.3886,116.7429,59.7405,-19.7096,0.0000,6073
5,13,14,25.0,70.0,1.5,0.05,0.12,0.3,205,1.5432,158.0041,80.8550,-22.4441,0.0000,6073
5,13,14,25.0,70.0,1.5,0.05,0.18,0.3,120,1.1910,108.1537,55.3452,-21.4450,0.0000,6073
5,13,14,30.0,65.0,1.0,0.03,0.08,0.3,505,0.9917,162.3670,83.0876,-39.3882,0.0000,6073
5,13,14,30.0,65.0,1.0,0.03,0.12,0.3,408,1.0733,156.0715,79.8660,-30.7631,0.0000,6073
5,13,14,30.0,65.0,1.0,0.03,0.18,0.3,299,1.4709,201.1214,102.9193,-23.1717,0.0000,6073
5,13,14,30.0,65.0,1.0,0.05,0.08,0.3,149,1.1198,297.8355,152.4105,-50.8340,0.0000,6073
5,13,14,30.0,65.0,1.0,0.05,0.12,0.3,136,0.9480,166.2638,85.0817,-44.0091,0.0000,6073
5,13,14,30.0,65.0,1.0,0.05,0.18,0.3,148,0.9830,105.4691,53.9714,-24.3020,0.0000,6073
5,13,14,30.0,65.0,1.2,0.03,0.08,0.3,454,0.8490,104.5370,53.4944,-27.6713,0.0000,6073
5,13,14,30.0,65.0,1.2,0.03,0.12,0.3,351,1.0105,107.4730,54.9968,-24.6558,0.0000,6073
5,13,14,30.0,65.0,1.2,0.03,0.18,0.3,254,1.3635,142.2510,72.7937,-21.3266,0.0000,6073
5,13,14,30.0,65.0,1.2,0.05,0.08,0.3,269,1.3953,130.5756,66.8191,-16.6297,0.0000,6073
5,13,14,30.0,65.0,1.2,0.05,0.12,0.3,238,1.5332,187.1804,95.7853,-22.2181,0.0000,6073
5,13,14,30.0,65.0,1.2,0.05,0.18,0.3,133,1.1296,98.2827,50.2939,-18.8577,0.0000,6073
5,13,14,30.0,65.0,1.5,0.03,0.08,0.3,377,1.1639,109.0412,55.7994,-22.2799,0.0000,6073
5,13,14,30.0,65.0,1.5,0.03,0.12,0.3,315,1.1495,97.2690,49.7752,-21.9358,0.0000,6073
5,13,14,30.0,65.0,1.5,0.03,0.18,0.3,202,1.1124,101.4307,51.9048,-21.4168,0.0000,6073
5,13,14,30.0,65.0,1.5,0.05,0.08,0.3,227,1.3886,116.7429,59.7405,-19.7096,0.0000,6073
5,13,14,30.0,65.0,1.5,0.05,0.12,0.3,205,1.5432,158.0041,80.8550,-22.4441,0.0000,6073
5,13,14,30.0,65.0,1.5,0.05,0.18,0.3,120,1.1910,108.1537,55.3452,-21.4450,0.0000,6073
5,13,14,30.0,70.0,1.0,0.03,0.08,0.3,505,0.9917,162.3670,83.0876,-39.3882,0.0000,6073
5,13,14,30.0,70.0,1.0,0.03,0.12,0.3,408,1.0733,156.0715,79.8660,-30.7631,0.0000,6073
5,13,14,30.0,70.0,1.0,0.03,0.18,0.3,299,1.4709,201.1214,102.9193,-23.1717,0.0000,6073
5,13,14,30.0,70.0,1.0,0.05,0.08,0.3,149,1.1198,297.8355,152.4105,-50.8340,0.0000,6073
5,13,14,30.0,70.0,1.0,0.05,0.12,0.3,136,0.9480,166.2638,85.0817,-44.0091,0.0000,6073
5,13,14,30.0,70.0,1.0,0.05,0.18,0.3,148,0.9830,105.4691,53.9714,-24.3020,0.0000,6073
5,13,14,30.0,70.0,1.2,0.03,0.08,0.3,454,0.8490,104.5370,53.4944,-27.6713,0.0000,6073
5,13,14,30.0,70.0,1.2,0.03,0.12,0.3,351,1.0105,107.4730,54.9968,-24.6558,0.0000,6073
5,13,14,30.0,70.0,1.2,0.03,0.18,0.3,254,1.3635,142.2510,72.7937,-21.3266,0.0000,6073
5,13,14,30.0,70.0,1.2,0.05,0.08,0.3,269,1.3953,130.5756,66.8191,-16.6297,0.0000,6073
5,13,14,30.0,70.0,1.2,0.05,0.12,0.3,238,1.5332,187.1804,95.7853,-22.2181,0.0000,6073
5,13,14,30.0,70.0,1.2,0.05,0.18,0.3,133,1.1296,98.2827,50.2939,-18.8577,0.0000,6073
5,13,14,30.0,70.0,1.5,0.03,0.08,0.3,377,1.1639,109.0412,55.7994,-22.2799,0.0000,6073
5,13,14,30.0,70.0,1.5,0.03,0.12,0.3,315,1.1495,97.2690,49.7752,-21.9358,0.0000,6073
5,13,14,30.0,70.0,1.5,0.03,0.18,0.3,202,1.1124,101.4307,51.9048,-21.4168,0.0000,6073
5,13,14,30.0,70.0,1.5,0.05,0.08,0.3,227,1.3886,116.7429,59.7405,-19.7096,0.0000,6073
5,13,14,30.0,70.0,1.5,0.05,0.12,0.3,205,1.5432,158.0041,80.8550,-22.4441,0.0000,6073
5,13,14,30.0,70.0,1.5,0.05,0.18,0.3,120,1.1910,108.1537,55.3452,-21.4450,0.0000,6073
5,13,14,35.0,65.0,1.0,0.03,0.08,0.3,505,0.9917,162.3670,83.0876,-39.3882,0.0000,6073
5,13,14,35.0,65.0,1.0,0.03,0.12,0.3,408,1.0733,156.0715,79.8660,-30.7631,0.0000,6073
5,13,14,35.0,65.0,1.0,0.03,0.18,0.3,299,1.4709,201.1214,102.9193,-23.1717,0.0000,6073
5,13,14,35.0,65.0,1.0,0.05,0.08,0.3,149,1.1198,297.8355,152.4105,-50.8340,0.0000,6073
5,13,14,35.0,65.0,1.0,0.05,0.12,0.3,136,0.9480,166.2638,85.0817,-44.0091,0.0000,6073
5,13,14,35.0,65.0,1.0,0.05,0.18,0.3,148,0.9830,105.4691,53.9714,-24.3020,0.0000,6073
5,13,14,35.0,65.0,1.2,0.03,0.08,0.3,454,0.8490,104.5370,53.4944,-27.6713,0.0000,6073
5,13,14,35.0,65.0,1.2,0.03,0.12,0.3,351,1.0105,107.4730,54.9968,-24.6558,0.0000,6073
5,13,14,35.0,65.0,1.2,0.03,0.18,0.3,254,1.3635,142.2510,72.7937,-21.3266,0.0000,6073
5,13,14,35.0,65.0,1.2,0.05,0.08,0.3,269,1.3953,130.5756,66.8191,-16.6297,0.0000,6073
5,13,14,35.0,65.0,1.2,0.05,0.12,0.3,238,1.5332,187.1804,95.7853,-22.2181,0.0000,6073
5,13,14,35.0,65.0,1.2,0.05,0.18,0.3,133,1.1296,98.2827,50.2939,-18.8577,0.0000,6073
5,13,14,35.0,65.0,1.5,0.03,0.08,0.3,377,1.1639,109.0412,55.7994,-22.2799,0.0000,6073
5,13,14,35.0,65.0,1.5,0.03,0.12,0.3,315,1.1495,97.2690,49.7752,-21.9358,0.0000,6073
5,13,14,35.0,65.0,1.5,0.03,0.18,0.3,202,1.1124,101.4307,51.9048,-21.4168,0.0000,6073
5,13,14,35.0,65.0,1.5,0.05,0.08,0.3,227,1.3886,116.7429,59.7405,-19.7096,0.0000,6073
5,13,14,35.0,65.0,1.5,0.05,0.12,0.3,205,1.5432,158.0041,80.8550,-22.4441,0.0000,6073
5,13,14,35.0,65.0,1.5,0.05,0.18,0.3,120,1.1910,108.1537,55.3452,-21.4450,0.0000,6073
5,13,14,35.0,70.0,1.0,0.03,0.08,0.3,505,0.9917,162.3670,83.0876,-39.3882,0.0000,6073
5,13,14,35.0,70.0,1.0,0.03,0.12,0.3,408,1.0733,156.0715,79.8660,-30.7631,0.0000,6073
5,13,14,35.0,70.0,1.0,0.03,0.18,0.3,299,1.4709,201.1214,102.9193,-23.1717,0.0000,6073
5,13,14,35.0,70.0,1.0,0.05,0.08,0.3,149,1.1198,297.8355,152.4105,-50.8340,0.0000,6073
5,13,14,35.0,70.0,1.0,0.05,0.12,0.3,136,0.9480,166.2638,85.0817,-44.0091,0.0000,6073
5,13,14,35.0,70.0,1.0,0.05,0.18,0.3,148,0.9830,105.4691,53.9714,-24.3020,0.0000,6073
5,13,14,35.0,70.0,1.2,0.03,0.08,0.3,454,0.8490,104.5370,53.4944,-27.6713,0.0000,6073
5,13,14,35.0,70.0,1.2,0.03,0.12,0.3,351,1.0105,107.4730,54.9968,-24.6558,0.0000,6073
5,13,14,35.0,70.0,1.2,0.03,0.18,0.3,254,1.3635,142.2510,72.7937,-21.3266,0.0000,6073
5,13,14,35.0,70.0,1.2,0.05,0.08,0.3,269,1.3953,130.5756,66.8191,-16.6297,0.0000,6073
5,13,14,35.0,70.0,1.2,0.05,0.12,0.3,238,1.5332,187.1804,95.7853,-22.2181,0.0000,6073
5,13,14,35.0,70.0,1.2,0.05,0.18,0.3,133,1.1296,98.2827,50.2939,-18.8577,0.0000,6073
5,13,14,35.0,70.0,1.5,0.03,0.08,0.3,377,1.1639,109.0412,55.7994,-22.2799,0.0000,6073
5,13,14,35.0,70.0,1.5,0.03,0.12,0.3,315,1.1495,97.2690,49.7752,-21.9358,0.0000,6073
5,13,14,35.0,70.0,1.5,0.03,0.18,0.3,202,1.1124,101.4307,51.9048,-21.4168,0.0000,6073
5,13,14,35.0,70.0,1.5,0.05,0.08,0.3,227,1.3886,116.7429,59.7405,-19.7096,0.0000,6073
5,13,14,35.0,70.0,1.5,0.05,0.12,0.3,205,1.5432,158.0041,80.8550,-22.4441,0.0000,6073
5,13,14,35.0,70.0,1.5,0.05,0.18,0.3,120,1.1910,108.1537,55.3452,-21.4450,0.0000,6073
5,20,14,25.0,65.0,1.0,0.03,0.08,0.3,481,0.8690,133.4443,68.2871,-39.6568,0.0000,6073
5,20,14,25.0,65.0,1.0,0.03,0.12,0.3,394,1.0925,161.8871,82.8420,-30.7631,0.0000,6073
5,20,14,25.0,65.0,1.0,0.03,0.18,0.3,285,1.4951,207.4932,106.1799,-25.5797,0.0000,6073
5,20,14,25.0,65.0,1.0,0.05,0.08,0.3,148,1.0602,293.2143,150.0457,-54.4255,0.0000,6073
5,20,14,25.0,65.0,1.0,0.05,0.12,0.3,136,0.8936,160.9990,82.3876,-47.3702,0.0000,6073
5,20,14,25.0,65.0,1.0,0.05,0.18,0.3,149,0.9356,101.9081,52.1491,-27.4015,0.0000,6073
5,20,14,25.0,65.0,1.2,0.03,0.08,0.3,416,0.7140,81.5591,41.7360,-26.8596,0.0000,6073
5,20,14,25.0,65.0,1.2,0.03,0.12,0.3,328,1.0540,111.5172,57.0664,-20.7263,0.0000,6073
5,20,14,25.0,65.0,1.2,0.03,0.18,0.3,234,1.4320,147.8631,75.6656,-17.8937,0.0000,6073
5,20,14,25.0,65.0,1.2,0.05,0.08,0.3,132,1.1508,231.2164,118.3197,-45.6371,0.0000,6073
5,20,14,25.0,65.0,1.2,0.05,0.12,0.3,119,1.0241,153.9435,78.7771,-40.8554,0.0000,6073
5,20,14,25.0,65.0,1.2,0.05,0.18,0.3,130,1.0752,101.0928,51.7319,-25.4257,0.0000,6073
5,20,14,25.0,65.0,1.5,0.03,0.08,0.3,347,0.8658,72.2827,36.9890,-19.9655,0.0000,6073
5,20,14,25.0,65.0,1.5,0.03,0.12,0.3,289,1.0849,76.1717,38.9791,-17.9868,0.0000,6073
5,20,14,25.0,65.0,1.5,0.03,0.18,0.3,196,1.2814,85.7724,43.8921,-14.4274,0.0000,6073
5,20,14,25.0,65.0,1.5,0.05,0.08,0.3,99,1.1543,130.6541,66.8593,-31.7677,0.0000,6073
5,20,14,25.0,65.0,1.5,0.05,0.12,0.3,87,0.9449,95.1583,48.6951,-31.6410,0.0000,6073
5,20,14,25.0,65.0,1.5,0.05,0.18,0.3,106,1.0329,81.1379,41.5204,-21.4450,0.0000,6073
5,20,14,25.0,70.0,1.0,0.03,0.08,0.3,481,0.8690,133.4443,68.2871,-39.6568,0.0000,6073
5,20,14,25.0,70.0,1.0,0.03,0.12,0.3,394,1.0925,161.8871,82.8420,-30.7631,0.0000,6073
5,20,14,25.0,70.0,1.0,0.03,0.18,0.3,285,1.4951,207.4932,106.1799,-25.5797,0.0000,6073
5,20,14,25.0,70.0,1.0,0.05,0.08,0.3,148,1.0602,293.2143,150.0457,-54.4255,0.0000,6073
5,20,14,25.0,70.0,1.0,0.05,0.12,0.3,136,0.8936,160.9990,82.3876,-47.3702,0.0000,6073
5,20,14,25.0,70.0,1.0,0.05,0.18,0.3,149,0.9356,101.9081,52.1491,-27.4015,0.0000,6073
5,20,14,25.0,70.0,1.2,0.03,0.08,0.3,416,0.7140,81.5591,41.7360,-26.8596,0.0000,6073
5,20,14,25.0,70.0,1.2,0.03,0.12,0.3,328,1.0540,111.5172,57.0664,-20.7263,0.0000,6073
5,20,14,25.0,70.0,1.2,0.03,0.18,0.3,234,1.4320,147.8631,75.6656,-17.8937,0.0000,6073
5,20,14,25.0,70.0,1.2,0.05,0.08,0.3,132,1.1508,231.2164,118.3197,-45.6371,0.0000,6073
5,20,14,25.0,70.0,1.2,0.05,0.12,0.3,119,1.0241,153.9435,78.7771,-40.8554,0.0000,6073
5,20,14,25.0,70.0,1.2,0.05,0.18,0.3,130,1.0752,101.0928,51.7319,-25.4257,0.0000,6073
5,20,14,25.0,70.0,1.5,0.03,0.08,0.3,347,0.8658,72.2827,36.9890,-19.9655,0.0000,6073
5,20,14,25.0,70.0,1.5,0.03,0.12,0.3,289,1.0849,76.1717,38.9791,-17.9868,0.0000,6073
5,20,14,25.0,70.0,1.5,0.03,0.18,0.3,196,1.2814,85.7724,43.8921,-14.4274,0.0000,6073
5,20,14,25.0,70.0,1.5,0.05,0.08,0.3,99,1.1543,130.6541,66.8593,-31.7677,0.0000,6073
5,20,14,25.0,70.0,1.5,0.05,0.12,0.3,87,0.9449,95.1583,48.6951,-31.6410,0.0000,6073
5,20,14,25.0,70.0,1.5,0.05,0.18,0.3,106,1.0329,81.1379,41.5204,-21.4450,0.0000,6073
5,20,14,30.0,65.0,1.0,0.03,0.08,0.3,481,0.8690,133.4443,68.2871,-39.6568,0.0000,6073
5,20,14,30.0,65.0,1.0,0.03,0.12,0.3,394,1.0925,161.8871,82.8420,-30.7631,0.0000,6073
5,20,14,30.0,65.0,1.0,0.03,0.18,0.3,285,1.4951,207.4932,106.1799,-25.5797,0.0000,6073
5,20,14,30.0,65.0,1.0,0.05,0.08,0.3,148,1.0602,293.2143,150.0457,-54.4255,0.0000,6073
5,20,14,30.0,65.0,1.0,0.05,0.12,0.3,136,0.8936,160.9990,82.3876,-47.3702,0.0000,6073
5,20,14,30.0,65.0,1.0,0.05,0.18,0.3,149,0.9356,101.9081,52.1491,-27.4015,0.0000,6073
5,20,14,30.0,65.0,1.2,0.03,0.08,0.3,416,0.7140,81.5591,41.7360,-26.8596,0.0000,6073
5,20,14,30.0,65.0,1.2,0.03,0.12,0.3,328,1.0540,111.5172,57.0664,-20.7263,0.0000,6073
5,20,14,30.0,65.0,1.2,0.03,0.18,0.3,234,1.4320,147.8631,75.6656,-17.8937,0.0000,6073
5,20,14,30.0,65.0,1.2,0.05,0.08,0.3,132,1.1508,231.2164,118.3197,-45.6371,0.0000,6073
5,20,14,30.0,65.0,1.2,0.05,0.12,0.3,119,1.0241,153.9435,78.7771,-40.8554,0.0000,6073
5,20,14,30.0,65.0,1.2,0.05,0.18,0.3,130,1.0752,101.0928,51.7319,-25.4257,0.0000,6073
5,20,14,30.0,65.0,1.5,0.03,0.08,0.3,347,0.8658,72.2827,36.9890,-19.9655,0.0000,6073
5,20,14,30.0,65.0,1.5,0.03,0.12,0.3,289,1.0849,76.1717,38.9791,-17.9868,0.0000,6073
5,20,14,30.0,65.0,1.5,0.03,0.18,0.3,196,1.2814,85.7724,43.8921,-14.4274,0.0000,6073
5,20,14,30.0,65.0,1.5,0.05,0.08,0.3,99,1.1543,130.6541,66.8593,-31.7677,0.0000,6073
5,20,14,30.0,65.0,1.5,0.05,0.12,0.3,87,0.9449,95.1583,48.6951,-31.6410,0.0000,6073
5,20,14,30.0,65.0,1.5,0.05,0.18,0.3,106,1.0329,81.1379,41.5204,-21.4450,0.0000,6073
5,20,14,30.0,70.0,1.0,0.03,0.08,0.3,481,0.8690,133.4443,68.2871,-39.6568,0.0000,6073
5,20,14,30.0,70.0,1.0,0.03,0.12,0.3,394,1.0925,161.8871,82.8420,-30.7631,0.0000,6073
5,20,14,30.0,70.0,1.0,0.03,0.18,0.3,285,1.4951,207.4932,106.1799,-25.5797,0.0000,6073
5,20,14,30.0,70.0,1.0,0.05,0.08,0.3,148,1.0602,293.2143,150.0457,-54.4255,0.0000,6073
5,20,14,30.0,70.0,1.0,0.05,0.12,0.3,136,0.8936,160.9990,82.3876,-47.3702,0.0000,6073
5,20,14,30.0,70.0,1.0,0.05,0.18,0.3,149,0.9356,101.9081,52.1491,-27.4015,0.0000,6073
5,20,14,30.0,70.0,1.2,0.03,0.08,0.3,416,0.7140,81.5591,41.7360,-26.8596,0.0000,6073
5,20,14,30.0,70.0,1.2,0.03,0.12,0.3,328,1.0540,111.5172,57.0664,-20.7263,0.0000,6073
5,20,14,30.0,70.0,1.2,0.03,0.18,0.3,234,1.4320,147.8631,75.6656,-17.8937,0.0000,6073
5,20,14,30.0,70.0,1.2,0.05,0.08,0.3,132,1.1508,231.2164,118.3197,-45.6371,0.0000,6073
5,20,14,30.0,70.0,1.2,0.05,0.12,0.3,119,1.0241,153.9435,78.7771,-40.8554,0.0000,6073
5,20,14,30.0,70.0,1.2,0.05,0.18,0.3,130,1.0752,101.0928,51.7319,-25.4257,0.0000,6073
5,20,14,30.0,70.0,1.5,0.03,0.08,0.3,347,0.8658,72.2827,36.9890,-19.9655,0.0000,6073
5,20,14,30.0,70.0,1.5,0.03,0.12,0.3,289,1.0849,76.1717,38.9791,-17.9868,0.0000,6073
5,20,14,30.0,70.0,1.5,0.03,0.18,0.3,196,1.2814,85.7724,43.8921,-14.4274,0.0000,6073
5,20,14,30.0,70.0,1.5,0.05,0.08,0.3,99,1.1543,130.6541,66.8593,-31.7677,0.0000,6073
5,20,14,30.0,70.0,1.5,0.05,0.12,0.3,87,0.9449,95.1583,48.6951,-31.6410,0.0000,6073
5,20,14,30.0,70.0,1.5,0.05,0.18,0.3,106,1.0329,81.1379,41.5204,-21.4450,0.0000,6073
5,20,14,35.0,65.0,1.0,0.03,0.08,0.3,481,0.8690,133.4443,68.2871,-39.6568,0.0000,6073
5,20,14,35.0,65.0,1.0,0.03,0.12,0.3,394,1.0925,161.8871,82.8420,-30.7631,0.0000,6073
5,20,14,35.0,65.0,1.0,0.03,0.18,0.3,285,1.4951,207.4932,106.1799,-25.5797,0.0000,6073
5,20,14,35.0,65.0,1.0,0.05,0.08,0.3,148,1.0602,293.2143,150.0457,-54.4255,0.0000,6073
5,20,14,35.0,65.0,1.0,0.05,0.12,0.3,136,0.8936,160.9990,82.3876,-47.3702,0.0000,6073
5,20,14,35.0,65.0,1.0,0.05,0.18,0.3,149,0.9356,101.9081,52.1491,-27.4015,0.0000,6073
5,20,14,35.0,65.0,1.2,0.03,0.08,0.3,416,0.7140,81.5591,41.7360,-26.8596,0.0000,6073
5,20,14,35.0,65.0,1.2,0.03,0.12,0.3,328,1.0540,111.5172,57.0664,-20.7263,0.0000,6073
5,20,14,35.0,65.0,1.2,0.03,0.18,0.3,234,1.4320,147.8631,75.6656,-17.8937,0.0000,6073
5,20,14,35.0,65.0,1.2,0.05,0.08,0.3,132,1.1508,231.2164,118.3197,-45.6371,0.0000,6073
5,20,14,35.0,65.0,1.2,0.05,0.12,0.3,119,1.0241,153.9435,78.7771,-40.8554,0.0000,6073
5,20,14,35.0,65.0,1.2,0.05,0.18,0.3,130,1.0752,101.0928,51.7319,-25.4257,0.0000,6073
5,20,14,35.0,65.0,1.5,0.03,0.08,0.3,347,0.8658,72.2827,36.9890,-19.9655,0.0000,6073
5,20,14,35.0,65.0,1.5,0.03,0.12,0.3,289,1.0849,76.1717,38.9791,-17.9868,0.0000,6073
5,20,14,35.0,65.0,1.5,0.03,0.18,0.3,196,1.2814,85.7724,43.8921,-14.4274,0.0000,6073
5,20,14,35.0,65.0,1.5,0.05,0.08,0.3,99,1.1543,130.6541,66.8593,-31.7677,0.0000,6073
5,20,14,35.0,65.0,1.5,0.05,0.12,0.3,87,0.9449,95.1583,48.6951,-31.6410,0.0000,6073
5,20,14,35.0,65.0,1.5,0.05,0.18,0.3,106,1.0329,81.1379,41.5204,-21.4450,0.0000,6073
5,20,14,35.0,70.0,1.0,0.03,0.08,0.3,481,0.8690,133.4443,68.2871,-39.6568,0.0000,6073
5,20,14,35.0,70.0,1.0,0.03,0.12,0.3,394,1.0925,161.8871,82.8420,-30.7631,0.0000,6073
5,20,14,35.0,70.0,1.0,0.03,0.18,0.3,285,1.4951,207.4932,106.1799,-25.5797,0.0000,6073
5,20,14,35.0,70.0,1.0,0.05,0.08,0.3,148,1.0602,293.2143,150.0457,-54.4255,0.0000,6073
5,20,14,35.0,70.0,1.0,0.05,0.12,0.3,136,0.8936,160.9990,82.3876,-47.3702,0.0000,6073
5,20,14,35.0,70.0,1.0,0.05,0.18,0.3,149,0.9356,101.9081,52.1491,-27.4015,0.0000,6073
5,20,14,35.0,70.0,1.2,0.03,0.08,0.3,416,0.7140,81.5591,41.7360,-26.8596,0.0000,6073
5,20,14,35.0,70.0,1.2,0.03,0.12,0.3,328,1.0540,111.5172,57.0664,-20.7263,0.0000,6073
5,20,14,35.0,70.0,1.2,0.03,0.18,0.3,234,1.4320,147.8631,75.6656,-17.8937,0.0000,6073
5,20,14,35.0,70.0,1.2,0.05,0.08,0.3,132,1.1508,231.2164,118.3197,-45.6371,0.0000,6073
5,20,14,35.0,70.0,1.2,0.05,0.12,0.3,119,1.0241,153.9435,78.7771,-40.8554,0.0000,6073
5,20,14,35.0,70.0,1.2,0.05,0.18,0.3,130,1.0752,101.0928,51.7319,-25.4257,0.0000,6073
5,20,14,35.0,70.0,1.5,0.03,0.08,0.3,347,0.8658,72.2827,36.9890,-19.9655,0.0000,6073
5,20,14,35.0,70.0,1.5,0.03,0.12,0.3,289,1.0849,76.1717,38.9791,-17.9868,0.0000,6073
5,20,14,35.0,70.0,1.5,0.03,0.18,0.3,196,1.2814,85.7724,43.8921,-14.4274,0.0000,6073
5,20,14,35.0,70.0,1.5,0.05,0.08,0.3,99,1.1543,130.6541,66.8593,-31.7677,0.0000,6073
5,20,14,35.0,70.0,1.5,0.05,0.12,0.3,87,0.9449,95.1583,48.6951,-31.6410,0.0000,6073
5,20,14,35.0,70.0,1.5,0.05,0.18,0.3,106,1.0329,81.1379,41.5204,-21.4450,0.0000,6073
5,30,14,25.0,65.0,1.0,0.03,0.08,0.3,150,1.9483,346.4377,177.2816,-14.5400,0.0000,6073
5,30,14,25.0,65.0,1.0,0.03,0.12,0.3,276,1.0031,632.7142,323.7770,-63.2288,0.0000,6073
5,30,14,25.0,65.0,1.0,0.03,0.18,0.3,261,0.5799,436.7746,223.5094,-79.7752,0.0000,6073
5,30,14,25.0,65.0,1.0,0.05,0.08,0.3,338,1.0363,203.3089,104.0387,-36.1947,0.0000,6073
5,30,14,25.0,65.0,1.0,0.05,0.12,0.3,107,1.4467,212.3132,108.6464,-32.5539,0.0000,6073
5,30,14,25.0,65.0,1.0,0.05,0.18,0.3,175,0.8310,135.6172,69.3990,-46.1900,0.0000,6073
5,30,14,25.0,65.0,1.2,0.03,0.08,0.3,124,1.9618,225.4055,115.3461,-11.8952,0.0000,6073
5,30,14,25.0,65.0,1.2,0.03,0.12,0.3,341,1.0552,134.5655,68.8608,-30.8431,0.0000,6073
5,30,14,25.0,65.0,1.2,0.03,0.18,0.3,249,1.1482,103.9165,53.1769,-23.6157,0.0000,6073
5,30,14,25.0,65.0,1.2,0.05,0.08,0.3,286,1.0966,158.3224,81.0179,-33.4562,0.0000,6073
5,30,14,25.0,65.0,1.2,0.05,0.12,0.3,96,1.2030,154.5284,79.0764,-29.3611,0.0000,6073
5,30,14,25.0,65.0,1.2,0.05,0.18,0.3,158,0.6883,80.6410,41.2662,-49.3988,0.0000,6073
5,30,14,25.0,65.0,1.5,0.03,0.08,0.3,243,1.5652,400.2011,204.7938,-27.8090,0.0000,6073
5,30,14,25.0,65.0,1.5,0.03,0.12,0.3,161,1.1829,294.9858,150.9522,-40.3397,0.0000,6073
5,30,14,25.0,65.0,1.5,0.03,0.18,0.3,164,0.9715,235.7303,120.6296,-49.1742,0.0000,6073
5,30,14,25.0,65.0,1.5,0.05,0.08,0.3,79,1.6150,115.5746,59.1426,-20.2955,0.0000,6073
5,30,14,25.0,65.0,1.5,0.05,0.12,0.3,65,1.5429,113.0939,57.8732,-14.3777,0.0000,6073
5,30,14,25.0,65.0,1.5,0.05,0.18,0.3,126,0.8757,77.1347,39.4719,-38.6694,0.0000,6073
5,30,14,25.0,70.0,1.0,0.03,0.08,0.3,150,1.9483,346.4377,177.2816,-14.5400,0.0000,6073
5,30,14,25.0,70.0,1.0,0.03,0.12,0.3,276,1.0031,632.7142,323.7770,-63.2288,0.0000,6073
5,30,14,25.0,70.0,1.0,0.03,0.18,0.3,261,0.5799,436.7746,223.5094,-79.7752,0.0000,6073
5,30,14,25.0,70.0,1.0,0.05,0.08,0.3,338,1.0363,203.3089,104.0387,-36.1947,0.0000,6073
5,30,14,25.0,70.0,1.0,0.05,0.12,0.3,107,1.4467,212.3132,108.6464,-32.5539,0.0000,6073
5,30,14,25.0,70.0,1.0,0.05,0.18,0.3,175,0.8310,135.6172,69.3990,-46.1900,0.0000,6073
5,30,14,25.0,70.0,1.2,0.03,0.08,0.3,124,1.9618,225.4055,115.3461,-11.8952,0.0000,6073
5,30,14,25.0,70.0,1.2,0.03,0.12,0.3,341,1.0552,134.5655,68.8608,-30.8431,0.0000,6073
5,30,14,25.0,70.0,1.2,0.03,0.18,0.3,249,1.1482,103.9165,53.1769,-23.6157,0.0000,6073
5,30,14,25.0,70.0,1.2,0.05,0.08,0.3,286,1.0966,158.3224,81.0179,-33.4562,0.0000,6073
5,30,14,25.0,70.0,1.2,0.05,0.12,0.3,96,1.2030,154.5284,79.0764,-29.3611,0.0000,6073
5,30,14,25.0,70.0,1.2,0.05,0.18,0.3,158,0.6883,80.6410,41.2662,-49.3988,0.0000,6073
5,30,14,25.0,70.0,1.5,0.03,0.08,0.3,243,1.5652,400.2011,204.7938,-27.8090,0.0000,6073
5,30,14,25.0,70.0,1.5,0.03,0.12,0.3,161,1.1829,294.9858,150.9522,-40.3397,0.0000,6073
5,30,14,25.0,70.0,1.5,0.03,0.18,0.3,164,0.9715,235.7303,120.6296,-49.1742,0.0000,6073
5,30,14,25.0,70.0,1.5,0.05,0.08,0.3,79,1.6150,115.5746,59.1426,-20.2955,0.0000,6073
5,30,14,25.0,70.0,1.5,0.05,0.12,0.3,65,1.5429,113.0939,57.8732,-14.3777,0.0000,6073
5,30,14,25.0,70.0,1.5,0.05,0.18,0.3,126,0.8757,77.1347,39.4719,-38.6694,0.0000,6073
5,30,14,30.0,65.0,1.0,0.03,0.08,0.3,150,1.9483,346.4377,177.2816,-14.5400,0.0000,6073
5,30,14,30.0,65.0,1.0,0.03,0.12,0.3,276,1.0031,632.7142,323.7770,-63.2288,0.0000,6073
5,30,14,30.0,65.0,1.0,0.03,0.18,0.3,261,0.5799,436.7746,223.5094,-79.7752,0.0000,6073
5,30,14,30.0,65.0,1.0,0.05,0.08,0.3,338,1.0363,203.3089,104.0387,-36.1947,0.0000,6073
5,30,14,30.0,65.0,1.0,0.05,0.12,0.3,107,1.4467,212.3132,108.6464,-32.5539,0.0000,6073
5,30,14,30.0,65.0,1.0,0.05,0.18,0.3,175,0.8310,135.6172,69.3990,-46.1900,0.0000,6073
5,30,14,30.0,65.0,1.2,0.03,0.08,0.3,124,1.9618,225.4055,115.3461,-11.8952,0.0000,6073
5,30,14,30.0,65.0,1.2,0.03,0.12,0.3,341,1.0552,134.5655,68.8608,-30.8431,0.0000,6073
5,30,14,30.0,65.0,1.2,0.03,0.18,0.3,249,1.1482,103.9165,53.1769,-23.6157,0.0000,6073
5,30,14,30.0,65.0,1.2,0.05,0.08,0.3,286,1.0966,158.3224,81.0179,-33.4562,0.0000,6073
5,30,14,30.0,65.0,1.2,0.05,0.12,0.3,96,1.2030,154.5284,79.0764,-29.3611,0.0000,6073
5,30,14,30.0,65.0,1.2,0.05,0.18,0.3,158,0.6883,80.6410,41.2662,-49.3988,0.0000,6073
5,30,14,30.0,65.0,1.5,0.03,0.08,0.3,243,1.5652,400.2011,204.7938,-27.8090,0.0000,6073
5,30,14,30.0,65.0,1.5,0.03,0.12,0.3,161,1.1829,294.9858,150.9522,-40.3397,0.0000,6073
5,30,14,30.0,65.0,1.5,0.03,0.18,0.3,164,0.9715,235.7303,120.6296,-49.1742,0.0000,6073
5,30,14,30.0,65.0,1.5,0.05,0.08,0.3,79,1.6150,115.5746,59.1426,-20.2955,0.0000,6073
5,30,14,30.0,65.0,1.5,0.05,0.12,0.3,65,1.5429,113.0939,57.8732,-14.3777,0.0000,6073
5,30,14,30.0,65.0,1.5,0.05,0.18,0.3,126,0.8757,77.1347,39.4719,-38.6694,0.0000,6073
5,30,14,30.0,70.0,1.0,0.03,0.08,0.3,150,1.9483,346.4377,177.2816,-14.5400,0.0000,6073
5,30,14,30.0,70.0,1.0,0.03,0.12,0.3,276,1.0031,632.7142,323.7770,-63.2288,0.0000,6073
5,30,14,30.0,70.0,1.0,0.03,0.18,0.3,261,0.5799,436.7746,223.5094,-79.7752,0.0000,6073
5,30,14,30.0,70.0,1.0,0.05,0.08,0.3,338,1.0363,203.3089,104.0387,-36.1947,0.0000,6073
5,30,14,30.0,70.0,1.0,0.05,0.12,0.3,107,1.4467,212.3132,108.6464,-32.5539,0.0000,6073
5,30,14,30.0,70.0,1.0,0.05,0.18,0.3,175,0.8310,135.6172,69.3990,-46.1900,0.0000,6073
5,30,14,30.0,70.0,1.2,0.03,0.08,0.3,124,1.9618,225.4055,115.3461,-11.8952,0.0000,6073
5,30,14,30.0,70.0,1.2,0.03,0.12,0.3,341,1.0552,134.5655,68.8608,-30.8431,0.0000,6073
5,30,14,30.0,70.0,1.2,0.03,0.18,0.3,249,1.1482,103.9165,53.1769,-23.6157,0.0000,6073
5,30,14,30.0,70.0,1.2,0.05,0.08,0.3,286,1.0966,158.3224,81.0179,-33.4562,0.0000,6073
5,30,14,30.0,70.0,1.2,0.05,0.12,0.3,96,1.2030,154.5284,79.0764,-29.3611,0.0000,6073
5,30,14,30.0,70.0,1.2,0.05,0.18,0.3,158,0.6883,80.6410,41.2662,-49.3988,0.0000,6073
5,30,14,30.0,70.0,1.5,0.03,0.08,0.3,243,1.5652,400.2011,204.7938,-27.8090,0.0000,6073
5,30,14,30.0,70.0,1.5,0.03,0.12,0.3,161,1.1829,294.9858,150.9522,-40.3397,0.0000,6073
5,30,14,30.0,70.0,1.5,0.03,0.18,0.3,164,0.9715,235.7303,120.6296,-49.1742,0.0000,6073
5,30,14,30.0,70.0,1.5,0.05,0.08,0.3,79,1.6150,115.5746,59.1426,-20.2955,0.0000,6073
5,30,14,30.0,70.0,1.5,0.05,0.12,0.3,65,1.5429,113.0939,57.8732,-14.3777,0.0000,6073
5,30,14,30.0,70.0,1.5,0.05,0.18,0.3,126,0.8757,77.1347,39.4719,-38.6694,0.0000,6073
5,30,14,35.0,65.0,1.0,0.03,0.08,0.3,150,1.9483,346.4377,177.2816,-14.5400,0.0000,6073
5,30,14,35.0,65.0,1.0,0.03,0.12,0.3,276,1.0031,632.7142,323.7770,-63.2288,0.0000,6073
5,30,14,35.0,65.0,1.0,0.03,0.18,0.3,261,0.5799,436.7746,223.5094,-79.7752,0.0000,6073
5,30,14,35.0,65.0,1.0,0.05,0.08,0.3,338,1.0363,203.3089,104.0387,-36.1947,0.0000,6073
5,30,14,35.0,65.0,1.0,0.05,0.12,0.3,107,1.4467,212.3132,108.6464,-32.5539,0.0000,6073
5,30,14,35.0,65.0,1.0,0.05,0.18,0.3,175,0.8310,135.6172,69.3990,-46.1900,0.0000,6073
5,30,14,35.0,65.0,1.2,0.03,0.08,0.3,124,1.9618,225.4055,115.3461,-11.8952,0.0000,6073
5,30,14,35.0,65.0,1.2,0.03,0.12,0.3,341,1.0552,134.5655,68.8608,-30.8431,0.0000,6073
5,30,14,35.0,65.0,1.2,0.03,0.18,0.3,249,1.1482,103.9165,53.1769,-23.6157,0.0000,6073
5,30,14,35.0,65.0,1.2,0.05,0.08,0.3,286,1.0966,158.3224,81.0179,-33.4562,0.0000,6073
5,30,14,35.0,65.0,1.2,0.05,0.12,0.3,96,1.2030,154.5284,79.0764,-29.3611,0.0000,6073
5,30,14,35.0,65.0,1.2,0.05,0.18,0.3,158,0.6883,80.6410,41.2662,-49.3988,0.0000,6073
5,30,14,35.0,65.0,1.5,0.03,0.08,0.3,243,1.5652,400.2011,204.7938,-27.8090,0.0000,6073
5,30,14,35.0,65.0,1.5,0.03,0.12,0.3,161,1.1829,294.9858,150.9522,-40.3397,0.0000,6073
5,30,14,35.0,65.0,1.5,0.03,0.18,0.3,164,0.9715,235.7303,120.6296,-49.1742,0.0000,6073
5,30,14,35.0,65.0,1.5,0.05,0.08,0.3,79,1.6150,115.5746,59.1426,-20.2955,0.0000,6073
5,30,14,35.0,65.0,1.5,0.05,0.12,0.3,65,1.5429,113.0939,57.8732,-14.3777,0.0000,6073
5,30,14,35.0,65.0,1.5,0.05,0.18,0.3,126,0.8757,77.1347,39.4719,-38.6694,0.0000,6073
5,30,14,35.0,70.0,1.0,0.03,0.08,0.3,150,1.9483,346.4377,177.2816,-14.5400,0.0000,6073
5,30,14,35.0,70.0,1.0,0.03,0.12,0.3,276,1.0031,632.7142,323.7770,-63.2288,0.0000,6073
5,30,14,35.0,70.0,1.0,0.03,0.18,0.3,261,0.5799,436.7746,223.5094,-79.7752,0.0000,6073
5,30,14,35.0,70.0,1.0,0.05,0.08,0.3,338,1.0363,203.3089,104.0387,-36.1947,0.0000,6073
5,30,14,35.0,70.0,1.0,0.05,0.12,0.3,107,1.4467,212.3132,108.6464,-32.5539,0.0000,6073
5,30,14,35.0,70.0,1.0,0.05,0.18,0.3,175,0.8310,135.6172,69.3990,-46.1900,0.0000,6073
5,30,14,35.0,70.0,1.2,0.03,0.08,0.3,124,1.9618,225.4055,115.3461,-11.8952,0.0000,6073
5,30,14,35.0,70.0,1.2,0.03,0.12,0.3,341,1.0552,134.5655,68.8608,-30.8431,0.0000,6073
5,30,14,35.0,70.0,1.2,0.03,0.18,0.3,249,1.1482,103.9165,53.1769,-23.6157,0.0000,6073
5,30,14,35.0,70.0,1.2,0.05,0.08,0.3,286,1.0966,158.3224,81.0179,-33.4562,0.0000,6073
5,30,14,35.0,70.0,1.2,0.05,0.12,0.3,96,1.2030,154.5284,79.0764,-29.3611,0.0000,6073
5,30,14,35.0,70.0,1.2,0.05,0.18,0.3,158,0.6883,80.6410,41.2662,-49.3988,0.0000,6073
5,30,14,35.0,70.0,1.5,0.03,0.08,0.3,243,1.5652,400.2011,204.7938,-27.8090,0.0000,6073
5,30,14,35.0,70.0,1.5,0.03,0.12,0.3,161,1.1829,294.9858,150.9522,-40.3397,0.0000,6073
5,30,14,35.0,70.0,1.5,0.03,0.18,0.3,164,0.9715,235.7303,120.6296,-49.1742,0.0000,6073
5,30,14,35.0,70.0,1.5,0.05,0.08,0.3,79,1.6150,115.5746,59.1426,-20.2955,0.0000,6073
5,30,14,35.0,70.0,1.5,0.05,0.12,0.3,65,1.5429,113.0939,57.8732,-14.3777,0.0000,6073
5,30,14,35.0,70.0,1.5,0.05,0.18,0.3,126,0.8757,77.1347,39.4719,-38.6694,0.0000,6073
8,13,14,25.0,65.0,1.0,0.03,0.08,0.3,508,0.9347,149.0959,76.2964,-39.2182,0.0000,6073
8,13,14,25.0,65.0,1.0,0.03,0.12,0.3,410,1.0326,145.2994,74.3536,-30.7631,0.0000,6073
8,13,14,25.0,65.0,1.0,0.03,0.18,0.3,300,1.4282,190.4245,97.4454,-25.5539,0.0000,6073
8,13,14,25.0,65.0,1.0,0.05,0.08,0.3,148,1.0466,290.6711,148.7443,-55.1168,0.0000,6073
8,13,14,25.0,65.0,1.0,0.05,0.12,0.3,135,0.8883,159.3149,81.5258,-47.7351,0.0000,6073
8,13,14,25.0,65.0,1.0,0.05,0.18,0.3,148,0.9314,98.7381,50.5270,-27.7538,0.0000,6073
8,13,14,25.0,65.0,1.2,0.03,0.08,0.3,456,0.8293,102.7663,52.5883,-28.5261,0.0000,6073
8,13,14,25.0,65.0,1.2,0.03,0.12,0.3,348,1.0143,107.2300,54.8725,-22.1294,0.0000,6073
8,13,14,25.0,65.0,1.2,0.03,0.18,0.3,251,1.4413,148.8917,76.1919,-17.3278,0.0000,6073
8,13,14,25.0,65.0,1.2,0.05,0.08,0.3,132,1.1401,228.9479,117.1588,-46.1731,0.0000,6073
8,13,14,25.0,65.0,1.2,0.05,0.12,0.3,119,1.0289,155.9293,79.7933,-40.4749,0.0000,6073
8,13,14,25.0,65.0,1.2,0.05,0.18,0.3,130,1.0621,98.0055,50.1521,-25.7645,0.0000,6073
8,13,14,25.0,65.0,1.5,0.03,0.08,0.3,50,1.0214,174.8167,89.4584,-38.6477,0.0000,6073
8,13,14,25.0,65.0,1.5,0.03,0.12,0.3,45,1.0722,179.7958,92.0064,-37.7507,0.0000,6073
8,13,14,25.0,65.0,1.5,0.03,0.18,0.3,197,1.2290,110.8371,56.7183,-20.6773,0.0000,6073
8,13,14,25.0,65.0,1.5,0.05,0.08,0.3,99,1.1497,128.6557,65.8366,-32.1579,0.0000,6073
8,13,14,25.0,65.0,1.5,0.05,0.12,0.3,92,1.0904,114.6782,58.6839,-28.3005,0.0000,6073
8,13,14,25.0,65.0,1.5,0.05,0.18,0.3,109,0.9426,72.9716,37.3415,-21.4450,0.0000,6073
8,13,14,25.0,70.0,1.0,0.03,0.08,0.3,508,0.9347,149.0959,76.2964,-39.2182,0.0000,6073
8,13,14,25.0,70.0,1.0,0.03,0.12,0.3,410,1.0326,145.2994,74.3536,-30.7631,0.0000,6073
8,13,14,25.0,70.0,1.0,0.03,0.18,0.3,300,1.4282,190.4245,97.4454,-25.5539,0.0000,6073
8,13,14,25.0,70.0,1.0,0.05,0.08,0.3,148,1.0466,290.6711,148.7443,-55.1168,0.0000,6073
8,13,14,25.0,70.0,1.0,0.05,0.12,0.3,135,0.8883,159.3149,81.5258,-47.7351,0.0000,6073
8,13,14,25.0,70.0,1.0,0.05,0.18,0.3,148,0.9314,98.7381,50.5270,-27.7538,0.0000,6073
8,13,14,25.0,70.0,1.2,0.03,0.08,0.3,456,0.8293,102.7663,52.5883,-28.5261,0.0000,6073
8,13,14,25.0,70.0,1.2,0.03,0.12,0.3,348,1.0143,107.2300,54.8725,-22.1294,0.0000,6073
8,13,14,25.0,70.0,1.2,0.03,0.18,0.3,251,1.4413,148.8917,76.1919,-17.3278,0.0000,6073
8,13,14,25.0,70.0,1.2,0.05,0.08,0.3,132,1.1401,228.9479,117.1588,-46.1731,0.0000,6073
8,13,14,25.0,70.0,1.2,0.05,0.12,0.3,119,1.0289,155.9293,79.7933,-40.4749,0.0000,6073
8,13,14,25.0,70.0,1.2,0.05,0.18,0.3,130,1.0621,98.0055,50.1521,-25.7645,0.0000,6073
8,13,14,25.0,70.0,1.5,0.03,0.08,0.3,50,1.0214,174.8167,89.4584,-38.6477,0.0000,6073
8,13,14,25.0,70.0,1.5,0.03,0.12,0.3,45,1.0722,179.7958,92.0064,-37.7507,0.0000,6073
8,13,14,25.0,70.0,1.5,0.03,0.18,0.3,197,1.2290,110.8371,56.7183,-20.6773,0.0000,6073
8,13,14,25.0,70.0,1.5,0.05,0.08,0.3,99,1.1497,128.6557,65.8366,-32.1579,0.0000,6073
8,13,14,25.0,70.0,1.5,0.05,0.12,0.3,92,1.0904,114.6782,58.6839,-28.3005,0.0000,6073
8,13,14,25.0,70.0,1.5,0.05,0.18,0.3,109,0.9426,72.9716,37.3415,-21.4450,0.0000,6073
8,13,14,30.0,65.0,1.0,0.03,0.08,0.3,508,0.9347,149.0959,76.2964,-39.2182,0.0000,6073
8,13,14,30.0,65.0,1.0,0.03,0.12,0.3,410,1.0326,145.2994,74.3536,-30.7631,0.0000,6073
8,13,14,30.0,65.0,1.0,0.03,0.18,0.3,300,1.4282,190.4245,97.4454,-25.5539,0.0000,6073
8,13,14,30.0,65.0,1.0,0.05,0.08,0.3,148,1.0466,290.6711,148.7443,-55.1168,0.0000,6073
8,13,14,30.0,65.0,1.0,0.05,0.12,0.3,135,0.8883,159.3149,81.5258,-47.7351,0.0000,6073
8,13,14,30.0,65.0,1.0,0.05,0.18,0.3,148,0.9314,98.7381,50.5270,-27.7538,0.0000,6073
8,13,14,30.0,65.0,1.2,0.03,0.08,0.3,456,0.8293,102.7663,52.5883,-28.5261,0.0000,6073
8,13,14,30.0,65.0,1.2,0.03,0.12,0.3,348,1.0143,107.2300,54.8725,-22.1294,0.0000,6073
8,13,14,30.0,65.0,1.2,0.03,0.18,0.3,251,1.4413,148.8917,76.1919,-17.3278,0.0000,6073
8,13,14,30.0,65.0,1.2,0.05,0.08,0.3,132,1.1401,228.9479,117.1588,-46.1731,0.0000,6073
8,13,14,30.0,65.0,1.2,0.05,0.12,0.3,119,1.0289,155.9293,79.7933,-40.4749,0.0000,6073
8,13,14,30.0,65.0,1.2,0.05,0.18,0.3,130,1.0621,98.0055,50.1521,-25.7645,0.0000,6073
8,13,14,30.0,65.0,1.5,0.03,0.08,0.3,50,1.0214,174.8167,89.4584,-38.6477,0.0000,6073
8,13,14,30.0,65.0,1.5,0.03,0.12,0.3,45,1.0722,179.7958,92.0064,-37.7507,0.0000,6073
8,13,14,30.0,65.0,1.5,0.03,0.18,0.3,197,1.2290,110.8371,56.7183,-20.6773,0.0000,6073
8,13,14,30.0,65.0,1.5,0.05,0.08,0.3,99,1.1497,128.6557,65.8366,-32.1579,0.0000,6073
8,13,14,30.0,65.0,1.5,0.05,0.12,0.3,92,1.0904,114.6782,58.6839,-28.3005,0.0000,6073
8,13,14,30.0,65.0,1.5,0.05,0.18,0.3,109,0.9426,72.9716,37.3415,-21.4450,0.0000,6073
8,13,14,30.0,70.0,1.0,0.03,0.08,0.3,508,0.9347,149.0959,76.2964,-39.2182,0.0000,6073
8,13,14,30.0,70.0,1.0,0.03,0.12,0.3,410,1.0326,145.2994,74.3536,-30.7631,0.0000,6073
8,13,14,30.0,70.0,1.0,0.03,0.18,0.3,300,1.4282,190.4245,97.4454,-25.5539,0.0000,6073
8,13,14,30.0,70.0,1.0,0.05,0.08,0.3,148,1.0466,290.6711,148.7443,-55.1168,0.0000,6073
8,13,14,30.0,70.0,1.0,0.05,0.12,0.3,135,0.8883,159.3149,81.5258,-47.7351,0.0000,6073
8,13,14,30.0,70.0,1.0,0.05,0.18,0.3,148,0.9314,98.7381,50.5270,-27.7538,0.0000,6073
8,13,14,30.0,70.0,1.2,0.03,0.08,0.3,456,0.8293,102.7663,52.5883,-28.5261,0.0000,6073
8,13,14,30.0,70.0,1.2,0.03,0.12,0.3,348,1.0143,107.2300,54.8725,-22.1294,0.0000,6073
8,13,14,30.0,70.0,1.2,0.03,0.18,0.3,251,1.4413,148.8917,76.1919,-17.3278,0.0000,6073
8,13,14,30.0,70.0,1.2,0.05,0.08,0.3,132,1.1401,228.9479,117.1588,-46.1731,0.0000,6073
8,13,14,30.0,70.0,1.2,0.05,0.12,0.3,119,1.0289,155.9293,79.7933,-40.4749,0.0000,6073
8,13,14,30.0,70.0,1.2,0.05,0.18,0.3,130,1.0621,98.0055,50.1521,-25.7645,0.0000,6073
8,13,14,30.0,70.0,1.5,0.03,0.08,0.3,50,1.0214,174.8167,89.4584,-38.6477,0.0000,6073
8,13,14,30.0,70.0,1.5,0.03,0.12,0.3,45,1.0722,179.7958,92.0064,-37.7507,0.0000,6073
8,13,14,30.0,70.0,1.5,0.03,0.18,0.3,197,1.2290,110.8371,56.7183,-20.6773,0.0000,6073
8,13,14,30.0,70.0,1.5,0.05,0.08,0.3,99,1.1497,128.6557,65.8366,-32.1579,0.0000,6073
8,13,14,30.0,70.0,1.5,0.05,0.12,0.3,92,1.0904,114.6782,58.6839,-28.3005,0.0000,6073
8,13,14,30.0,70.0,1.5,0.05,0.18,0.3,109,0.9426,72.9716,37.3415,-21.4450,0.0000,6073
8,13,14,35.0,65.0,1.0,0.03,0.08,0.3,508,0.9347,149.0959,76.2964,-39.2182,0.0000,6073
8,13,14,35.0,65.0,1.0,0.03,0.12,0.3,410,1.0326,145.2994,74.3536,-30.7631,0.0000,6073
8,13,14,35.0,65.0,1.0,0.03,0.18,0.3,300,1.4282,190.4245,97.4454,-25.5539,0.0000,6073
8,13,14,35.0,65.0,1.0,0.05,0.08,0.3,148,1.0466,290.6711,148.7443,-55.1168,0.0000,6073
8,13,14,35.0,65.0,1.0,0.05,0.12,0.3,135,0.8883,159.3149,81.5258,-47.7351,0.0000,6073
8,13,14,35.0,65.0,1.0,0.05,0.18,0.3,148,0.9314,98.7381,50.5270,-27.7538,0.0000,6073
8,13,14,35.0,65.0,1.2,0.03,0.08,0.3,456,0.8293,102.7663,52.5883,-28.5261,0.0000,6073
8,13,14,35.0,65.0,1.2,0.03,0.12,0.3,348,1.0143,107.2300,54.8725,-22.1294,0.0000,6073
8,13,14,35.0,65.0,1.2,0.03,0.18,0.3,251,1.4413,148.8917,76.1919,-17.3278,0.0000,6073
8,13,14,35.0,65.0,1.2,0.05,0.08,0.3,132,1.1401,228.9479,117.1588,-46.1731,0.0000,6073
8,13,14,35.0,65.0,1.2,0.05,0.12,0.3,119,1.0289,155.9293,79.7933,-40.4749,0.0000,6073
8,13,14,35.0,65.0,1.2,0.05,0.18,0.3,130,1.0621,98.0055,50.1521,-25.7645,0.0000,6073
8,13,14,35.0,65.0,1.5,0.03,0.08,0.3,50,1.0214,174.8167,89.4584,-38.6477,0.0000,6073
8,13,14,35.0,65.0,1.5,0.03,0.12,0.3,45,1.0722,179.7958,92.0064,-37.7507,0.0000,6073
8,13,14,35.0,65.0,1.5,0.03,0.18,0.3,197,1.2290,110.8371,56.7183,-20.6773,0.0000,6073
8,13,14,35.0,65.0,1.5,0.05,0.08,0.3,99,1.1497,128.6557,65.8366,-32.1579,0.0000,6073
8,13,14,35.0,65.0,1.5,0.05,0.12,0.3,92,1.0904,114.6782,58.6839,-28.3005,0.0000,6073
8,13,14,35.0,65.0,1.5,0.05,0.18,0.3,109,0.9426,72.9716,37.3415,-21.4450,0.0000,6073
8,13,14,35.0,70.0,1.0,0.03,0.08,0.3,508,0.9347,149.0959,76.2964,-39.2182,0.0000,6073
8,13,14,35.0,70.0,1.0,0.03,0.12,0.3,410,1.0326,145.2994,74.3536,-30.7631,0.0000,6073
8,13,14,35.0,70.0,1.0,0.03,0.18,0.3,300,1.4282,190.4245,97.4454,-25.5539,0.0000,6073
8,13,14,35.0,70.0,1.0,0.05,0.08,0.3,148,1.0466,290.6711,148.7443,-55.1168,0.0000,6073
8,13,14,35.0,70.0,1.0,0.05,0.12,0.3,135,0.8883,159.3149,81.5258,-47.7351,0.0000,6073
8,13,14,35.0,70.0,1.0,0.05,0.18,0.3,148,0.9314,98.7381,50.5270,-27.7538,0.0000,6073
8,13,14,35.0,70.0,1.2,0.03,0.08,0.3,456,0.8293,102.7663,52.5883,-28.5261,0.0000,6073
8,13,14,35.0,70.0,1.2,0.03,0.12,0.3,348,1.0143,107.2300,54.8725,-22.1294,0.0000,6073
8,13,14,35.0,70.0,1.2,0.03,0.18,0.3,251,1.4413,148.8917,76.1919,-17.3278,0.0000,6073
8,13,14,35.0,70.0,1.2,0.05,0.08,0.3,132,1.1401,228.9479,117.1588,-46.1731,0.0000,6073
8,13,14,35.0,70.0,1.2,0.05,0.12,0.3,119,1.0289,155.9293,79.7933,-40.4749,0.0000,6073
8,13,14,35.0,70.0,1.2,0.05,0.18,0.3,130,1.0621,98.0055,50.1521,-25.7645,0.0000,6073
8,13,14,35.0,70.0,1.5,0.03,0.08,0.3,50,1.0214,174.8167,89.4584,-38.6477,0.0000,6073
8,13,14,35.0,70.0,1.5,0.03,0.12,0.3,45,1.0722,179.7958,92.0064,-37.7507,0.0000,6073
8,13,14,35.0,70.0,1.5,0.03,0.18,0.3,197,1.2290,110.8371,56.7183,-20.6773,0.0000,6073
8,13,14,35.0,70.0,1.5,0.05,0.08,0.3,99,1.1497,128.6557,65.8366,-32.1579,0.0000,6073
8,13,14,35.0,70.0,1.5,0.05,0.12,0.3,92,1.0904,114.6782,58.6839,-28.3005,0.0000,6073
8,13,14,35.0,70.0,1.5,0.05,0.18,0.3,109,0.9426,72.9716,37.3415,-21.4450,0.0000,6073
8,20,14,25.0,65.0,1.0,0.03,0.08,0.3,489,0.8190,123.4325,63.1637,-39.6568,0.0000,6073
8,20,14,25.0,65.0,1.0,0.03,0.12,0.3,395,1.0874,158.7200,81.2213,-30.7631,0.0000,6073
8,20,14,25.0,65.0,1.0,0.03,0.18,0.3,283,1.5084,206.1298,105.4822,-25.7218,0.0000,6073
8,20,14,25.0,65.0,1.0,0.05,0.08,0.3,147,1.0450,290.5011,148.6573,-55.1637,0.0000,6073
8,20,14,25.0,65.0,1.0,0.05,0.12,0.3,135,0.8806,158.2858,80.9991,-47.9608,0.0000,6073
8,20,14,25.0,65.0,1.0,0.05,0.18,0.3,149,0.9231,98.7169,50.5161,-27.7538,0.0000,6073
8,20,14,25.0,65.0,1.2,0.03,0.08,0.3,425,0.6403,72.5120,37.1064,-26.3033,0.0000,6073
8,20,14,25.0,65.0,1.2,0.03,0.12,0.3,331,1.0171,105.7225,54.1011,-22.9444,0.0000,6073
8,20,14,25.0,65.0,1.2,0.03,0.18,0.3,233,1.4185,144.4925,73.9407,-18.3451,0.0000,6073
8,20,14,25.0,65.0,1.2,0.05,0.08,0.3,132,1.0831,226.7023,116.0097,-49.3177,0.0000,6073
8,20,14,25.0,65.0,1.2,0.05,0.12,0.3,119,0.9645,149.4294,76.4671,-44.2069,0.0000,6073
8,20,14,25.0,65.0,1.2,0.05,0.18,0.3,131,1.0165,96.1007,49.1773,-28.6907,0.0000,6073
8,20,14,25.0,65.0,1.5,0.03,0.08,0.3,355,0.9306,74.8666,38.3113,-18.7663,0.0000,6073
8,20,14,25.0,65.0,1.5,0.03,0.12,0.3,301,0.9603,67.3006,34.4395,-20.9958,0.0000,6073
8,20,14,25.0,65.0,1.5,0.03,0.18,0.3,201,1.2177,80.0006,40.9385,-15.1294,0.0000,6073
8,20,14,25.0,65.0,1.5,0.05,0.08,0.3,100,1.1919,130.4137,66.7362,-35.0340,0.0000,6073
8,20,14,25.0,65.0,1.5,0.05,0.12,0.3,87,0.9195,89.6778,45.8906,-36.0234,0.0000,6073
8,20,14,25.0,65.0,1.5,0.05,0.18,0.3,112,0.9255,70.0844,35.8641,-22.8904,0.0000,6073
8,20,14,25.0,70.0,1.0,0.03,0.08,0.3,489,0.8190,123.4325,63.1637,-39.6568,0.0000,6073
8,20,14,25.0,70.0,1.0,0.03,0.12,0.3,395,1.0874,158.7200,81.2213,-30.7631,0.0000,6073
8,20,14,25.0,70.0,1.0,0.03,0.18,0.3,283,1.5084,206.1298,105.4822,-25.7218,0.0000,6073
8,20,14,25.0,70.0,1.0,0.05,0.08,0.3,147,1.0450,290.5011,148.6573,-55.1637,0.0000,6073
8,20,14,25.0,70.0,1.0,0.05,0.12,0.3,135,0.8806,158.2858,80.9991,-47.9608,0.0000,6073
8,20,14,25.0,70.0,1.0,0.05,0.18,0.3,149,0.9231,98.7169,50.5161,-27.7538,0.0000,6073
8,20,14,25.0,70.0,1.2,0.03,0.08,0.3,425,0.6403,72.5120,37.1064,-26.3033,0.0000,6073
8,20,14,25.0,70.0,1.2,0.03,0.12,0.3,331,1.0171,105.7225,54.1011,-22.9444,0.0000,6073
8,20,14,25.0,70.0,1.2,0.03,0.18,0.3,233,1.4185,144.4925,73.9407,-18.3451,0.0000,6073
8,20,14,25.0,70.0,1.2,0.05,0.08,0.3,132,1.0831,226.7023,116.0097,-49.3177,0.0000,6073
8,20,14,25.0,70.0,1.2,0.05,0.12,0.3,119,0.9645,149.4294,76.4671,-44.2069,0.0000,6073
8,20,14,25.0,70.0,1.2,0.05,0.18,0.3,131,1.0165,96.1007,49.1773,-28.6907,0.0000,6073
8,20,14,25.0,70.0,1.5,0.03,0.08,0.3,355,0.9306,74.8666,38.3113,-18.7663,0.0000,6073
8,20,14,25.0,70.0,1.5,0.03,0.12,0.3,301,0.9603,67.3006,34.4395,-20.9958,0.0000,6073
8,20,14,25.0,70.0,1.5,0.03,0.18,0.3,201,1.2177,80.0006,40.9385,-15.1294,0.0000,6073
8,20,14,25.0,70.0,1.5,0.05,0.08,0.3,100,1.1919,130.4137,66.7362,-35.0340,0.0000,6073
8,20,14,25.0,70.0,1.5,0.05,0.12,0.3,87,0.9195,89.6778,45.8906,-36.0234,0.0000,6073
8,20,14,25.0,70.0,1.5,0.05,0.18,0.3,112,0.9255,70.0844,35.8641,-22.8904,0.0000,6073
8,20,14,30.0,65.0,1.0,0.03,0.08,0.3,489,0.8190,123.4325,63.1637,-39.6568,0.0000,6073
8,20,14,30.0,65.0,1.0,0.03,0.12,0.3,395,1.0874,158.7200,81.2213,-30.7631,0.0000,6073
8,20,14,30.0,65.0,1.0,0.03,0.18,0.3,283,1.5084,206.1298,105.4822,-25.7218,0.0000,6073
8,20,14,30.0,65.0,1.0,0.05,0.08,0.3,147,1.0450,290.5011,148.6573,-55.1637,0.0000,6073
8,20,14,30.0,65.0,1.0,0.05,0.12,0.3,135,0.8806,158.2858,80.9991,-47.9608,0.0000,6073
8,20,14,30.0,65.0,1.0,0.05,0.18,0.3,149,0.9231,98.7169,50.5161,-27.7538,0.0000,6073
8,20,14,30.0,65.0,1.2,0.03,0.08,0.3,425,0.6403,72.5120,37.1064,-26.3033,0.0000,6073
8,20,14,30.0,65.0,1.2,0.03,0.12,0.3,331,1.0171,105.7225,54.1011,-22.9444,0.0000,6073
8,20,14,30.0,65.0,1.2,0.03,0.18,0.3,233,1.4185,144.4925,73.9407,-18.3451,0.0000,6073
8,20,14,30.0,65.0,1.2,0.05,0.08,0.3,132,1.0831,226.7023,116.0097,-49.3177,0.0000,6073
8,20,14,30.0,65.0,1.2,0.05,0.12,0.3,119,0.9645,149.4294,76.4671,-44.2069,0.0000,6073
8,20,14,30.0,65.0,1.2,0.05,0.18,0.3,131,1.0165,96.1007,49.1773,-28.6907,0.0000,6073
8,20,14,30.0,65.0,1.5,0.03,0.08,0.3,355,0.9306,74.8666,38.3113,-18.7663,0.0000,6073
8,20,14,30.0,65.0,1.5,0.03,0.12,0.3,301,0.9603,67.3006,34.4395,-20.9958,0.0000,6073
8,20,14,30.0,65.0,1.5,0.03,0.18,0.3,201,1.2177,80.0006,40.9385,-15.1294,0.0000,6073
8,20,14,30.0,65.0,1.5,0.05,0.08,0.3,100,1.1919,130.4137,66.7362,-35.0340,0.0000,6073
8,20,14,30.0,65.0,1.5,0.05,0.12,0.3,87,0.9195,89.6778,45.8906,-36.0234,0.0000,6073
8,20,14,30.0,65.0,1.5,0.05,0.18,0.3,112,0.9255,70.0844,35.8641,-22.8904,0.0000,6073
8,20,14,30.0,70.0,1.0,0.03,0.08,0.3,489,0.8190,123.4325,63.1637,-39.6568,0.0000,6073
8,20,14,30.0,70.0,1.0,0.03,0.12,0.3,395,1.0874,158.7200,81.2213,-30.7631,0.0000,6073
8,20,14,30.0,70.0,1.0,0.03,0.18,0.3,283,1.5084,206.1298,105.4822,-25.7218,0.0000,6073
8,20,14,30.0,70.0,1.0,0.05,0.08,0.3,147,1.0450,290.5011,148.6573,-55.1637,0.0000,6073
8,20,14,30.0,70.0,1.0,0.05,0.12,0.3,135,0.8806,158.2858,80.9991,-47.9608,0.0000,6073
8,20,14,30.0,70.0,1.0,0.05,0.18,0.3,149,0.9231,98.7169,50.5161,-27.7538,0.0000,6073
8,20,14,30.0,70.0,1.2,0.03,0.08,0.3,425,0.6403,72.5120,37.1064,-26.3033,0.0000,6073
8,20,14,30.0,70.0,1.2,0.03,0.12,0.3,331,1.0171,105.7225,54.1011,-22.9444,0.0000,6073
8,20,14,30.0,70.0,1.2,0.03,0.18,0.3,233,1.4185,144.4925,73.9407,-18.3451,0.0000,6073
8,20,14,30.0,70.0,1.2,0.05,0.08,0.3,132,1.0831,226.7023,116.0097,-49.3177,0.0000,6073
8,20,14,30.0,70.0,1.2,0.05,0.12,0.3,119,0.9645,149.4294,76.4671,-44.2069,0.0000,6073
8,20,14,30.0,70.0,1.2,0.05,0.18,0.3,131,1.0165,96.1007,49.1773,-28.6907,0.0000,6073
8,20,14,30.0,70.0,1.5,0.03,0.08,0.3,355,0.9306,74.8666,38.3113,-18.7663,0.0000,6073
8,20,14,30.0,70.0,1.5,0.03,0.12,0.3,301,0.9603,67.3006,34.4395,-20.9958,0.0000,6073
8,20,14,30.0,70.0,1.5,0.03,0.18,0.3,201,1.2177,80.0006,40.9385,-15.1294,0.0000,6073
8,20,14,30.0,70.0,1.5,0.05,0.08,0.3,100,1.1919,130.4137,66.7362,-35.0340,0.0000,6073
8,20,14,30.0,70.0,1.5,0.05,0.12,0.3,87,0.9195,89.6778,45.8906,-36.0234,0.0000,6073
8,20,14,30.0,70.0,1.5,0.05,0.18,0.3,112,0.9255,70.0844,35.8641,-22.8904,0.0000,6073
8,20,14,35.0,65.0,1.0,0.03,0.08,0.3,489,0.8190,123.4325,63.1637,-39.6568,0.0000,6073
8,20,14,35.0,65.0,1.0,0.03,0.12,0.3,395,1.0874,158.7200,81.2213,-30.7631,0.0000,6073
8,20,14,35.0,65.0,1.0,0.03,0.18,0.3,283,1.5084,206.1298,105.4822,-25.7218,0.0000,6073
8,20,14,35.0,65.0,1.0,0.05,0.08,0.3,147,1.0450,290.5011,148.6573,-55.1637,0.0000,6073
8,20,14,35.0,65.0,1.0,0.05,0.12,0.3,135,0.8806,158.2858,80.9991,-47.9608,0.0000,6073
8,20,14,35.0,65.0,1.0,0.05,0.18,0.3,149,0.9231,98.7169,50.5161,-27.7538,0.0000,6073
8,20,14,35.0,65.0,1.2,0.03,0.08,0.3,425,0.6403,72.5120,37.1064,-26.3033,0.0000,6073
8,20,14,35.0,65.0,1.2,0.03,0.12,0.3,331,1.0171,105.7225,54.1011,-22.9444,0.0000,6073
8,20,14,35.0,65.0,1.2,0.03,0.18,0.3,233,1.4185,144.4925,73.9407,-18.3451,0.0000,6073
8,20,14,35.0,65.0,1.2,0.05,0.08,0.3,132,1.0831,226.7023,116.0097,-49.3177,0.0000,6073
8,20,14,35.0,65.0,1.2,0.05,0.12,0.3,119,0.9645,149.4294,76.4671,-44.2069,0.0000,6073
8,20,14,35.0,65.0,1.2,0.05,0.18,0.3,131,1.0165,96.1007,49.1773,-28.6907,0.0000,6073
8,20,14,35.0,65.0,1.5,0.03,0.08,0.3,355,0.9306,74.8666,38.3113,-18.7663,0.0000,6073
8,20,14,35.0,65.0,1.5,0.03,0.12,0.3,301,0.9603,67.3006,34.4395,-20.9958,0.0000,6073
8,20,14,35.0,65.0,1.5,0.03,0.18,0.3,201,1.2177,80.0006,40.9385,-15.1294,0.0000,6073
8,20,14,35.0,65.0,1.5,0.05,0.08,0.3,100,1.1919,130.4137,66.7362,-35.0340,0.0000,6073
8,20,14,35.0,65.0,1.5,0.05,0.12,0.3,87,0.9195,89.6778,45.8906,-36.0234,0.0000,6073
8,20,14,35.0,65.0,1.5,0.05,0.18,0.3,112,0.9255,70.0844,35.8641,-22.8904,0.0000,6073
8,20,14,35.0,70.0,1.0,0.03,0.08,0.3,489,0.8190,123.4325,63.1637,-39.6568,0.0000,6073
8,20,14,35.0,70.0,1.0,0.03,0.12,0.3,395,1.0874,158.7200,81.2213,-30.7631,0.0000,6073
8,20,14,35.0,70.0,1.0,0.03,0.18,0.3,283,1.5084,206.1298,105.4822,-25.7218,0.0000,6073
8,20,14,35.0,70.0,1.0,0.05,0.08,0.3,147,1.0450,290.5011,148.6573,-55.1637,0.0000,6073
8,20,14,35.0,70.0,1.0,0.05,0.12,0.3,135,0.8806,158.2858,80.9991,-47.9608,0.0000,6073
8,20,14,35.0,70.0,1.0,0.05,0.18,0.3,149,0.9231,98.7169,50.5161,-27.7538,0.0000,6073
8,20,14,35.0,70.0,1.2,0.03,0.08,0.3,425,0.6403,72.5120,37.1064,-26.3033,0.0000,6073
8,20,14,35.0,70.0,1.2,0.03,0.12,0.3,331,1.0171,105.7225,54.1011,-22.9444,0.0000,6073
8,20,14,35.0,70.0,1.2,0.03,0.18,0.3,233,1.4185,144.4925,73.9407,-18.3451,0.0000,6073
8,20,14,35.0,70.0,1.2,0.05,0.08,0.3,132,1.0831,226.7023,116.0097,-49.3177,0.0000,6073
8,20,14,35.0,70.0,1.2,0.05,0.12,0.3,119,0.9645,149.4294,76.4671,-44.2069,0.0000,6073
8,20,14,35.0,70.0,1.2,0.05,0.18,0.3,131,1.0165,96.1007,49.1773,-28.6907,0.0000,6073
8,20,14,35.0,70.0,1.5,0.03,0.08,0.3,355,0.9306,74.8666,38.3113,-18.7663,0.0000,6073
8,20,14,35.0,70.0,1.5,0.03,0.12,0.3,301,0.9603,67.3006,34.4395,-20.9958,0.0000,6073
8,20,14,35.0,70.0,1.5,0.03,0.18,0.3,201,1.2177,80.0006,40.9385,-15.1294,0.0000,6073
8,20,14,35.0,70.0,1.5,0.05,0.08,0.3,100,1.1919,130.4137,66.7362,-35.0340,0.0000,6073
8,20,14,35.0,70.0,1.5,0.05,0.12,0.3,87,0.9195,89.6778,45.8906,-36.0234,0.0000,6073
8,20,14,35.0,70.0,1.5,0.05,0.18,0.3,112,0.9255,70.0844,35.8641,-22.8904,0.0000,6073
8,30,14,25.0,65.0,1.0,0.03,0.08,0.3,150,1.9487,346.4888,177.3077,-14.5368,0.0000,6073
8,30,14,25.0,65.0,1.0,0.03,0.12,0.3,276,1.0031,632.7142,323.7770,-63.2288,0.0000,6073
8,30,14,25.0,65.0,1.0,0.03,0.18,0.3,259,0.5749,436.1509,223.1902,-80.1079,0.0000,6073
8,30,14,25.0,65.0,1.0,0.05,0.08,0.3,339,1.0802,219.8672,112.5120,-36.2747,0.0000,6073
8,30,14,25.0,65.0,1.0,0.05,0.12,0.3,107,1.4467,212.3132,108.6464,-32.5539,0.0000,6073
8,30,14,25.0,65.0,1.0,0.05,0.18,0.3,177,0.7900,131.1252,67.1003,-49.1949,0.0000,6073
8,30,14,25.0,65.0,1.2,0.03,0.08,0.3,125,1.9678,227.4306,116.3824,-11.7724,0.0000,6073
8,30,14,25.0,65.0,1.2,0.03,0.12,0.3,345,1.0555,136.0934,69.6427,-30.8906,0.0000,6073
8,30,14,25.0,65.0,1.2,0.03,0.18,0.3,265,1.4124,148.1591,75.8170,-22.2703,0.0000,6073
8,30,14,25.0,65.0,1.2,0.05,0.08,0.3,288,1.1091,166.4036,85.1532,-35.1668,0.0000,6073
8,30,14,25.0,65.0,1.2,0.05,0.12,0.3,96,1.2030,154.5284,79.0764,-29.3611,0.0000,6073
8,30,14,25.0,65.0,1.2,0.05,0.18,0.3,163,0.5592,69.8240,35.7308,-56.8939,0.0000,6073
8,30,14,25.0,65.0,1.5,0.03,0.08,0.3,250,1.5784,403.2693,206.3638,-27.4272,0.0000,6073
8,30,14,25.0,65.0,1.5,0.03,0.12,0.3,165,1.1122,287.3980,147.0693,-43.6497,0.0000,6073
8,30,14,25.0,65.0,1.5,0.03,0.18,0.3,162,0.9314,231.1644,118.2931,-50.8202,0.0000,6073
8,30,14,25.0,65.0,1.5,0.05,0.08,0.3,83,1.3703,108.3815,55.4617,-25.7002,0.0000,6073
8,30,14,25.0,65.0,1.5,0.05,0.12,0.3,66,1.6485,120.7730,61.8028,-13.7106,0.0000,6073
8,30,14,25.0,65.0,1.5,0.05,0.18,0.3,130,0.6440,65.7634,33.6529,-47.8305,0.0000,6073
8,30,14,25.0,70.0,1.0,0.03,0.08,0.3,150,1.9487,346.4888,177.3077,-14.5368,0.0000,6073
8,30,14,25.0,70.0,1.0,0.03,0.12,0.3,276,1.0031,632.7142,323.7770,-63.2288,0.0000,6073
8,30,14,25.0,70.0,1.0,0.03,0.18,0.3,259,0.5749,436.1509,223.1902,-80.1079,0.0000,6073
8,30,14,25.0,70.0,1.0,0.05,0.08,0.3,339,1.0802,219.8672,112.5120,-36.2747,0.0000,6073
8,30,14,25.0,70.0,1.0,0.05,0.12,0.3,107,1.4467,212.3132,108.6464,-32.5539,0.0000,6073
8,30,14,25.0,70.0,1.0,0.05,0.18,0.3,177,0.7900,131.1252,67.1003,-49.1949,0.0000,6073
8,30,14,25.0,70.0,1.2,0.03,0.08,0.3,125,1.9678,227.4306,116.3824,-11.7724,0.0000,6073
8,30,14,25.0,70.0,1.2,0.03,0.12,0.3,345,1.0555,136.0934,69.6427,-30.8906,0.0000,6073
8,30,14,25.0,70.0,1.2,0.03,0.18,0.3,265,1.4124,148.1591,75.8170,-22.2703,0.0000,6073
8,30,14,25.0,70.0,1.2,0.05,0.08,0.3,288,1.1091,166.4036,85.1532,-35.1668,0.0000,6073
8,30,14,25.0,70.0,1.2,0.05,0.12,0.3,96,1.2030,154.5284,79.0764,-29.3611,0.0000,6073
8,30,14,25.0,70.0,1.2,0.05,0.18,0.3,163,0.5592,69.8240,35.7308,-56.8939,0.0000,6073
8,30,14,25.0,70.0,1.5,0.03,0.08,0.3,250,1.5784,403.2693,206.3638,-27.4272,0.0000,6073
8,30,14,25.0,70.0,1.5,0.03,0.12,0.3,165,1.1122,287.3980,147.0693,-43.6497,0.0000,6073
8,30,14,25.0,70.0,1.5,0.03,0.18,0.3,162,0.9314,231.1644,118.2931,-50.8202,0.0000,6073
8,30,14,25.0,70.0,1.5,0.05,0.08,0.3,83,1.3703,108.3815,55.4617,-25.7002,0.0000,6073
8,30,14,25.0,70.0,1.5,0.05,0.12,0.3,66,1.6485,120.7730,61.8028,-13.7106,0.0000,6073
8,30,14,25.0,70.0,1.5,0.05,0.18,0.3,130,0.6440,65.7634,33.6529,-47.8305,0.0000,6073
8,30,14,30.0,65.0,1.0,0.03,0.08,0.3,150,1.9487,346.4888,177.3077,-14.5368,0.0000,6073
8,30,14,30.0,65.0,1.0,0.03,0.12,0.3,276,1.0031,632.7142,323.7770,-63.2288,0.0000,6073
8,30,14,30.0,65.0,1.0,0.03,0.18,0.3,259,0.5749,436.1509,223.1902,-80.1079,0.0000,6073
8,30,14,30.0,65.0,1.0,0.05,0.08,0.3,339,1.0802,219.8672,112.5120,-36.2747,0.0000,6073
8,30,14,30.0,65.0,1.0,0.05,0.12,0.3,107,1.4467,212.3132,108.6464,-32.5539,0.0000,6073
8,30,14,30.0,65.0,1.0,0.05,0.18,0.3,177,0.7900,131.1252,67.1003,-49.1949,0.0000,6073
8,30,14,30.0,65.0,1.2,0.03,0.08,0.3,125,1.9678,227.4306,116.3824,-11.7724,0.0000,6073
8,30,14,30.0,65.0,1.2,0.03,0.12,0.3,345,1.0555,136.0934,69.6427,-30.8906,0.0000,6073
8,30,14,30.0,65.0,1.2,0.03,0.18,0.3,265,1.4124,148.1591,75.8170,-22.2703,0.0000,6073
8,30,14,30.0,65.0,1.2,0.05,0.08,0.3,288,1.1091,166.4036,85.1532,-35.1668,0.0000,6073
8,30,14,30.0,65.0,1.2,0.05,0.12,0.3,96,1.2030,154.5284,79.0764,-29.3611,0.0000,6073
8,30,14,30.0,65.0,1.2,0.05,0.18,0.3,163,0.5592,69.8240,35.7308,-56.8939,0.0000,6073
8,30,14,30.0,65.0,1.5,0.03,0.08,0.3,250,1.5784,403.2693,206.3638,-27.4272,0.0000,6073
8,30,14,30.0,65.0,1.5,0.03,0.12,0.3,165,1.1122,287.3980,147.0693,-43.6497,0.0000,6073
8,30,14,30.0,65.0,1.5,0.03,0.18,0.3,162,0.9314,231.1644,118.2931,-50.8202,0.0000,6073
8,30,14,30.0,65.0,1.5,0.05,0.08,0.3,83,1.3703,108.3815,55.4617,-25.7002,0.0000,6073
8,30,14,30.0,65.0,1.5,0.05,0.12,0.3,66,1.6485,120.7730,61.8028,-13.7106,0.0000,6073
8,30,14,30.0,65.0,1.5,0.05,0.18,0.3,130,0.6440,65.7634,33.6529,-47.8305,0.0000,6073
8,30,14,30.0,70.0,1.0,0.03,0.08,0.3,150,1.9487,346.4888,177.3077,-14.5368,0.0000,6073
8,30,14,30.0,70.0,1.0,0.03,0.12,0.3,276,1.0031,632.7142,323.7770,-63.2288,0.0000,6073
8,30,14,30.0,70.0,1.0,0.03,0.18,0.3,259,0.5749,436.1509,223.1902,-80.1079,0.0000,6073
8,30,14,30.0,70.0,1.0,0.05,0.08,0.3,339,1.0802,219.8672,112.5120,-36.2747,0.0000,6073
8,30,14,30.0,70.0,1.0,0.05,0.12,0.3,107,1.4467,212.3132,108.6464,-32.5539,0.0000,6073
8,30,14,30.0,70.0,1.0,0.05,0.18,0.3,177,0.7900,131.1252,67.1003,-49.1949,0.0000,6073
8,30,14,30.0,70.0,1.2,0.03,0.08,0.3,125,1.9678,227.4306,116.3824,-11.7724,0.0000,6073
8,30,14,30.0,70.0,1.2,0.03,0.12,0.3,345,1.0555,136.0934,69.6427,-30.8906,0.0000,6073
8,30,14,30.0,70.0,1.2,0.03,0.18,0.3,265,1.4124,148.1591,75.8170,-22.2703,0.0000,6073
8,30,14,30.0,70.0,1.2,0.05,0.08,0.3,288,1.1091,166.4036,85.1532,-35.1668,0.0000,6073
8,30,14,30.0,70.0,1.2,0.05,0.12,0.3,96,1.2030,154.5284,79.0764,-29.3611,0.0000,6073
8,30,14,30.0,70.0,1.2,0.05,0.18,0.3,163,0.5592,69.8240,35.7308,-56.8939,0.0000,6073
8,30,14,30.0,70.0,1.5,0.03,0.08,0.3,250,1.5784,403.2693,206.3638,-27.4272,0.0000,6073
8,30,14,30.0,70.0,1.5,0.03,0.12,0.3,165,1.1122,287.3980,147.0693,-43.6497,0.0000,6073
8,30,14,30.0,70.0,1.5,0.03,0.18,0.3,162,0.9314,231.1644,118.2931,-50.8202,0.0000,6073
8,30,14,30.0,70.0,1.5,0.05,0.08,0.3,83,1.3703,108.3815,55.4617,-25.7002,0.0000,6073
8,30,14,30.0,70.0,1.5,0.05,0.12,0.3,66,1.6485,120.7730,61.8028,-13.7106,0.0000,6073
8,30,14,30.0,70.0,1.5,0.05,0.18,0.3,130,0.6440,65.7634,33.6529,-47.8305,0.0000,6073
8,30,14,35.0,65.0,1.0,0.03,0.08,0.3,150,1.9487,346.4888,177.3077,-14.5368,0.0000,6073
8,30,14,35.0,65.0,1.0,0.03,0.12,0.3,276,1.0031,632.7142,323.7770,-63.2288,0.0000,6073
8,30,14,35.0,65.0,1.0,0.03,0.18,0.3,259,0.5749,436.1509,223.1902,-80.1079,0.0000,6073
8,30,14,35.0,65.0,1.0,0.05,0.08,0.3,339,1.0802,219.8672,112.5120,-36.2747,0.0000,6073
8,30,14,35.0,65.0,1.0,0.05,0.12,0.3,107,1.4467,212.3132,108.6464,-32.5539,0.0000,6073
8,30,14,35.0,65.0,1.0,0.05,0.18,0.3,177,0.7900,131.1252,67.1003,-49.1949,0.0000,6073
8,30,14,35.0,65.0,1.2,0.03,0.08,0.3,125,1.9678,227.4306,116.3824,-11.7724,0.0000,6073
8,30,14,35.0,65.0,1.2,0.03,0.12,0.3,345,1.0555,136.0934,69.6427,-30.8906,0.0000,6073
8,30,14,35.0,65.0,1.2,0.03,0.18,0.3,265,1.4124,148.1591,75.8170,-22.2703,0.0000,6073
8,30,14,35.0,65.0,1.2,0.05,0.08,0.3,288,1.1091,166.4036,85.1532,-35.1668,0.0000,6073
8,30,14,35.0,65.0,1.2,0.05,0.12,0.3,96,1.2030,154.5284,79.0764,-29.3611,0.0000,6073
8,30,14,35.0,65.0,1.2,0.05,0.18,0.3,163,0.5592,69.8240,35.7308,-56.8939,0.0000,6073
8,30,14,35.0,65.0,1.5,0.03,0.08,0.3,250,1.5784,403.2693,206.3638,-27.4272,0.0000,6073
8,30,14,35.0,65.0,1.5,0.03,0.12,0.3,165,1.1122,287.3980,147.0693,-43.6497,0.0000,6073
8,30,14,35.0,65.0,1.5,0.03,0.18,0.3,162,0.9314,231.1644,118.2931,-50.8202,0.0000,6073
8,30,14,35.0,65.0,1.5,0.05,0.08,0.3,83,1.3703,108.3815,55.4617,-25.7002,0.0000,6073
8,30,14,35.0,65.0,1.5,0.05,0.12,0.3,66,1.6485,120.7730,61.8028,-13.7106,0.0000,6073
8,30,14,35.0,65.0,1.5,0.05,0.18,0.3,130,0.6440,65.7634,33.6529,-47.8305,0.0000,6073
8,30,14,35.0,70.0,1.0,0.03,0.08,0.3,150,1.9487,346.4888,177.3077,-14.5368,0.0000,6073
8,30,14,35.0,70.0,1.0,0.03,0.12,0.3,276,1.0031,632.7142,323.7770,-63.2288,0.0000,6073
8,30,14,35.0,70.0,1.0,0.03,0.18,0.3,259,0.5749,436.1509,223.1902,-80.1079,0.0000,6073
8,30,14,35.0,70.0,1.0,0.05,0.08,0.3,339,1.0802,219.8672,112.5120,-36.2747,0.0000,6073
8,30,14,35.0,70.0,1.0,0.05,0.12,0.3,107,1.4467,212.3132,108.6464,-32.5539,0.0000,6073
8,30,14,35.0,70.0,1.0,0.05,0.18,0.3,177,0.7900,131.1252,67.1003,-49.1949,0.0000,6073
8,30,14,35.0,70.0,1.2,0.03,0.08,0.3,125,1.9678,227.4306,116.3824,-11.7724,0.0000,6073
8,30,14,35.0,70.0,1.2,0.03,0.12,0.3,345,1.0555,136.0934,69.6427,-30.8906,0.0000,6073
8,30,14,35.0,70.0,1.2,0.03,0.18,0.3,265,1.4124,148.1591,75.8170,-22.2703,0.0000,6073
8,30,14,35.0,70.0,1.2,0.05,0.08,0.3,288,1.1091,166.4036,85.1532,-35.1668,0.0000,6073
8,30,14,35.0,70.0,1.2,0.05,0.12,0.3,96,1.2030,154.5284,79.0764,-29.3611,0.0000,6073
8,30,14,35.0,70.0,1.2,0.05,0.18,0.3,163,0.5592,69.8240,35.7308,-56.8939,0.0000,6073
8,30,14,35.0,70.0,1.5,0.03,0.08,0.3,250,1.5784,403.2693,206.3638,-27.4272,0.0000,6073
8,30,14,35.0,70.0,1.5,0.03,0.12,0.3,165,1.1122,287.3980,147.0693,-43.6497,0.0000,6073
8,30,14,35.0,70.0,1.5,0.03,0.18,0.3,162,0.9314,231.1644,118.2931,-50.8202,0.0000,6073
8,30,14,35.0,70.0,1.5,0.05,0.08,0.3,83,1.3703,108.3815,55.4617,-25.7002,0.0000,6073
8,30,14,35.0,70.0,1.5,0.05,0.12,0.3,66,1.6485,120.7730,61.8028,-13.7106,0.0000,6073
8,30,14,35.0,70.0,1.5,0.05,0.18,0.3,130,0.6440,65.7634,33.6529,-47.8305,0.0000,6073
