date,cash,position_value,nav
2021-05-24,100000.0,0.0,100000.0
2021-05-25,59011.3097,40902.9258,99914.2355
2021-05-26,18948.8831,80937.613,99886.4961
2021-05-27,913.786,98811.5523,99725.3383
2021-05-28,913.786,99081.1746,99994.9606
2021-06-01,913.786,98876.4828,99790.2687
2021-06-02,913.786,98655.8324,99569.6184
2021-06-03,913.786,96488.1784,97401.9643
2021-06-04,913.786,98723.2613,99637.0473
2021-06-07,913.786,98450.5418,99364.3278
2021-06-08,913.786,98294.2917,99208.0777
2021-06-09,913.786,98562.6522,99476.4381
2021-06-10,913.786,100027.256,100941.042
2021-06-11,913.786,100135.0259,101048.8119
2021-06-14,913.786,101461.7399,102375.5259
2021-06-15,913.786,100282.172,101195.958
2021-06-16,913.786,100131.2092,101044.9952
2021-06-17,913.786,101737.6511,102651.4371
2021-06-18,913.786,100925.6708,101839.4567
2021-06-21,913.786,100789.2323,101703.0183
2021-06-22,913.786,101464.9178,102378.7038
2021-06-23,913.786,102869.3061,103783.0921
2021-06-24,913.786,103723.1751,104636.9611
2021-06-25,913.786,102606.686,103520.472
2021-06-28,913.786,104668.0577,105581.8437
2021-06-29,913.786,104940.2616,105854.0476
2021-06-30,913.786,104791.5261,105705.3121
2021-07-01,913.786,104157.6998,105071.4857
2021-07-02,913.786,105200.6418,106114.4277
2021-07-06,913.786,106020.904,106934.69
2021-07-07,913.786,105396.9592,106310.7451
2021-07-08,913.786,105637.4306,106551.2166
2021-07-09,913.786,106590.9577,107504.7437
2021-07-12,913.786,108031.4911,108945.2771
2021-07-13,913.786,107689.1364,108602.9223
2021-07-14,913.786,107354.9772,108268.7632
2021-07-15,913.786,105439.2404,106353.0263
2021-07-16,913.786,104175.9578,105089.7438
2021-07-19,913.786,103621.3999,104535.1858
2021-07-20,913.786,104710.2541,105624.04
2021-07-21,913.786,105456.2106,106369.9965
2021-07-22,913.786,105643.771,106557.557
2021-07-23,913.786,106166.6566,107080.4426
2021-07-26,913.786,106597.7715,107511.5575
2021-07-27,913.786,104884.0456,105797.8316
2021-07-28,913.786,105314.4017,106228.1877
2021-07-29,913.786,106551.8995,107465.6854
2021-07-30,913.786,105169.5752,106083.3612
2021-08-02,913.786,105909.6078,106823.3938
2021-08-03,913.786,106675.5452,107589.3312
2021-08-04,913.786,106689.2319,107603.0178
2021-08-05,913.786,107266.0297,108179.8156
2021-08-06,913.786,106308.0172,107221.8032
2021-08-09,913.786,106633.6724,107547.4584
2021-08-10,913.786,105801.3875,106715.1735
2021-08-11,21470.1172,85003.7093,106473.8265
2021-08-12,21470.1172,85669.5294,107139.6466
2021-08-13,21470.1172,85794.3291,107264.4463
2021-08-16,21470.1172,84876.345,106346.4622
2021-08-17,21470.1172,83109.4273,104579.5446
2021-08-18,21470.1172,83206.4692,104676.5865
2021-08-19,21470.1172,83397.4767,104867.594
2021-08-20,40894.2953,64787.5122,105681.8075
2021-08-23,40894.2953,65917.2601,106811.5554
2021-08-24,40894.2953,65781.2622,106675.5575
2021-08-25,40894.2953,65893.7719,106788.0672
2021-08-26,40894.2953,65427.2699,106321.5652
2021-08-27,40894.2953,66213.8354,107108.1307
2021-08-30,40894.2953,67245.5269,108139.8222
2021-08-31,40894.2953,67193.1321,108087.4274
2021-09-01,40894.2953,66980.8511,107875.1464
2021-09-02,40894.2953,66822.7283,107717.0236
2021-09-03,40894.2953,67082.7398,107977.0351
2021-09-07,40894.2953,67574.8816,108469.1769
2021-09-08,40894.2953,67521.9751,108416.2703
2021-09-09,40894.2953,67276.9942,108171.2895
2021-09-10,40894.2953,66742.6137,107636.909
2021-09-13,40894.2953,67091.6588,107985.9541
2021-09-14,40894.2953,67480.1912,108374.4865
2021-09-15,40894.2953,68554.6561,109448.9514
2021-09-16,40894.2953,68531.6806,109425.9759
2021-09-17,40894.2953,68121.3962,109015.6915
2021-09-20,40894.2953,66305.4669,107199.7622
2021-09-21,40894.2953,66629.0219,107523.3172
2021-09-22,40894.2953,67709.5608,108603.8561
2021-09-23,40894.2953,67987.9741,108882.2694
2021-09-24,40894.2953,68652.0331,109546.3284
2021-09-27,40894.2953,68763.3215,109657.6168
2021-09-28,40894.2953,66917.2927,107811.588
2021-09-29,40894.2953,67015.2973,107909.5926
2021-09-30,40894.2953,66483.4851,107377.7804
2021-10-01,40894.2953,67156.3221,108050.6174
2021-10-04,40894.2953,66422.6026,107316.8979
2021-10-05,40894.2953,67223.4189,108117.7142
2021-10-06,40894.2953,67778.1994,108672.4947
2021-10-07,40894.2953,68464.4824,109358.7777
2021-10-08,40894.2953,68165.6808,109059.9761
2021-10-11,40894.2953,68299.3942,109193.6895
2021-10-12,40894.2953,68350.4712,109244.7665
2021-10-13,40894.2953,68790.023,109684.3183
2021-10-14,40894.2953,70035.9443,110930.2396
2021-10-15,12134.3882,100277.2538,112411.6419
2021-10-18,12134.3882,101513.5215,113647.9097
2021-10-19,12134.3882,102093.4097,114227.7978
2021-10-20,12134.3882,101685.6051,113819.9933
2021-10-21,12134.3882,103216.7501,115351.1383
2021-10-22,12134.3882,103104.866,115239.2541
2021-10-25,12134.3882,106776.5303,118910.9184
2021-10-26,12134.3882,107332.3595,119466.7476
2021-10-27,12134.3882,108486.0458,120620.434
2021-10-28,12134.3882,110652.6092,122786.9974
2021-10-29,12134.3882,111908.3254,124042.7136
2021-11-01,12134.3882,114686.1608,126820.5489
2021-11-02,12134.3882,114183.5192,126317.9074
2021-11-03,12134.3882,115761.0161,127895.4043
2021-11-04,12134.3882,117678.5822,129812.9703
2021-11-05,12134.3882,117803.5806,129937.9688
2021-11-08,12134.3882,116802.8785,128937.2667
2021-11-09,12134.3882,112479.984,124614.3721
2021-11-10,12134.3882,112199.6139,124334.002
2021-11-11,12134.3882,112447.882,124582.2702
2021-11-12,12134.3882,112278.0554,124412.4436
2021-11-15,12134.3882,111544.2212,123678.6094
2021-11-16,12134.3882,113241.0672,125375.4554
2021-11-17,12134.3882,114629.8767,126764.2648
2021-11-18,12134.3882,116347.7658,128482.154
2021-11-19,12134.3882,117771.8862,129906.2744
2021-11-22,12134.3882,117654.6113,129788.9995
2021-11-23,12134.3882,115168.5324,127302.9205
2021-11-24,12134.3882,115382.4732,127516.8614
2021-11-26,12134.3882,112231.0391,124365.4273
2021-11-29,12134.3882,115795.1915,127929.5797
2021-11-30,12134.3882,114586.9221,126721.3103
2021-12-01,12134.3882,113901.2949,126035.6831
2021-12-02,12134.3882,113707.2781,125841.6663
2021-12-03,12134.3882,110586.6076,122720.9957
2021-12-06,12134.3882,110876.8342,123011.2223
2021-12-07,12134.3882,114748.1218,126882.51
2021-12-08,12134.3882,115092.5786,127226.9667
2021-12-09,12134.3882,112087.8293,124222.2175
2021-12-10,12134.3882,115064.5867,127198.9749
2021-12-13,12134.3882,112121.3973,124255.7855
2021-12-14,12134.3882,110669.5256,122803.9138
2021-12-15,12134.3882,113762.2563,125896.6445
2021-12-16,12134.3882,109810.8927,121945.2809
2021-12-17,12134.3882,110391.9478,122526.3359
2021-12-20,12134.3882,109079.4873,121213.8754
2021-12-21,12134.3882,111753.1006,123887.4888
2021-12-22,12134.3882,115802.5481,127936.9362
2021-12-23,12134.3882,117983.0488,130117.437
2021-12-27,12134.3882,120359.5721,132493.9603
2021-12-28,12134.3882,119717.5188,131851.907
2021-12-29,12134.3882,119677.9288,131812.317
2021-12-30,12134.3882,118412.4142,130546.8023
2021-12-31,12134.3882,117722.1872,129856.5753
2022-01-03,12134.3882,124210.7869,136345.1751
2022-01-04,12134.3882,123625.4926,135759.8808
2022-01-05,12134.3882,117929.4761,130063.8642
2022-01-06,12134.3882,117109.6814,129244.0696
2022-01-07,12134.3882,113956.1475,126090.5356
2022-01-10,12134.3882,115426.5694,127560.9576
2022-01-11,12134.3882,116782.107,128916.4952
2022-01-12,12134.3882,119156.2196,131290.6078
2022-01-13,12134.3882,116496.2675,128630.6557
2022-01-14,12134.3882,117853.7169,129988.1051
2022-01-18,37205.8634,89375.1811,126581.0445
2022-01-19,59461.2546,64904.4793,124365.7339
2022-01-20,59461.2546,64238.8726,123700.1273
2022-01-21,59461.2546,61608.8973,121070.1519
2022-01-24,59461.2546,61534.3667,120995.6213
2022-01-25,59461.2546,60277.2481,119738.5027
2022-01-26,59461.2546,61032.6373,120493.8919
2022-01-27,116007.6899,0.0,116007.6899
2022-01-28,116007.6899,0.0,116007.6899
2022-01-31,116007.6899,0.0,116007.6899
2022-02-01,116007.6899,0.0,116007.6899
2022-02-02,116007.6899,0.0,116007.6899
2022-02-03,116007.6899,0.0,116007.6899
2022-02-04,93015.3942,22857.7275,115873.1217
2022-02-07,93015.3942,22900.6475,115916.0417
2022-02-08,93015.3942,23404.9575,116420.3517
2022-02-09,70593.6268,46399.7413,116993.3681
2022-02-10,70593.6268,45323.1001,115916.7269
2022-02-11,92590.9206,20650.8122,113241.7328
2022-02-14,92590.9206,20925.0182,113515.9388
2022-02-15,92590.9206,22846.1844,115437.105
2022-02-16,92590.9206,22859.9809,115450.9015
2022-02-17,92590.9206,21131.9661,113722.8867
2022-02-18,92590.9206,20386.0914,112977.012
2022-02-22,113108.82,0.0,113108.82
2022-02-23,113108.82,0.0,113108.82
2022-02-24,113108.82,0.0,113108.82
2022-02-25,113108.82,0.0,113108.82
2022-02-28,113108.82,0.0,113108.82
2022-03-01,113108.82,0.0,113108.82
2022-03-02,113108.82,0.0,113108.82
2022-03-03,113108.82,0.0,113108.82
2022-03-04,90693.7461,22367.4438,113061.1899
2022-03-07,90693.7461,21418.3127,112112.0588
2022-03-08,90693.7461,21615.3447,112309.0908
2022-03-09,90693.7461,22406.0996,113099.8457
2022-03-10,90693.7461,22057.4469,112751.193
2022-03-11,90693.7461,21686.6515,112380.3976
2022-03-14,90693.7461,21309.476,112003.2221
2022-03-15,90693.7461,22246.2222,112939.9684
2022-03-16,90693.7461,22785.1516,113478.8977
2022-03-17,90693.7461,22618.1435,113311.8897
2022-03-18,45895.4512,67571.397,113466.8481
2022-03-21,68171.9823,45440.6703,113612.6525
2022-03-22,68171.9823,47616.605,115788.5873
2022-03-23,68171.9823,47291.2509,115463.2331
2022-03-24,45256.6404,71803.9556,117060.5961
2022-03-25,45256.6404,71438.993,116695.6334
2022-03-28,45256.6404,74026.3516,119282.9921
2022-03-29,45256.6404,74900.5823,120157.2227
2022-03-30,45256.6404,73577.1758,118833.8163
2022-03-31,45256.6404,72787.7305,118044.3709
2022-04-01,45256.6404,72386.5893,117643.2298
2022-04-04,45256.6404,74717.48,119974.1205
2022-04-05,45256.6404,71423.6213,116680.2618
2022-04-06,65329.0038,48540.9326,113869.9365
2022-04-07,65329.0038,48864.2693,114193.2732
2022-04-08,65329.0038,47474.1891,112803.1929
2022-04-11,65329.0038,46010.2835,111339.2874
2022-04-12,65329.0038,46450.6227,111779.6266
2022-04-13,65329.0038,47606.5514,112935.5553
2022-04-14,65329.0038,45978.5903,111307.5941
2022-04-18,65329.0038,46932.3691,112261.3729
2022-04-19,65329.0038,47941.0644,113270.0683
2022-04-20,65329.0038,46688.0887,112017.0926
2022-04-21,65329.0038,47278.5137,112607.5175
2022-04-22,65329.0038,46968.1182,112297.1221
2022-04-25,65329.0038,46829.8521,112158.856
2022-04-26,108480.5994,0.0,108480.5994
2022-04-27,108480.5994,0.0,108480.5994
2022-04-28,108480.5994,0.0,108480.5994
2022-04-29,108480.5994,0.0,108480.5994
2022-05-02,108480.5994,0.0,108480.5994
2022-05-03,108480.5994,0.0,108480.5994
2022-05-04,108480.5994,0.0,108480.5994
2022-05-05,108480.5994,0.0,108480.5994
2022-05-06,108480.5994,0.0,108480.5994
2022-05-09,108480.5994,0.0,108480.5994
2022-05-10,108480.5994,0.0,108480.5994
2022-05-11,108480.5994,0.0,108480.5994
2022-05-12,108480.5994,0.0,108480.5994
2022-05-13,108480.5994,0.0,108480.5994
2022-05-16,108480.5994,0.0,108480.5994
2022-05-17,108480.5994,0.0,108480.5994
2022-05-18,108480.5994,0.0,108480.5994
2022-05-19,108480.5994,0.0,108480.5994
2022-05-20,108480.5994,0.0,108480.5994
2022-05-23,108480.5994,0.0,108480.5994
2022-05-24,108480.5994,0.0,108480.5994
2022-05-25,108480.5994,0.0,108480.5994
2022-05-26,108480.5994,0.0,108480.5994
2022-05-27,86819.3891,21461.898,108281.2871
2022-05-31,86819.3891,21303.3097,108122.6988
2022-06-01,86819.3891,20901.7049,107721.094
2022-06-02,86819.3891,22352.9587,109172.3477
2022-06-03,86819.3891,21358.074,108177.4631
2022-06-06,86819.3891,21433.3749,108252.764
2022-06-07,86819.3891,21593.1041,108412.4932
2022-06-08,86819.3891,21280.4252,108099.8143
2022-06-09,86819.3891,20595.7268,107415.1159
2022-06-10,86819.3891,19370.1168,106189.5058
2022-06-13,104765.6535,0.0,104765.6535
2022-06-14,104765.6535,0.0,104765.6535
2022-06-15,104765.6535,0.0,104765.6535
2022-06-16,104765.6535,0.0,104765.6535
2022-06-17,104765.6535,0.0,104765.6535
2022-06-21,104765.6535,0.0,104765.6535
2022-06-22,104765.6535,0.0,104765.6535
2022-06-23,104765.6535,0.0,104765.6535
2022-06-24,104765.6535,0.0,104765.6535
2022-06-27,104765.6535,0.0,104765.6535
2022-06-28,104765.6535,0.0,104765.6535
2022-06-29,104765.6535,0.0,104765.6535
2022-06-30,104765.6535,0.0,104765.6535
2022-07-01,104765.6535,0.0,104765.6535
2022-07-05,104765.6535,0.0,104765.6535
2022-07-06,104765.6535,0.0,104765.6535
2022-07-07,104765.6535,0.0,104765.6535
2022-07-08,104765.6535,0.0,104765.6535
2022-07-11,104765.6535,0.0,104765.6535
2022-07-12,104765.6535,0.0,104765.6535
2022-07-13,104765.6535,0.0,104765.6535
2022-07-14,104765.6535,0.0,104765.6535
2022-07-15,104765.6535,0.0,104765.6535
2022-07-18,83526.5059,20736.9256,104263.4315
2022-07-19,83526.5059,21884.4693,105410.9752
2022-07-20,83526.5059,22934.1305,106460.6363
2022-07-21,83526.5059,23247.0969,106773.6028
2022-07-22,83526.5059,22305.6217,105832.1276
2022-07-25,83526.5059,21925.683,105452.1889
2022-07-26,83526.5059,21293.3105,104819.8163
2022-07-27,83526.5059,22912.2357,106438.7416
2022-07-28,83526.5059,23162.0937,106688.5996
2022-07-29,83526.5059,23392.6328,106919.1386
2022-08-01,106859.3317,0.0,106859.3317
2022-08-02,106859.3317,0.0,106859.3317
2022-08-03,106859.3317,0.0,106859.3317
2022-08-04,106859.3317,0.0,106859.3317
2022-08-05,106859.3317,0.0,106859.3317
2022-08-08,106859.3317,0.0,106859.3317
2022-08-09,106859.3317,0.0,106859.3317
2022-08-10,106859.3317,0.0,106859.3317
2022-08-11,106859.3317,0.0,106859.3317
2022-08-12,106859.3317,0.0,106859.3317
2022-08-15,106859.3317,0.0,106859.3317
2022-08-16,106859.3317,0.0,106859.3317
2022-08-17,106859.3317,0.0,106859.3317
2022-08-18,106859.3317,0.0,106859.3317
2022-08-19,106859.3317,0.0,106859.3317
2022-08-22,106859.3317,0.0,106859.3317
2022-08-23,106859.3317,0.0,106859.3317
2022-08-24,106859.3317,0.0,106859.3317
2022-08-25,106859.3317,0.0,106859.3317
2022-08-26,106859.3317,0.0,106859.3317
2022-08-29,106859.3317,0.0,106859.3317
2022-08-30,106859.3317,0.0,106859.3317
2022-08-31,106859.3317,0.0,106859.3317
2022-09-01,106859.3317,0.0,106859.3317
2022-09-02,106859.3317,0.0,106859.3317
2022-09-06,106859.3317,0.0,106859.3317
2022-09-07,106859.3317,0.0,106859.3317
2022-09-08,106859.3317,0.0,106859.3317
2022-09-09,106859.3317,0.0,106859.3317
2022-09-12,86643.1686,21004.98,107648.1486
2022-09-13,106801.6793,0.0,106801.6793
2022-09-14,106801.6793,0.0,106801.6793
2022-09-15,106801.6793,0.0,106801.6793
2022-09-16,106801.6793,0.0,106801.6793
2022-09-19,106801.6793,0.0,106801.6793
2022-09-20,106801.6793,0.0,106801.6793
2022-09-21,106801.6793,0.0,106801.6793
2022-09-22,106801.6793,0.0,106801.6793
2022-09-23,106801.6793,0.0,106801.6793
2022-09-26,106801.6793,0.0,106801.6793
2022-09-27,106801.6793,0.0,106801.6793
2022-09-28,106801.6793,0.0,106801.6793
2022-09-29,106801.6793,0.0,106801.6793
2022-09-30,106801.6793,0.0,106801.6793
2022-10-03,106801.6793,0.0,106801.6793
2022-10-04,106801.6793,0.0,106801.6793
2022-10-05,106801.6793,0.0,106801.6793
2022-10-06,106801.6793,0.0,106801.6793
2022-10-07,106801.6793,0.0,106801.6793
2022-10-10,106801.6793,0.0,106801.6793
2022-10-11,106801.6793,0.0,106801.6793
2022-10-12,106801.6793,0.0,106801.6793
2022-10-13,106801.6793,0.0,106801.6793
2022-10-14,106801.6793,0.0,106801.6793
2022-10-17,106801.6793,0.0,106801.6793
2022-10-18,106801.6793,0.0,106801.6793
2022-10-19,106801.6793,0.0,106801.6793
2022-10-20,106801.6793,0.0,106801.6793
2022-10-21,106801.6793,0.0,106801.6793
2022-10-24,106801.6793,0.0,106801.6793
2022-10-25,106801.6793,0.0,106801.6793
2022-10-26,106801.6793,0.0,106801.6793
2022-10-27,106801.6793,0.0,106801.6793
2022-10-28,106801.6793,0.0,106801.6793
2022-10-31,106801.6793,0.0,106801.6793
2022-11-01,106801.6793,0.0,106801.6793
2022-11-02,106801.6793,0.0,106801.6793
2022-11-03,106801.6793,0.0,106801.6793
2022-11-04,106801.6793,0.0,106801.6793
2022-11-07,106801.6793,0.0,106801.6793
2022-11-08,106801.6793,0.0,106801.6793
2022-11-09,106801.6793,0.0,106801.6793
2022-11-10,106801.6793,0.0,106801.6793
2022-11-11,106801.6793,0.0,106801.6793
2022-11-14,106801.6793,0.0,106801.6793
2022-11-15,106801.6793,0.0,106801.6793
2022-11-16,106801.6793,0.0,106801.6793
2022-11-17,106801.6793,0.0,106801.6793
2022-11-18,106801.6793,0.0,106801.6793
2022-11-21,106801.6793,0.0,106801.6793
2022-11-22,106801.6793,0.0,106801.6793
2022-11-23,85805.621,21106.4393,106912.0602
2022-11-25,85805.621,20958.9109,106764.5319
2022-11-28,106485.0231,0.0,106485.0231
2022-11-29,106485.0231,0.0,106485.0231
2022-11-30,106485.0231,0.0,106485.0231
2022-12-01,106485.0231,0.0,106485.0231
2022-12-02,106485.0231,0.0,106485.0231
2022-12-05,106485.0231,0.0,106485.0231
2022-12-06,106485.0231,0.0,106485.0231
2022-12-07,106485.0231,0.0,106485.0231
2022-12-08,106485.0231,0.0,106485.0231
2022-12-09,106485.0231,0.0,106485.0231
2022-12-12,106485.0231,0.0,106485.0231
2022-12-13,85510.0314,21067.7915,106577.8229
2022-12-14,85510.0314,20603.8152,106113.8465
2022-12-15,105163.9082,0.0,105163.9082
2022-12-16,105163.9082,0.0,105163.9082
2022-12-19,105163.9082,0.0,105163.9082
2022-12-20,105163.9082,0.0,105163.9082
2022-12-21,105163.9082,0.0,105163.9082
2022-12-22,105163.9082,0.0,105163.9082
2022-12-23,105163.9082,0.0,105163.9082
2022-12-27,105163.9082,0.0,105163.9082
2022-12-28,105163.9082,0.0,105163.9082
2022-12-29,105163.9082,0.0,105163.9082
2022-12-30,105163.9082,0.0,105163.9082
2023-01-03,105163.9082,0.0,105163.9082
2023-01-04,105163.9082,0.0,105163.9082
2023-01-05,105163.9082,0.0,105163.9082
2023-01-06,83456.7908,21558.8187,105015.6095
2023-01-09,83456.7908,21136.0178,104592.8085
2023-01-10,83456.7908,21064.2076,104520.9983
2023-01-11,83456.7908,21181.8151,104638.6059
2023-01-12,63120.798,42029.3959,105150.1939
2023-01-13,63120.798,41874.0751,104994.8731
2023-01-17,42271.8131,63288.171,105559.9841
2023-01-18,42271.8131,62837.6462,105109.4593
2023-01-19,42271.8131,61455.366,103727.1791
2023-01-20,42271.8131,63625.4164,105897.2295
2023-01-23,42271.8131,66722.3909,108994.2041
2023-01-24,42271.8131,66670.0722,108941.8854
2023-01-25,42271.8131,66250.5544,108522.3675
2023-01-26,42271.8131,67535.8337,109807.6468
2023-01-27,42271.8131,67886.2503,110158.0634
2023-01-30,42271.8131,66077.0152,108348.8283
2023-01-31,42271.8131,66554.6433,108826.4564
2023-02-01,42271.8131,69341.769,111613.5821
2023-02-02,19805.2396,93708.2762,113513.5158
2023-02-03,19805.2396,91676.6803,111481.9199
2023-02-06,19805.2396,90988.1861,110793.4257
2023-02-07,19805.2396,94329.9901,114135.2298
2023-02-08,19805.2396,93764.8834,113570.123
2023-02-09,19805.2396,94140.861,113946.1006
2023-02-10,19805.2396,92291.2796,112096.5192
2023-02-13,19805.2396,94084.1009,113889.3405
2023-02-14,19805.2396,96037.2562,115842.4959
2023-02-15,19805.2396,94564.1635,114369.4031
2023-02-16,19805.2396,92319.4366,112124.6762
2023-02-17,19805.2396,90887.5096,110692.7493
2023-02-21,19805.2396,88454.841,108260.0806
2023-02-22,41969.228,66262.1666,108231.3946
2023-02-23,41969.228,70748.3887,112717.6166
2023-02-24,41969.228,69611.8688,111581.0968
2023-02-27,41969.228,69954.8258,111924.0537
2023-02-28,41969.228,69887.7281,111856.956
2023-03-01,41969.228,69571.5723,111540.8002
2023-03-02,41969.228,70629.6183,112598.8462
2023-03-03,41969.228,72739.7753,114709.0033
2023-03-06,41969.228,72299.254,114268.4819
2023-03-07,41969.228,71531.6696,113500.8976
2023-03-08,41969.228,73317.1587,115286.3866
2023-03-09,41969.228,71617.0862,113586.3142
2023-03-10,41969.228,70391.5979,112360.8259
2023-03-13,41969.228,70569.4972,112538.7252
2023-03-14,41969.228,72818.6898,114787.9177
2023-03-15,41969.228,72161.6772,114130.9051
2023-03-16,41969.228,74824.2261,116793.4541
2023-03-17,41969.228,74879.4067,116848.6347
2023-03-20,41969.228,75689.0503,117658.2783
2023-03-21,41969.228,76543.3785,118512.6064
2023-03-22,41969.228,76674.363,118643.5909
2023-03-23,41969.228,78305.4885,120274.7164
2023-03-24,41969.228,77275.7385,119244.9665
2023-03-27,41969.228,76129.1688,118098.3967
2023-03-28,41969.228,75943.3156,117912.5436
2023-03-29,41969.228,77116.7115,119085.9395
2023-03-30,16240.7669,103572.3164,119813.0832
2023-03-31,16240.7669,104841.5534,121082.3202
2023-04-03,16240.7669,104957.6366,121198.4035
2023-04-04,16240.7669,103891.228,120131.9949
2023-04-05,16240.7669,102288.2072,118528.974
2023-04-06,16240.7669,102904.923,119145.6899
2023-04-10,16240.7669,103227.4881,119468.255
2023-04-11,16240.7669,101986.9008,118227.6677
2023-04-12,16240.7669,100504.6562,116745.423
2023-04-13,16240.7669,101363.8457,117604.6126
2023-04-14,16240.7669,101238.9729,117479.7398
2023-04-17,16240.7669,102245.6119,118486.3788
2023-04-18,16240.7669,103210.2244,119450.9913
2023-04-19,16240.7669,103391.6928,119632.4596
2023-04-20,16240.7669,102642.0294,118882.7963
2023-04-21,16240.7669,101685.6263,117926.3932
2023-04-24,16240.7669,101118.9175,117359.6844
2023-04-25,35912.5879,78884.1473,114796.7352
2023-04-26,35912.5879,81321.1904,117233.7783
2023-04-27,35912.5879,82579.2695,118491.8574
2023-04-28,35912.5879,83715.2047,119627.7926
2023-05-01,35912.5879,85353.5471,121266.135
2023-05-02,35912.5879,83568.9314,119481.5193
2023-05-03,35912.5879,83027.6862,118940.2741
2023-05-04,35912.5879,82723.8749,118636.4628
2023-05-05,35912.5879,85254.6377,121167.2256
2023-05-08,35912.5879,85589.9767,121502.5646
2023-05-09,35912.5879,84366.7149,120279.3028
2023-05-10,35912.5879,85504.9402,121417.5281
2023-05-11,35912.5879,84994.9213,120907.5091
2023-05-12,35912.5879,84739.1658,120651.7537
2023-05-15,35912.5879,85826.0966,121738.6845
2023-05-16,35912.5879,86400.0906,122312.6785
2023-05-17,35912.5879,88397.3797,124309.9676
2023-05-18,35912.5879,91331.8554,127244.4433
2023-05-19,35912.5879,90987.5226,126900.1105
2023-05-22,35912.5879,90998.5235,126911.1114
2023-05-23,35912.5879,90184.8809,126097.4688
2023-05-24,35912.5879,89622.5846,125535.1725
2023-05-25,35912.5879,101318.5168,137231.1047
2023-05-26,35912.5879,106188.7292,142101.317
2023-05-30,35912.5879,107064.2429,142976.8308
2023-05-31,35912.5879,104291.7717,140204.3595
2023-06-01,35912.5879,106292.2311,142204.819
2023-06-02,35912.5879,106839.3884,142751.9763
2023-06-05,35912.5879,106346.4294,142259.0173
2023-06-06,35912.5879,105077.1814,140989.7692
2023-06-07,35912.5879,102851.8831,138764.471
2023-06-08,35912.5879,104671.0131,140583.601
2023-06-09,35912.5879,105132.333,141044.9209
2023-06-12,35912.5879,108304.6365,144217.2244
2023-06-13,35912.5879,110187.1681,146099.756
2023-06-14,35912.5879,114088.6838,150001.2716
2023-06-15,35912.5879,114558.8076,150471.3955
2023-06-16,35912.5879,113515.2921,149427.88
2023-06-20,35912.5879,114440.467,150353.0548
2023-06-21,35912.5879,112547.1118,148459.6996
2023-06-22,35912.5879,112888.2165,148800.8044
2023-06-23,35912.5879,110746.8343,146659.4222
2023-06-26,35912.5879,108283.3017,144195.8896
2023-06-27,35912.5879,111286.8126,147199.4005
2023-06-28,35912.5879,110490.3571,146402.945
2023-06-29,35912.5879,110612.3,146524.8879
2023-06-30,35912.5879,113037.8803,148950.4682
2023-07-03,35912.5879,113271.455,149184.0429
2023-07-05,35912.5879,112631.8124,148544.4003
2023-07-06,35912.5879,112148.5484,148061.1362
2023-07-07,35912.5879,112206.2627,148118.8506
2023-07-10,35912.5879,112484.7153,148397.3032
2023-07-11,35912.5879,112968.6411,148881.2289
2023-07-12,35912.5879,115458.0148,151370.6027
2023-07-13,35912.5879,118417.9289,154330.5168
2023-07-14,35912.5879,117986.8087,153899.3966
2023-07-17,35912.5879,120009.5893,155922.1772
2023-07-18,35912.5879,122221.991,158134.5789
2023-07-19,35912.5879,121252.8264,157165.4143
2023-07-20,35912.5879,118186.1752,154098.7631
2023-07-21,35912.5879,116787.4607,152700.0486
2023-07-24,35912.5879,117446.3188,153358.9067
2023-07-25,35912.5879,119847.163,155759.7509
2023-07-26,35912.5879,117455.4079,153367.9958
2023-07-27,35912.5879,117359.9108,153272.4987
2023-07-28,35912.5879,119290.2165,155202.8044
2023-07-31,35912.5879,119000.5596,154913.1474
2023-08-01,35912.5879,119568.7853,155481.3732
2023-08-02,35912.5879,115097.0355,151009.6234
2023-08-03,35912.5879,115039.4617,150952.0496
2023-08-04,35912.5879,115212.39,151124.9779
2023-08-07,35912.5879,116864.8811,152777.469
2023-08-08,35912.5879,115092.3559,151004.9438
2023-08-09,35912.5879,111052.2505,146964.8384
2023-08-10,35912.5879,110629.4742,146542.0621
2023-08-11,35912.5879,108158.5128,144071.1007
2023-08-14,35912.5879,112756.6234,148669.2113
2023-08-15,35912.5879,112349.6474,148262.2353
2023-08-16,35912.5879,111389.3334,147301.9213
2023-08-17,35912.5879,110682.1938,146594.7817
2023-08-18,35912.5879,110546.5196,146459.1075
2023-08-21,35912.5879,116824.6324,152737.2203
2023-08-22,35912.5879,114997.6486,150910.2365
2023-08-23,35912.5879,117891.0056,153803.5935
2023-08-24,35912.5879,116485.8277,152398.4156
2023-08-25,35912.5879,115310.7383,151223.3262
2023-08-28,35912.5879,116683.9414,152596.5293
2023-08-29,35912.5879,120483.0056,156395.5935
2023-08-30,35912.5879,121171.2197,157083.8076
2023-08-31,35912.5879,122320.4076,158232.9955
2023-09-01,35912.5879,119535.366,155447.9538
2023-09-05,35912.5879,120013.6035,155926.1914
2023-09-06,35912.5879,118206.1152,154118.7031
2023-09-07,35912.5879,116402.5991,152315.1869
2023-09-08,35912.5879,116029.2994,151941.8873
2023-09-11,35912.5879,115957.4233,151870.0112
2023-09-12,35912.5879,114489.8209,150402.4088
2023-09-13,35912.5879,115918.1971,151830.785
2023-09-14,35912.5879,116965.9533,152878.5411
2023-09-15,35912.5879,113469.558,149382.1459
2023-09-18,35912.5879,113379.5151,149292.103
2023-09-19,35912.5879,112786.1511,148698.739
2023-09-20,35912.5879,110033.6086,145946.1965
2023-09-21,65157.6542,78559.2284,143716.8826
2023-09-22,65157.6542,80031.9324,145189.5866
2023-09-25,65157.6542,80933.6134,146091.2676
2023-09-26,65157.6542,79906.3653,145064.0195
2023-09-27,65157.6542,80586.8488,145744.5029
2023-09-28,65157.6542,81886.3275,147043.9817
2023-09-29,65157.6542,82317.2329,147474.8871
2023-10-02,65157.6542,83994.399,149152.0532
2023-10-03,65157.6542,81750.9977,146908.6518
2023-10-04,65157.6542,82704.3652,147862.0193
2023-10-05,65157.6542,83469.8032,148627.4574
2023-10-06,65157.6542,85535.5355,150693.1897
2023-10-09,65157.6542,85354.5583,150512.2125
2023-10-10,35068.03,115857.5796,150925.6096
2023-10-11,1369.5182,151081.0881,152450.6063
2023-10-12,1369.5182,152090.318,153459.8362
2023-10-13,34308.7947,114971.287,149280.0817
2023-10-16,34308.7947,116759.1689,151067.9636
2023-10-17,34308.7947,113640.8771,147949.6718
2023-10-18,34308.7947,110307.9022,144616.6969
2023-10-19,58823.5681,82056.7815,140880.3496
2023-10-20,58823.5681,80684.4737,139508.0418
2023-10-23,58823.5681,82879.0,141702.5681
2023-10-24,58823.5681,84395.5613,143219.1294
2023-10-25,20474.1788,119350.4246,139824.6034
2023-10-26,20474.1788,115343.4334,135817.6122
2023-10-27,20474.1788,116197.9922,136672.1711
2023-10-30,20474.1788,117930.2331,138404.4119
2023-10-31,20474.1788,117575.1262,138049.3051
2023-11-01,20474.1788,120726.1941,141200.3729
2023-11-02,20474.1788,123058.1167,143532.2955
2023-11-03,20474.1788,125756.0321,146230.2109
2023-11-06,20474.1788,126987.3593,147461.5381
2023-11-07,20474.1788,128312.1643,148786.3432
2023-11-08,20474.1788,129839.7461,150313.9249
2023-11-09,20474.1788,130010.2419,150484.4207
2023-11-10,20474.1788,134376.7814,154850.9602
2023-11-13,20474.1788,133981.5086,154455.6874
2023-11-14,20474.1788,136579.2553,157053.4341
2023-11-15,20474.1788,135780.8149,156254.9937
2023-11-16,20474.1788,136621.5232,157095.702
2023-11-17,20474.1788,136371.9015,156846.0803
2023-11-20,20474.1788,139209.9476,159684.1265
2023-11-21,20474.1788,137626.9685,158101.1473
2023-11-22,20474.1788,136373.7751,156847.9539
2023-11-24,20474.1788,135473.2838,155947.4626
2023-11-27,20474.1788,135088.4538,155562.6326
2023-11-28,20474.1788,134907.8879,155382.0667
2023-11-29,20474.1788,134644.155,155118.3338
2023-11-30,20474.1788,132470.8508,152945.0296
2023-12-01,20474.1788,132127.8658,152602.0446
2023-12-04,20474.1788,129816.0462,150290.225
2023-12-05,20474.1788,131043.7259,151517.9047
2023-12-06,20474.1788,129015.8373,149490.0161
2023-12-07,20474.1788,131242.9493,151717.1281
2023-12-08,20474.1788,133509.1103,153983.2891
2023-12-11,20474.1788,135309.3976,155783.5764
2023-12-12,20474.1788,138477.9348,158952.1136
2023-12-13,20474.1788,139634.9035,160109.0823
2023-12-14,20474.1788,139618.6789,160092.8577
2023-12-15,20474.1788,141664.7386,162138.9174
2023-12-18,20474.1788,143926.1225,164400.3014
2023-12-19,20474.1788,143355.3501,163829.5289
2023-12-20,20474.1788,140201.2063,160675.3851
2023-12-21,20474.1788,142201.7179,162675.8967
2023-12-22,20474.1788,141931.219,162405.3978
2023-12-26,20474.1788,142841.5335,163315.7123
2023-12-27,20474.1788,142723.5168,163197.6956
2023-12-28,20474.1788,142843.0503,163317.2291
2023-12-29,20474.1788,142697.9587,163172.1375
2024-01-02,20474.1788,139359.891,159834.0698
2024-01-03,20474.1788,137618.2037,158092.3825
2024-01-04,20474.1788,137465.869,157940.0478
2024-01-05,20474.1788,138751.6789,159225.8577
2024-01-08,20474.1788,144217.6787,164691.8575
2024-01-09,20474.1788,145674.9587,166149.1376
2024-01-10,20474.1788,147818.5512,168292.73
2024-01-11,20474.1788,149312.7921,169786.9709
2024-01-12,20474.1788,149902.3166,170376.4955
2024-01-16,20474.1788,152351.5912,172825.77
2024-01-17,20474.1788,151449.9772,171924.156
2024-01-18,20474.1788,154698.2091,175172.3879
2024-01-19,20474.1788,160574.9449,181049.1237
2024-01-22,20474.1788,160872.1516,181346.3304
2024-01-23,20474.1788,161617.9549,182092.1337
2024-01-24,20474.1788,164820.9884,185295.1672
2024-01-25,20474.1788,164488.0962,184962.275
2024-01-26,20474.1788,162749.1235,183223.3023
2024-01-29,20474.1788,165577.8129,186051.9917
2024-01-30,20474.1788,165454.9424,185929.1212
2024-01-31,20474.1788,161685.9131,182160.0919
2024-02-01,20474.1788,164905.5509,185379.7297
2024-02-02,20474.1788,170354.3435,190828.5223
2024-02-05,20474.1788,174172.8149,194646.9937
2024-02-06,20474.1788,172079.5399,192553.7187
2024-02-07,20474.1788,176548.7826,197022.9614
2024-02-08,20474.1788,176678.2331,197152.4119
2024-02-09,20474.1788,180671.2264,201145.4052
2024-02-12,20474.1788,179519.2245,199993.4033
2024-02-13,20474.1788,177868.8383,198343.0171
2024-02-14,20474.1788,180799.3938,201273.5726
2024-02-15,20474.1788,179109.1431,199583.3219
2024-02-16,20474.1788,178039.4175,198513.5963
2024-02-20,20474.1788,173455.686,193929.8648
2024-02-21,20474.1788,171083.5189,191557.6977
2024-02-22,20474.1788,188116.9351,208591.1139
2024-02-23,20474.1788,187978.547,208452.7258
2024-02-26,20474.1788,188464.8158,208938.9946
2024-02-27,20474.1788,187513.1606,207987.3394
2024-02-28,20474.1788,186059.9731,206534.1519
2024-02-29,20474.1788,188854.0681,209328.2469
2024-03-01,20474.1788,196499.9314,216974.1102
2024-03-04,20474.1788,200041.4331,220515.6119
2024-03-05,20474.1788,197287.5984,217761.7772
2024-03-06,20474.1788,200725.3725,221199.5514
2024-03-07,20474.1788,208343.1493,228817.3282
2024-03-08,20474.1788,198261.9477,218736.1265
2024-03-11,20474.1788,195414.9546,215889.1334
2024-03-12,20474.1788,203830.6202,224304.799
2024-03-13,20474.1788,201326.0215,221800.2003
2024-03-14,20474.1788,199159.7241,219633.9029
2024-03-15,20474.1788,197035.1722,217509.3511
2024-03-18,20474.1788,197932.1247,218406.3035
2024-03-19,20474.1788,199536.2715,220010.4503
2024-03-20,20474.1788,202744.8188,223218.9976
2024-03-21,20474.1788,207176.8576,227651.0364
2024-03-22,20474.1788,210680.1732,231154.352
2024-03-25,20474.1788,210786.0893,231260.2681
2024-03-26,20474.1788,207012.1309,227486.3097
2024-03-27,20474.1788,203779.3401,224253.5189
2024-03-28,20474.1788,204075.5907,224549.7695
2024-04-01,20474.1788,205454.1058,225928.2846
2024-04-02,20474.1788,203592.3189,224066.4978
2024-04-03,20474.1788,203824.5149,224298.6937
2024-04-04,20474.1788,198203.2932,218677.472
2024-04-05,20474.1788,202374.2383,222848.4171
2024-04-08,20474.1788,201111.0283,221585.2071
2024-04-09,20474.1788,199126.1974,219600.3762
2024-04-10,20474.1788,200333.0867,220807.2655
2024-04-11,20474.1788,207344.1948,227818.3736
2024-04-12,20474.1788,202349.8262,222824.005
2024-04-15,20474.1788,197581.1448,218055.3236
2024-04-16,20474.1788,200047.6599,220521.8387
2024-04-17,20474.1788,194001.2436,214475.4224
2024-04-18,20474.1788,193006.7946,213480.9734
2024-04-19,20474.1788,180383.5222,200857.701
2024-04-22,20474.1788,185251.0394,205725.2182
2024-04-23,20474.1788,190357.5726,210831.7514
2024-04-24,20474.1788,187571.8977,208046.0765
2024-04-25,20474.1788,191342.2932,211816.472
2024-04-26,20474.1788,200056.6939,220530.8727
2024-04-29,20474.1788,199417.5922,219891.771
2024-04-30,20474.1788,194914.902,215389.0808
2024-05-01,20474.1788,189421.4106,209895.5894
2024-05-02,20474.1788,192864.3279,213338.5067
2024-05-03,20474.1788,198857.0304,219331.2092
2024-05-06,20474.1788,204801.613,225275.7918
2024-05-07,20474.1788,202183.9874,222658.1663
2024-05-08,20474.1788,202989.6731,223463.8519
2024-05-09,20474.1788,200484.2503,220958.4291
2024-05-10,20474.1788,203113.646,223587.8248
2024-05-13,20474.1788,203790.5663,224264.7451
2024-05-14,20474.1788,206841.1968,227315.3756
2024-05-15,20474.1788,213641.3458,234115.5246
2024-05-16,20474.1788,212180.1875,232654.3663
2024-05-17,20474.1788,209239.1364,229713.3152
2024-05-20,20474.1788,213241.1174,233715.2962
2024-05-21,20474.1788,213817.2438,234291.4226
2024-05-22,20474.1788,213208.2709,233682.4497
2024-05-23,20474.1788,223294.0217,243768.2005
2024-05-24,20474.1788,227350.826,247825.0048
2024-05-28,20474.1788,236314.6631,256788.8419
2024-05-29,20474.1788,236455.4779,256929.6567
2024-05-30,20474.1788,228708.2179,249182.3967
2024-05-31,20474.1788,226399.9095,246874.0883
2024-06-03,20474.1788,232302.2281,252776.4069
2024-06-04,20474.1788,234622.7518,255096.9306
2024-06-05,20474.1788,245703.1959,266177.3747
2024-06-06,20474.1788,243614.0949,264088.2737
2024-06-07,20474.1788,243610.4805,264084.6593
2024-06-10,20474.1788,246403.3567,266877.5355
2024-06-11,20474.1788,246694.6729,267168.8518
2024-06-12,20474.1788,254005.0378,274479.2166
2024-06-13,20474.1788,266174.205,286648.3838
2024-06-14,20474.1788,271075.1063,291549.2851
2024-06-17,20474.1788,274200.3441,294674.5229
2024-06-18,20474.1788,278408.903,298883.0818
2024-06-20,20474.1788,270112.95,290587.1288
2024-06-21,20474.1788,262747.9312,283222.11
2024-06-24,20474.1788,250213.3744,270687.5532
2024-06-25,20474.1788,259573.4619,280047.6408
2024-06-26,20474.1788,260499.579,280973.7578
2024-06-27,20474.1788,257531.2736,278005.4525
2024-06-28,20474.1788,257044.4355,277518.6144
2024-07-01,20474.1788,260380.3317,280854.5105
2024-07-02,20474.1788,259374.6254,279848.8042
2024-07-03,20474.1788,268873.7835,289347.9623
2024-07-05,20474.1788,265772.373,286246.5518
2024-07-08,20474.1788,270026.8393,290501.0181
2024-07-09,20474.1788,272548.2584,293022.4373
2024-07-10,20474.1788,277904.4939,298378.6727
2024-07-11,20474.1788,266269.2939,286743.4727
2024-07-12,20474.1788,268111.7587,288585.9375
2024-07-15,20474.1788,267724.6029,288198.7818
2024-07-16,20474.1788,263994.6033,284468.7821
2024-07-17,20474.1788,248378.3537,268852.5325
2024-07-18,20474.1788,253394.9305,273869.1093
2024-07-19,20474.1788,248098.9694,268573.1482
2024-07-22,20474.1788,256781.8174,277255.9962
2024-07-23,20474.1788,256899.7063,277373.8851
2024-07-24,20474.1788,240556.6194,261030.7982
2024-07-25,67808.8496,188885.6176,256694.4672
2024-07-26,67808.8496,190701.0476,258509.8972
2024-07-29,67808.8496,188433.528,256242.3776
2024-07-30,67808.8496,176626.0381,244434.8877
2024-07-31,67808.8496,198792.0011,266600.8507
2024-08-01,67808.8496,184416.077,252224.9266
2024-08-02,67808.8496,180918.0156,248726.8652
2024-08-05,67808.8496,172210.6135,240019.4631
2024-08-06,67808.8496,177390.8653,245199.7149
2024-08-07,121096.9886,116756.4127,237853.4013
2024-08-08,121096.9886,123909.8235,245006.8121
2024-08-09,121096.9886,123650.1287,244747.1173
2024-08-12,121096.9886,128690.5683,249787.557
2024-08-13,70175.6683,188137.5234,258313.1917
2024-08-14,70175.6683,189725.6315,259901.2998
2024-08-15,70175.6683,196549.8172,266725.4856
2024-08-16,70175.6683,198751.938,268927.6063
2024-08-19,15063.5397,259985.7896,275049.3293
2024-08-20,15063.5397,255332.7582,270396.2979
2024-08-21,15063.5397,257162.2435,272225.7832
2024-08-22,15063.5397,246973.0827,262036.6223
2024-08-23,15063.5397,257419.0808,272482.6205
2024-08-26,15063.5397,251587.537,266651.0766
2024-08-27,15063.5397,253217.8643,268281.4039
2024-08-28,15063.5397,248794.9731,263858.5128
2024-08-29,15063.5397,239442.9593,254506.499
2024-08-30,15063.5397,244217.7149,259281.2545
2024-09-03,15063.5397,226616.1779,241679.7176
2024-09-04,15063.5397,226774.2021,241837.7418
2024-09-05,15063.5397,231428.9998,246492.5395
2024-09-06,15063.5397,219458.2492,234521.7889
2024-09-09,15063.5397,226877.5027,241941.0424
2024-09-10,15063.5397,231123.4448,246186.9844
2024-09-11,2952.075,256413.4917,259365.5667
2024-09-12,2788.1097,260286.9825,263075.0922
2024-09-13,2788.1097,260781.1938,263569.3035
2024-09-16,2788.1097,256183.6142,258971.7239
2024-09-17,2788.1097,254639.0188,257427.1285
2024-09-18,2788.1097,251708.3574,254496.4671
2024-09-19,2788.1097,264006.2668,266794.3764
2024-09-20,2788.1097,259679.1874,262467.2971
2024-09-23,2788.1097,263018.4886,265806.5983
2024-09-24,2788.1097,271527.8955,274316.0052
2024-09-25,2788.1097,275515.9723,278304.0819
2024-09-26,2788.1097,276767.0456,279555.1553
2024-09-27,2788.1097,272446.0611,275234.1707
2024-09-30,2788.1097,271566.7277,274354.8374
2024-10-01,14871.4359,252652.3687,267523.8046
2024-10-02,14871.4359,253743.2904,268614.7263
2024-10-03,14871.4359,257512.3591,272383.795
2024-10-04,14871.4359,262768.0471,277639.483
2024-10-07,14871.4359,264801.579,279673.0149
2024-10-08,14871.4359,272267.4364,287138.8723
2024-10-09,14871.4359,271468.0242,286339.4601
2024-10-10,14871.4359,273054.8386,287926.2745
2024-10-11,14871.4359,269396.4644,284267.9003
2024-10-14,14871.4359,274006.9904,288878.4263
2024-10-15,14871.4359,264953.0595,279824.4954
2024-10-16,14871.4359,270352.9211,285224.357
2024-10-17,14871.4359,277135.9614,292007.3973
2024-10-18,14871.4359,276846.8113,291718.2472
2024-10-21,14871.4359,283482.2944,298353.7303
2024-10-22,14871.4359,282092.9259,296964.3618
2024-10-23,14871.4359,276978.6792,291850.1151
2024-10-24,14871.4359,288582.3698,303453.8057
2024-10-25,14871.4359,293689.8681,308561.304
2024-10-28,14871.4359,288244.1339,303115.5698
2024-10-29,14871.4359,289052.3081,303923.744
2024-10-30,14871.4359,285575.108,300446.5439
2024-10-31,14871.4359,274748.6186,289620.0545
2024-11-01,14871.4359,278367.6383,293239.0742
2024-11-04,14871.4359,277217.1233,292088.5592
2024-11-05,14871.4359,285134.758,300006.1939
2024-11-06,14871.4359,300201.3637,315072.7996
2024-11-07,14871.4359,308488.1916,323359.6275
2024-11-08,14871.4359,312971.2818,327842.7177
2024-11-11,14871.4359,315094.4247,329965.8606
2024-11-12,14871.4359,312721.0729,327592.5088
2024-11-13,14871.4359,309243.5301,324114.966
2024-11-14,14871.4359,305696.0986,320567.5345
2024-11-15,14871.4359,301644.8072,316516.2431
2024-11-18,14871.4359,304337.1294,319208.5653
2024-11-19,14871.4359,314864.9682,329736.4041
2024-11-20,14871.4359,312178.6366,327050.0725
2024-11-21,14871.4359,313370.6998,328242.1357
2024-11-22,14871.4359,310619.4505,325490.8864
2024-11-25,14871.4359,298710.5132,313581.9491
2024-11-26,14871.4359,299316.1066,314187.5425
2024-11-27,14871.4359,295349.8184,310221.2543
2024-11-29,14871.4359,302825.196,317696.6319
2024-12-02,3398.3785,320596.3961,323994.7747
2024-12-03,3398.3785,322473.7124,325872.0909
2024-12-04,3398.3785,330533.0794,333931.4579
2024-12-05,3398.3785,334494.4216,337892.8002
2024-12-06,3398.3785,335888.8538,339287.2323
2024-12-09,3398.3785,330663.2075,334061.5861
2024-12-10,3398.3785,326763.6909,330162.0694
2024-12-11,3398.3785,338548.5732,341946.9517
2024-12-12,3398.3785,333846.3227,337244.7013
2024-12-13,3398.3785,337464.3076,340862.6861
2024-12-16,3398.3785,341878.3858,345276.7643
2024-12-17,3398.3785,343705.1596,347103.5381
2024-12-18,3398.3785,330231.3383,333629.7168
2024-12-19,3398.3785,331061.6506,334460.0291
2024-12-20,3398.3785,332863.0888,336261.4674
2024-12-23,3398.3785,344070.7085,347469.087
2024-12-24,3398.3785,352290.6225,355689.001
2024-12-26,3398.3785,348949.4607,352347.8392
2024-12-27,3398.3785,339364.6707,342763.0492
2024-12-30,14764.7879,324576.2232,339341.0112
2024-12-31,14764.7879,316605.147,331369.935
2025-01-02,14764.7879,316553.7677,331318.5557
2025-01-03,14764.7879,333557.4191,348322.207
2025-01-06,14764.7879,342965.9504,357730.7383
2025-01-07,14764.7879,325339.8252,340104.6131
2025-01-08,14764.7879,324164.931,338929.7189
2025-01-10,14764.7879,319525.1547,334289.9426
2025-01-13,14764.7879,316371.3839,331136.1718
2025-01-14,14764.7879,312959.3866,327724.1745
2025-01-15,14764.7879,327652.8402,342417.6281
2025-01-16,14764.7879,323356.5754,338121.3633
2025-01-17,14764.7879,330377.7938,345142.5817
2025-01-21,14764.7879,335615.7989,350380.5869
2025-01-22,14764.7879,342130.0957,356894.8836
2025-01-23,14764.7879,342061.1515,356825.9394
2025-01-24,14764.7879,334396.648,349161.436
2025-01-27,158532.1319,154847.5256,313379.6575
2025-01-28,158532.1319,158091.7852,316623.9171
2025-01-29,158532.1319,155867.3627,314399.4946
2025-01-30,158532.1319,160351.1647,318883.2966
2025-01-31,158532.1319,161764.0009,320296.1329
2025-02-03,158532.1319,153796.2839,312328.4158
2025-02-04,158532.1319,157158.1106,315690.2426
2025-02-05,158532.1319,155075.6164,313607.7483
2025-02-06,158532.1319,154707.2497,313239.3816
2025-02-07,158532.1319,150283.2373,308815.3693
2025-02-10,158532.1319,148170.9419,306703.0739
2025-02-11,239343.1813,62477.666,301820.8473
2025-02-12,239343.1813,61775.2214,301118.4027
2025-02-13,239343.1813,60417.8903,299761.0717
2025-02-14,239343.1813,61032.4244,300375.6057
2025-02-18,239343.1813,60682.0579,300025.2393
2025-02-19,239343.1813,60148.4867,299491.6681
2025-02-20,239343.1813,59893.053,299236.2343
2025-02-21,239343.1813,59330.4194,298673.6008
2025-02-24,239343.1813,57354.7029,296697.8843
2025-02-25,239343.1813,56669.4878,296012.6692
2025-02-26,239343.1813,58245.2967,297588.4781
2025-02-27,292796.481,195.6183,292992.0992
2025-02-28,292796.481,197.2303,292993.7113
2025-03-03,292796.481,185.3033,292981.7843
2025-03-04,292796.481,185.4121,292981.8931
2025-03-05,292796.481,189.4669,292985.9479
2025-03-06,292982.0846,0.0,292982.0846
2025-03-07,292982.0846,0.0,292982.0846
2025-03-10,292982.0846,0.0,292982.0846
2025-03-11,292982.0846,0.0,292982.0846
2025-03-12,292982.0846,0.0,292982.0846
2025-03-13,292982.0846,0.0,292982.0846
2025-03-14,292982.0846,0.0,292982.0846
2025-03-17,292982.0846,0.0,292982.0846
2025-03-18,292982.0846,0.0,292982.0846
2025-03-19,292982.0846,0.0,292982.0846
2025-03-20,292982.0846,0.0,292982.0846
2025-03-21,292982.0846,0.0,292982.0846
2025-03-24,234940.1022,57929.1,292869.2022
2025-03-25,178108.3978,116543.49,294651.8878
2025-03-26,232860.4473,57322.05,290182.4973
2025-03-27,232860.4473,57387.6,290248.0473
2025-03-28,286478.5071,0.0,286478.5071
2025-03-31,286478.5071,0.0,286478.5071
2025-04-01,286478.5071,0.0,286478.5071
2025-04-02,286478.5071,0.0,286478.5071
2025-04-03,286478.5071,0.0,286478.5071
2025-04-04,286478.5071,0.0,286478.5071
2025-04-07,286478.5071,0.0,286478.5071
2025-04-08,286478.5071,0.0,286478.5071
2025-04-09,286478.5071,0.0,286478.5071
2025-04-10,286478.5071,0.0,286478.5071
2025-04-11,286478.5071,0.0,286478.5071
2025-04-14,286478.5071,0.0,286478.5071
2025-04-15,286478.5071,0.0,286478.5071
2025-04-16,286478.5071,0.0,286478.5071
2025-04-17,286478.5071,0.0,286478.5071
2025-04-21,286478.5071,0.0,286478.5071
2025-04-22,286478.5071,0.0,286478.5071
2025-04-23,286478.5071,0.0,286478.5071
2025-04-24,230280.108,56551.2391,286831.3471
2025-04-25,230280.108,57801.5881,288081.6961
2025-04-28,230280.108,57849.6784,288129.7864
2025-04-29,230280.108,57458.9444,287739.0524
2025-04-30,230280.108,57849.6784,288129.7864
2025-05-01,172118.0573,116601.1901,288719.2474
2025-05-02,172118.0573,119828.3426,291946.3999
2025-05-05,172118.0573,119070.5546,291188.6119
2025-05-06,172118.0573,118496.0282,290614.0855
2025-05-07,172118.0573,119920.0804,292038.1377
2025-05-08,172118.0573,121458.8855,293576.9428
2025-05-09,109311.1709,179824.2463,289135.4172
2025-05-12,50132.8848,248114.6543,298247.5391
2025-05-13,1913.1951,303648.9639,305562.159
2025-05-14,1913.1951,308925.1361,310838.3312
2025-05-15,1913.1951,307916.5914,309829.7864
2025-05-16,1913.1951,308461.6186,310374.8137
2025-05-19,1913.1951,307985.4671,309898.6621
2025-05-20,1913.1951,308231.418,310144.613
2025-05-21,1913.1951,303627.7669,305540.962
2025-05-22,1913.1951,307198.6602,309111.8553
2025-05-23,1913.1951,303806.1911,305719.3862
2025-05-27,1913.1951,315222.4923,317135.6873
2025-05-28,1913.1951,314005.2554,315918.4504
2025-05-29,1913.1951,317149.0138,319062.2088
2025-05-30,1913.1951,312395.6706,314308.8657
2025-06-02,1913.1951,315167.306,317080.5011
2025-06-03,1913.1951,320319.9433,322233.1384
2025-06-04,1913.1951,321093.0485,323006.2435
2025-06-05,60167.5635,256110.565,316278.1285
2025-06-06,60167.5635,253774.2978,313941.8613
2025-06-09,60167.5635,254201.1809,314368.7444
2025-06-10,60167.5635,256261.0184,316428.5819
2025-06-11,60167.5635,259091.0369,319258.6004
2025-06-12,60167.5635,262338.825,322506.3885
2025-06-13,60167.5635,257128.6924,317296.2559
2025-06-16,60167.5635,261148.9663,321316.5298
2025-06-17,60167.5635,259410.3586,319577.9221
2025-06-18,60167.5635,260641.6136,320809.1771
2025-06-20,60167.5635,258200.7169,318368.2804
2025-06-23,60167.5635,260874.3988,321041.9623
2025-06-24,60167.5635,268883.1956,329050.7591
2025-06-25,60167.5635,272598.6234,332766.1869
2025-06-26,60167.5635,275620.7424,335788.3059
2025-06-27,60167.5635,277599.976,337767.5395
2025-06-30,60167.5635,279125.7048,339293.2683
2025-07-01,60167.5635,272844.0649,333011.6284
2025-07-02,60167.5635,278519.934,338687.4975
2025-07-03,60167.5635,282294.5845,342462.148
2025-07-07,60167.5635,279662.9361,339830.4996
2025-07-08,60167.5635,279019.8259,339187.3894
2025-07-09,60167.5635,284090.4979,344258.0614
2025-07-10,60167.5635,282846.4826,343014.0461
2025-07-11,60167.5635,283287.2062,343454.7697
2025-07-14,60167.5635,282759.3357,342926.8992
2025-07-15,60167.5635,289765.4033,349932.9668
2025-07-16,60167.5635,290134.6413,350302.2048
2025-07-17,60167.5635,295788.9816,355956.5451
2025-07-18,60167.5635,292770.5862,352938.1497
2025-07-21,60167.5635,293376.0613,353543.6248
2025-07-22,60167.5635,286911.4079,347078.9714
2025-07-23,60167.5635,291698.7314,351866.2949
2025-07-24,60167.5635,295361.5925,355529.156
2025-07-25,60167.5635,297365.4776,357533.0411
2025-07-28,60167.5635,298717.9417,358885.5052
2025-07-29,60167.5635,298769.4158,358936.9793
2025-07-30,60167.5635,302287.2815,362454.845
2025-07-31,60167.5635,301424.6303,361592.1938
2025-08-01,60167.5635,295100.9581,355268.5216
2025-08-04,60167.5635,302867.3136,363034.8771
2025-08-05,60167.5635,297662.1249,357829.6884
2025-08-06,60167.5635,299987.2038,360154.7673
2025-08-07,60167.5635,304109.5431,364277.1066
2025-08-08,60167.5635,305085.002,365252.5655
2025-08-11,60167.5635,304576.731,364744.2945
2025-08-12,60167.5635,309371.15,369538.7135
2025-08-13,60167.5635,305603.7173,365771.2808
2025-08-14,60167.5635,306521.8067,366689.3702
2025-08-15,60167.5635,303497.4266,363664.9901
2025-08-18,60167.5635,304272.4603,364440.0238
2025-08-19,60167.5635,294951.9545,355119.518
2025-08-20,60167.5635,291893.8583,352061.4218
2025-08-21,60167.5635,290779.1041,350946.6676
2025-08-22,60167.5635,295389.3876,355556.9511
2025-08-25,60167.5635,296537.5587,356705.1222
2025-08-26,60167.5635,299075.1371,359242.7006
2025-08-27,60167.5635,300505.3041,360672.8676
2025-08-28,60167.5635,302588.5504,362756.1139
2025-08-29,60167.5635,294288.0048,354455.5683
2025-09-02,60167.5635,292316.4162,352483.9797
2025-09-03,60167.5635,294488.8532,354656.4167
2025-09-04,60167.5635,297546.123,357713.6865
2025-09-05,60167.5635,305377.4386,365545.0021
2025-09-08,60167.5635,310715.0627,370882.6262
2025-09-09,60167.5635,310104.6547,370272.2182
2025-09-10,60167.5635,325671.1395,385838.703
2025-09-11,60167.5635,322224.9325,382392.496
2025-09-12,60167.5635,323869.3936,384036.9571
2025-09-15,60167.5635,326503.3367,386670.9002
2025-09-16,60167.5635,323852.928,384020.4915
2025-09-17,60167.5635,318389.2973,378556.8608
2025-09-18,60167.5635,321939.5087,382107.0722
2025-09-19,60167.5635,322059.3359,382226.8994
2025-09-22,60167.5635,324884.3542,385051.9177
2025-09-23,60167.5635,325546.1099,385713.6734
2025-09-24,60167.5635,324619.3039,384786.8674
2025-09-25,60167.5635,322203.532,382371.0955
2025-09-26,60167.5635,321463.5872,381631.1507
2025-09-29,60167.5635,321171.5275,381339.091
2025-09-30,60167.5635,325866.7679,386034.3314
2025-10-01,60167.5635,330307.1019,390474.6654
2025-10-02,60167.5635,331697.9888,391865.5523
2025-10-03,60167.5635,332808.2915,392975.855
2025-10-06,60167.5635,335945.536,396113.0995
2025-10-07,60167.5635,332764.7139,392932.2774
2025-10-08,60167.5635,340427.4938,400595.0573
2025-10-09,60167.5635,339730.9084,399898.4719
2025-10-10,60167.5635,322523.4246,382690.9881
2025-10-13,60167.5635,341541.6514,401709.2149
2025-10-14,60167.5635,332477.2516,392644.8151
2025-10-15,60167.5635,337341.5277,397509.0912
2025-10-16,60167.5635,337117.4878,397285.0513
2025-10-17,60167.5635,334929.677,395097.2405
2025-10-20,60167.5635,335958.667,396126.2305
2025-10-21,60167.5635,332542.8301,392710.3936
2025-10-22,60167.5635,330115.7227,390283.2862
2025-10-23,60167.5635,332590.0638,392757.6273
2025-10-24,60167.5635,338798.9746,398966.5381
2025-10-27,60167.5635,345197.4243,405364.9878
2025-10-28,60167.5635,354415.6676,414583.2311
2025-10-29,60167.5635,361576.4884,421744.0519
2025-10-30,60167.5635,354472.4417,414640.0052
2025-10-31,60167.5635,350301.4258,410468.9893
2025-11-03,60167.5635,351053.7851,411221.3486
2025-11-04,60167.5635,341091.6242,401259.1877
2025-11-05,60167.5635,340855.4156,401022.9791
2025-11-06,60167.5635,334492.9461,394660.5096
2025-11-07,60167.5635,331751.933,391919.4965
2025-11-10,60167.5635,342427.3863,402594.9498
2025-11-11,60167.5635,337416.9671,397584.5306
2025-11-12,60167.5635,338791.109,398958.6725
2025-11-13,60167.5635,327944.9751,388112.5386
2025-11-14,60167.5635,331655.9938,391823.5573
2025-11-17,60167.5635,329165.187,389332.7505
2025-11-18,60167.5635,323463.2409,383630.8044
2025-11-19,127003.4696,264069.6839,391073.1535
2025-11-20,127003.4696,258102.4975,385105.9671
2025-11-21,127003.4696,254693.3879,381696.8575
2025-11-24,127003.4696,270457.0773,397460.5469
2025-11-25,127003.4696,270891.3406,397894.8102
2025-11-26,127003.4696,277234.3123,404237.7819
2025-11-28,127003.4696,278172.7815,405176.2511
2025-12-01,127003.4696,272920.246,399923.7156
2025-12-02,127003.4696,273515.9091,400519.3787
2025-12-03,127003.4696,273615.4672,400618.9368
2025-12-04,127003.4696,274318.1385,401321.6081
2025-12-05,127003.4696,277314.4612,404317.9308
2025-12-08,127003.4696,283997.2221,411000.6917
2025-12-09,127003.4696,285842.2024,412845.672
2025-12-10,127003.4696,289562.8456,416566.3152
2025-12-11,127003.4696,285109.5847,412113.0543
2025-12-12,127003.4696,264880.1205,391883.5901
2025-12-15,127003.4696,257899.941,384903.4106
2025-12-16,127003.4696,258590.4735,385593.9431
2025-12-17,190160.9572,186495.4251,376656.3823
2025-12-18,190160.9572,190116.2113,380277.1685
2025-12-19,190160.9572,194637.3232,384798.2805
2025-12-22,190160.9572,196540.8977,386701.8549
2025-12-23,190160.9572,200088.0149,390248.9721
2025-12-24,190160.9572,200948.6653,391109.6226
2025-12-26,190160.9572,202811.3871,392972.3444
2025-12-29,190160.9572,201372.1154,391533.0726
2025-12-30,190160.9572,201084.9233,391245.8806
2025-12-31,190160.9572,201322.1474,391483.1047
2026-01-02,190160.9572,206782.5838,396943.541
2026-01-05,190160.9572,206352.4835,396513.4408
2026-01-06,95965.9772,302791.6612,398757.6384
2026-01-07,95965.9772,300174.0658,396140.043
2026-01-08,95965.9772,298487.7454,394453.7226
2026-01-09,95965.9772,304480.4955,400446.4727
2026-01-12,95965.9772,308901.487,404867.4642
2026-01-13,95965.9772,307928.1078,403894.085
2026-01-14,95965.9772,299834.6439,395800.6211
2026-01-15,95965.9772,306004.6167,401970.5939
2026-01-16,95965.9772,309243.3657,405209.3429
2026-01-20,95965.9772,295425.8538,391391.831
2026-01-21,95965.9772,294067.8496,390033.8269
2026-01-22,192482.3882,196238.4402,388720.8284
2026-01-23,192482.3882,200518.5974,393000.9856
2026-01-26,192482.3882,199540.639,392023.0272
2026-01-27,192482.3882,203791.8324,396274.2207
2026-01-28,112865.3783,284063.2841,396928.6624
2026-01-29,112865.3783,283097.2329,395962.6111
2026-01-30,112865.3783,278708.2985,391573.6768
2026-02-02,112865.3783,281286.1747,394151.553
2026-02-03,112865.3783,275603.7023,388469.0806
2026-02-04,112865.3783,267648.4734,380513.8516
2026-02-05,192502.5799,176709.9123,369212.4922
2026-02-06,192502.5799,188102.4152,380604.9951
2026-02-09,192502.5799,192115.2557,384617.8356
2026-02-10,192502.5799,193559.067,386061.6469
2026-02-11,192502.5799,198061.8899,390564.4699
2026-02-12,192502.5799,194862.6634,387365.2434
2026-02-13,192502.5799,192591.1483,385093.7282
2026-02-17,192502.5799,192802.5213,385305.1012
2026-02-18,192502.5799,193437.4614,385940.0414
2026-02-19,192502.5799,192809.2995,385311.8795
2026-02-20,192502.5799,196836.8905,389339.4704
2026-02-23,192502.5799,197397.4717,389900.0516
2026-02-24,192502.5799,202935.9017,395438.4816
2026-02-25,192502.5799,204693.0775,397195.6574
2026-02-26,192502.5799,196780.7315,389283.3114
2026-02-27,265280.9596,119161.2475,384442.207
2026-03-02,265280.9596,117421.1332,382702.0927
2026-03-03,265280.9596,112337.5816,377618.5412
2026-03-04,265280.9596,113708.6772,378989.6368
2026-03-05,265280.9596,112569.8089,377850.7685
2026-03-06,265280.9596,107807.5582,373088.5178
2026-03-09,190438.5151,185108.9513,375547.4665
2026-03-10,190438.5151,183916.6555,374355.1706
2026-03-11,190438.5151,186076.3136,376514.8287
2026-03-12,190438.5151,179196.3987,369634.9139
2026-03-13,260365.1003,107623.0488,367988.1491
2026-03-16,260365.1003,108233.8385,368598.9388
2026-03-17,260365.1003,110367.62,370732.7203
2026-03-18,260365.1003,108322.83,368687.9303
2026-03-19,260365.1003,108074.01,368439.1103
2026-03-20,260365.1003,105027.56,365392.6603
2026-03-23,260365.1003,107965.55,368330.6503
2026-03-24,260365.1003,109496.75,369861.8503
2026-03-25,260365.1003,110932.25,371297.3503
2026-03-26,260365.1003,104029.09,364394.1903
2026-03-27,260365.1003,104230.06,364595.1603
2026-03-30,260365.1003,100963.5,361328.6003
2026-03-31,260365.1003,107806.05,368171.1503
2026-04-01,260365.1003,108935.31,369300.4103
2026-04-02,260365.1003,108153.76,368518.8603
2026-04-06,260365.1003,109021.44,369386.5403
2026-04-07,260365.1003,110157.08,370522.1803
2026-04-08,185788.334,191374.9,377163.234
2026-04-09,108353.0554,268865.26,377218.3154
2026-04-10,108353.0554,273986.72,382339.7754
2026-04-13,33128.3947,350003.99,383132.3847
2026-04-14,33128.3947,359456.81,392585.2047
2026-04-15,33128.3947,361897.38,395025.7747
2026-04-16,33128.3947,358678.98,391807.3747
2026-04-17,33128.3947,364214.0,397342.3947
2026-04-20,33128.3947,360885.65,394014.0447
2026-04-21,33128.3947,361620.54,394748.9347
2026-04-22,33128.3947,374739.15,407867.5447
2026-04-23,33128.3947,371410.32,404538.7147
2026-04-24,33128.3947,384757.39,417885.7847
2026-04-27,33128.3947,387129.0,420257.3947
2026-04-28,33128.3947,377563.63,410692.0247
2026-04-29,33128.3947,378648.98,411777.3747
2026-04-30,33128.3947,378440.15,411568.5447
2026-05-01,33128.3947,380313.49,413441.8847
2026-05-04,33128.3947,381878.34,415006.7347
2026-05-05,33128.3947,381424.38,414552.7747
2026-05-06,33128.3947,394165.07,427293.4647
2026-05-07,33128.3947,390143.22,423271.6147
2026-05-08,33128.3947,394839.64,427968.0347
2026-05-11,33128.3947,392773.94,425902.3347
2026-05-12,33128.3947,388147.6,421275.9947
2026-05-13,33128.3947,389869.98,422998.3747
2026-05-14,33128.3947,405339.67,438468.0647
2026-05-15,33128.3947,392883.72,426012.1147
2026-05-18,33128.3947,388319.48,421447.8747
2026-05-19,33128.3947,382818.48,415946.8747
2026-05-20,33128.3947,391474.5731,424602.9678
2026-05-21,33128.3947,390702.72,423831.1147
2026-05-22,33128.3947,387360.32,420488.7147
