datetime,equity,cash,position,close_price,drawdown_pct
2023-10-31T00:00:00+08:00,10000.0,10000.0,0,14.6487,0.0
2023-11-01T00:00:00+08:00,10000.0,10000.0,0,15.681,0.0
2023-11-02T00:00:00+08:00,10000.0,10000.0,0,16.792,0.0
2023-11-03T00:00:00+08:00,10000.0,10000.0,0,18.0701,0.0
2023-11-06T00:00:00+08:00,10000.0,10000.0,0,17.9423,0.0
2023-11-07T00:00:00+08:00,10000.0,10000.0,0,18.2864,0.0
2023-11-08T00:00:00+08:00,10000.0,10000.0,0,18.3552,0.0
2023-11-09T00:00:00+08:00,10000.0,10000.0,0,18.0799,0.0
2023-11-10T00:00:00+08:00,10000.0,10000.0,0,20.2526,0.0
2023-11-13T00:00:00+08:00,10000.0,10000.0,0,19.6824,0.0
2023-11-14T00:00:00+08:00,10000.0,10000.0,0,21.7667,0.0
2023-11-15T00:00:00+08:00,10000.0,10000.0,0,22.2484,0.0
2023-11-16T00:00:00+08:00,10000.0,10000.0,0,22.3369,0.0
2023-11-17T00:00:00+08:00,10000.0,10000.0,0,22.74,0.0
2023-11-20T00:00:00+08:00,10000.0,10000.0,0,23.7723,0.0
2023-11-21T00:00:00+08:00,10000.0,10000.0,0,22.4549,0.0
2023-11-22T00:00:00+08:00,10000.0,10000.0,0,22.6122,0.0
2023-11-24T00:00:00+08:00,10014.19,6790.69,142,22.7006,0.0
2023-11-27T00:00:00+08:00,9997.43,6790.69,142,22.5827,0.1673
2023-11-28T00:00:00+08:00,9937.4,6790.69,142,22.1599,0.7667
2023-11-29T00:00:00+08:00,10032.34,6790.69,142,22.8285,0.0
2023-11-30T00:00:00+08:00,9975.1,6790.69,142,22.4254,0.5705
2023-12-01T00:00:00+08:00,10011.39,6790.69,142,22.681,0.2087
2023-12-04T00:00:00+08:00,9905.29,6790.69,142,21.9338,1.2663
2023-12-05T00:00:00+08:00,9852.24,6790.69,142,21.5602,1.7951
2023-12-06T00:00:00+08:00,9788.03,6790.69,142,21.108,2.4352
2023-12-07T00:00:00+08:00,10026.75,6790.69,142,22.7891,0.0557
2023-12-08T00:00:00+08:00,10099.35,6790.69,142,23.3004,0.0
2023-12-11T00:00:00+08:00,10435.8,6790.69,142,25.6697,0.0
2023-12-12T00:00:00+08:00,10511.18,6790.69,142,26.2006,0.0
2023-12-13T00:00:00+08:00,10688.48,6790.69,142,27.4492,0.0
2023-12-14T00:00:00+08:00,11005.39,6790.69,142,29.6809,0.0
2023-12-15T00:00:00+08:00,11058.44,6790.69,142,30.0545,0.0
2023-12-18T00:00:00+08:00,11019.35,6790.69,142,29.7792,0.3535
2023-12-19T00:00:00+08:00,11083.57,6790.69,142,30.2315,0.0
2023-12-20T00:00:00+08:00,10713.61,6790.69,142,27.6262,3.3379
2023-12-21T00:00:00+08:00,11024.68,6790.69,142,29.8168,0.5313
2023-12-22T00:00:00+08:00,11059.66,6790.69,142,30.0631,0.2157
2023-12-26T00:00:00+08:00,11290.53,6790.69,142,31.689,0.0
2023-12-27T00:00:00+08:00,11317.11,6790.69,142,31.8762,0.0
2023-12-28T00:00:00+08:00,11298.92,6790.69,142,31.7481,0.1607
2023-12-29T00:00:00+08:00,11184.19,6790.69,142,30.9401,1.1745
2024-01-02T00:00:00+08:00,10714.06,6790.69,142,27.6293,5.3287
2024-01-03T00:00:00+08:00,10463.6,6790.69,142,25.8655,7.5418
2024-01-04T00:00:00+08:00,10280.31,10280.31,0,25.2053,9.1614
2024-01-05T00:00:00+08:00,10307.92,7548.5,108,25.5502,8.9174
2024-01-08T00:00:00+08:00,10573.97,7548.5,108,28.0136,6.5666
2024-01-09T00:00:00+08:00,10572.9,7548.5,108,28.0037,6.576
2024-01-10T00:00:00+08:00,10546.3,7548.5,108,27.7574,6.811
2024-01-11T00:00:00+08:00,10577.16,7548.5,108,28.0431,6.5384
2024-01-12T00:00:00+08:00,10538.85,7548.5,108,27.6884,6.8769
2024-01-16T00:00:00+08:00,10654.84,7548.5,108,28.7625,5.8519
2024-01-17T00:00:00+08:00,10573.97,7548.5,108,28.0136,6.5666
2024-01-18T00:00:00+08:00,10867.68,7548.5,108,30.7332,3.9713
2024-01-19T00:00:00+08:00,11258.23,7548.5,108,34.3494,0.5202
2024-01-22T00:00:00+08:00,11300.8,7548.5,108,34.7435,0.1441
2024-01-23T00:00:00+08:00,11371.04,7548.5,108,35.3939,0.0
2024-01-24T00:00:00+08:00,11530.67,7548.5,108,36.8719,0.0
2024-01-25T00:00:00+08:00,11498.74,7548.5,108,36.5763,0.2769
2024-01-26T00:00:00+08:00,11167.78,7548.5,108,33.5119,3.1471
2024-01-29T00:00:00+08:00,11277.39,7548.5,108,34.5268,2.1965
2024-01-30T00:00:00+08:00,11116.7,7548.5,108,33.0389,3.5901
2024-01-31T00:00:00+08:00,10964.52,7548.5,108,31.6298,4.9099
2024-02-01T00:00:00+08:00,11001.77,7548.5,108,31.9747,4.5869
2024-02-02T00:00:00+08:00,11129.47,7548.5,108,33.1571,3.4794
2024-02-05T00:00:00+08:00,11283.78,7548.5,108,34.5859,2.1412
2024-02-06T00:00:00+08:00,11148.62,7548.5,108,33.3345,3.3133
2024-02-07T00:00:00+08:00,11311.44,7548.5,108,34.8421,1.9012
2024-02-08T00:00:00+08:00,11501.93,7548.5,108,36.6059,0.2492
2024-02-09T00:00:00+08:00,11732.86,7548.5,108,38.7441,0.0
2024-02-12T00:00:00+08:00,11714.77,7548.5,108,38.5766,0.1542
2024-02-13T00:00:00+08:00,11468.94,7548.5,108,36.3004,2.2494
2024-02-14T00:00:00+08:00,11711.58,7548.5,108,38.547,0.1814
2024-02-15T00:00:00+08:00,11710.51,7548.5,108,38.5372,0.1905
2024-02-16T00:00:00+08:00,11627.51,7548.5,108,37.7686,0.8979
2024-02-20T00:00:00+08:00,11424.25,7548.5,108,35.8866,2.6303
2024-02-21T00:00:00+08:00,11394.45,7548.5,108,35.6107,2.8843
2024-02-22T00:00:00+08:00,11956.34,7548.5,108,40.8133,0.0
2024-02-23T00:00:00+08:00,11823.32,7548.5,108,39.5816,1.1126
2024-02-26T00:00:00+08:00,11933.99,7548.5,108,40.6064,0.1869
2024-02-27T00:00:00+08:00,11923.35,7548.5,108,40.5079,0.2759
2024-02-28T00:00:00+08:00,11783.94,7548.5,108,39.2171,1.4419
2024-02-29T00:00:00+08:00,12107.45,7548.5,108,42.2125,0.0
2024-03-01T00:00:00+08:00,12691.69,7548.5,108,47.6221,0.0
2024-03-04T00:00:00+08:00,12844.93,7548.5,108,49.041,0.0
2024-03-05T00:00:00+08:00,12533.12,7548.5,108,46.1539,2.4275
2024-03-06T00:00:00+08:00,12892.82,7548.5,108,49.4844,0.0
2024-03-07T00:00:00+08:00,13435.55,7548.5,108,54.5097,0.0
2024-03-08T00:00:00+08:00,12757.67,7548.5,108,48.233,5.0454
2024-03-11T00:00:00+08:00,12525.67,7548.5,108,46.085,6.7721
2024-03-12T00:00:00+08:00,12824.71,7548.5,108,48.8538,4.5464
2024-03-13T00:00:00+08:00,12452.25,7548.5,108,45.4051,7.3187
2024-03-14T00:00:00+08:00,12180.88,7548.5,108,42.8924,9.3384
2024-03-15T00:00:00+08:00,12096.81,7548.5,108,42.114,9.9642
2024-03-18T00:00:00+08:00,12301.58,12301.58,0,41.9169,8.44
2024-03-19T00:00:00+08:00,12338.33,10091.73,55,40.8472,8.1666
2024-03-20T00:00:00+08:00,12445.72,10091.73,55,42.7998,7.3672
2024-03-21T00:00:00+08:00,12603.56,10091.73,55,45.6696,6.1925
2024-03-22T00:00:00+08:00,12610.07,10091.73,55,45.7879,6.144
2024-03-25T00:00:00+08:00,12580.78,10091.73,55,45.2554,6.362
2024-03-26T00:00:00+08:00,12534.13,10091.73,55,44.4073,6.7092
2024-03-27T00:00:00+08:00,12613.86,10091.73,55,45.857,6.1158
2024-03-28T00:00:00+08:00,12615.49,10091.73,55,45.8866,6.1036
2024-04-01T00:00:00+08:00,12694.68,10091.73,55,47.3264,5.5142
2024-04-02T00:00:00+08:00,12580.24,10091.73,55,45.2455,6.3661
2024-04-03T00:00:00+08:00,12597.05,10091.73,55,45.5513,6.2409
2024-04-04T00:00:00+08:00,12389.86,10091.73,55,41.7841,7.783
2024-04-05T00:00:00+08:00,12457.65,10091.73,55,43.0168,7.2784
2024-04-08T00:00:00+08:00,12478.27,10091.73,55,43.3915,7.125
2024-04-09T00:00:00+08:00,12553.66,10091.73,55,44.7623,6.5639
2024-04-10T00:00:00+08:00,12428.91,10091.73,55,42.4941,7.4924
2024-04-11T00:00:00+08:00,12575.9,10091.73,55,45.1666,6.3983
2024-04-12T00:00:00+08:00,12343.21,10091.73,55,40.936,8.1302
2024-04-15T00:00:00+08:00,12249.38,10091.73,55,39.2299,8.8286
2024-04-16T00:00:00+08:00,12290.6,10091.73,55,39.9794,8.5218
2024-04-17T00:00:00+08:00,12101.84,10091.73,55,36.5475,9.9267
2024-04-18T00:00:00+08:00,12044.96,12044.96,0,34.4272,10.3501
2024-04-19T00:00:00+08:00,11802.18,9464.13,77,30.3642,12.1571
2024-04-22T00:00:00+08:00,11899.38,9464.13,77,31.6265,11.4337
2024-04-23T00:00:00+08:00,12054.28,9464.13,77,33.6383,10.2807
2024-04-24T00:00:00+08:00,12159.07,9464.13,77,34.9992,9.5007
2024-04-25T00:00:00+08:00,12304.87,9464.13,77,36.8927,8.4156
2024-04-26T00:00:00+08:00,12486.35,9464.13,77,39.2496,7.0648
2024-04-29T00:00:00+08:00,12547.86,9464.13,77,40.0484,6.607
2024-04-30T00:00:00+08:00,12363.34,9464.13,77,37.652,7.9804
2024-05-01T00:00:00+08:00,12074.03,9464.13,77,33.8947,10.1337
2024-05-02T00:00:00+08:00,12231.97,9464.13,77,35.9459,8.9582
2024-05-03T00:00:00+08:00,12423.33,9464.13,77,38.4311,7.5339
2024-05-06T00:00:00+08:00,12600.26,9464.13,77,40.7289,6.217
2024-05-07T00:00:00+08:00,12528.88,9464.13,77,39.8019,6.7483
2024-05-08T00:00:00+08:00,12532.67,9464.13,77,39.8512,6.72
2024-05-09T00:00:00+08:00,12498.5,9464.13,77,39.4074,6.9744
2024-05-10T00:00:00+08:00,12579.75,9464.13,77,40.4626,6.3696
2024-05-13T00:00:00+08:00,12597.98,9464.13,77,40.6993,6.234
2024-05-14T00:00:00+08:00,12745.29,9464.13,77,42.6125,5.1375
2024-05-15T00:00:00+08:00,13033.09,9464.13,77,46.3501,2.9955
2024-05-16T00:00:00+08:00,12976.9,9464.13,77,45.6203,3.4137
2024-05-17T00:00:00+08:00,12911.59,9464.13,77,44.7722,3.8998
2024-05-20T00:00:00+08:00,13128.01,9464.13,77,47.5828,2.289
2024-05-21T00:00:00+08:00,13107.5,9464.13,77,47.3165,2.4416
2024-05-22T00:00:00+08:00,13213.81,9464.13,77,48.6971,1.6504
2024-05-23T00:00:00+08:00,13170.53,9464.13,77,48.135,1.9725
2024-05-24T00:00:00+08:00,13370.24,9464.13,77,50.7287,0.4861
2024-05-28T00:00:00+08:00,13567.67,9464.13,77,53.2927,0.0
2024-05-29T00:00:00+08:00,13335.31,9464.13,77,50.275,1.7126
2024-05-30T00:00:00+08:00,13260.89,9464.13,77,49.3086,2.2611
2024-05-31T00:00:00+08:00,13153.82,9464.13,77,47.9181,3.0502
2024-06-03T00:00:00+08:00,13153.82,9464.13,77,47.9181,3.0502
2024-06-04T00:00:00+08:00,13077.89,9464.13,77,46.9319,3.6099
2024-06-05T00:00:00+08:00,13528.19,9464.13,77,52.7799,0.291
2024-06-06T00:00:00+08:00,13451.49,9464.13,77,51.7839,0.8563
2024-06-07T00:00:00+08:00,13402.89,9464.13,77,51.1527,1.2145
2024-06-10T00:00:00+08:00,13560.84,9464.13,77,53.2039,0.0504
2024-06-11T00:00:00+08:00,13577.54,9464.13,77,53.4209,0.0
2024-06-12T00:00:00+08:00,13923.05,9464.13,77,57.908,0.0
2024-06-13T00:00:00+08:00,14085.55,9464.13,77,60.0184,0.0
2024-06-14T00:00:00+08:00,14027.84,9464.13,77,59.2689,0.4097
2024-06-17T00:00:00+08:00,14222.99,9464.13,77,61.8034,0.0
2024-06-18T00:00:00+08:00,14418.15,9464.13,77,64.3378,0.0
2024-06-20T00:00:00+08:00,14021.76,9464.13,77,59.19,2.7492
2024-06-21T00:00:00+08:00,13883.56,9464.13,77,57.3952,3.7077
2024-06-24T00:00:00+08:00,13505.4,9464.13,77,52.484,6.3305
2024-06-25T00:00:00+08:00,13590.39,13590.39,0,54.6889,5.741
2024-06-26T00:00:00+08:00,13562.29,9932.59,67,54.1746,5.936
2024-06-27T00:00:00+08:00,13497.36,9932.59,67,53.2054,6.3863
2024-06-28T00:00:00+08:00,13600.72,9932.59,67,54.7482,5.6694
2024-07-01T00:00:00+08:00,13600.72,9932.59,67,54.7482,5.6694
2024-07-02T00:00:00+08:00,13749.14,9932.59,67,56.9634,4.64
2024-07-03T00:00:00+08:00,13934.01,9932.59,67,59.7226,3.3578
2024-07-05T00:00:00+08:00,13961.84,9932.59,67,60.138,3.1648
2024-07-08T00:00:00+08:00,14193.74,9932.59,67,63.5993,1.5564
2024-07-09T00:00:00+08:00,14189.77,9932.59,67,63.54,1.584
2024-07-10T00:00:00+08:00,14477.33,9932.59,67,67.832,0.0
2024-07-11T00:00:00+08:00,14040.02,9932.59,67,61.3049,3.0207
2024-07-12T00:00:00+08:00,14169.23,9932.59,67,63.2334,2.1282
2024-07-15T00:00:00+08:00,14182.48,9932.59,67,63.4312,2.0367
2024-07-16T00:00:00+08:00,14259.34,9932.59,67,64.5783,1.5058
2024-07-17T00:00:00+08:00,13348.27,9932.59,67,50.9803,7.7988
2024-07-18T00:00:00+08:00,13518.34,13518.34,0,51.0891,6.6241
2024-07-19T00:00:00+08:00,13284.7,11007.15,49,46.4806,8.2379
2024-07-22T00:00:00+08:00,13572.06,11007.15,49,52.3451,6.2531
2024-07-23T00:00:00+08:00,13455.76,11007.15,49,49.9716,7.0564
2024-07-24T00:00:00+08:00,13086.02,11007.15,49,42.4259,9.6103
2024-07-25T00:00:00+08:00,12934.83,11007.15,49,39.3404,10.6546
2024-07-26T00:00:00+08:00,13052.4,13052.4,0,41.4567,9.8425
2024-07-29T00:00:00+08:00,13052.4,13052.4,0,41.3479,9.8425
2024-07-30T00:00:00+08:00,13052.4,13052.4,0,36.8284,9.8425
2024-07-31T00:00:00+08:00,13052.4,13052.4,0,43.8994,9.8425
2024-08-01T00:00:00+08:00,13052.4,13052.4,0,34.6132,9.8425
2024-08-02T00:00:00+08:00,13052.4,13052.4,0,29.0158,9.8425
2024-08-05T00:00:00+08:00,13052.4,13052.4,0,27.5818,9.8425
2024-08-06T00:00:00+08:00,13052.4,13052.4,0,28.2642,9.8425
2024-08-07T00:00:00+08:00,13052.4,13052.4,0,25.9302,9.8425
2024-08-08T00:00:00+08:00,13052.4,13052.4,0,31.1123,9.8425
2024-08-09T00:00:00+08:00,13052.4,13052.4,0,30.6673,9.8425
2024-08-12T00:00:00+08:00,13052.4,13052.4,0,31.0629,9.8425
2024-08-13T00:00:00+08:00,13052.4,13052.4,0,34.8901,9.8425
2024-08-14T00:00:00+08:00,13052.4,13052.4,0,34.6627,9.8425
2024-08-15T00:00:00+08:00,13052.4,13052.4,0,39.4788,9.8425
2024-08-16T00:00:00+08:00,13052.4,13052.4,0,39.2909,9.8425
2024-08-19T00:00:00+08:00,13052.4,13052.4,0,41.1403,9.8425
2024-08-20T00:00:00+08:00,13052.4,13052.4,0,39.647,9.8425
2024-08-21T00:00:00+08:00,13052.4,13052.4,0,41.2688,9.8425
2024-08-22T00:00:00+08:00,13052.4,13052.4,0,37.0955,9.8425
2024-08-23T00:00:00+08:00,13052.4,13052.4,0,39.9535,9.8425
2024-08-26T00:00:00+08:00,13052.4,13052.4,0,36.957,9.8425
2024-08-27T00:00:00+08:00,13052.4,13052.4,0,38.0646,9.8425
2024-08-28T00:00:00+08:00,13052.4,13052.4,0,36.1955,9.8425
2024-08-29T00:00:00+08:00,13052.4,13052.4,0,35.7901,9.8425
2024-08-30T00:00:00+08:00,13052.4,13052.4,0,38.3613,9.8425
2024-09-03T00:00:00+08:00,13052.4,13052.4,0,29.7377,9.8425
2024-09-04T00:00:00+08:00,13052.4,13052.4,0,29.9651,9.8425
2024-09-05T00:00:00+08:00,13052.4,13052.4,0,29.4212,9.8425
2024-09-06T00:00:00+08:00,13052.4,13052.4,0,25.6731,9.8425
2024-09-09T00:00:00+08:00,13052.4,13052.4,0,27.1269,9.8425
2024-09-10T00:00:00+08:00,13052.4,13052.4,0,28.0367,9.8425
2024-09-11T00:00:00+08:00,13052.4,13052.4,0,31.8639,9.8425
2024-09-12T00:00:00+08:00,13052.4,13052.4,0,31.4585,9.8425
2024-09-13T00:00:00+08:00,13052.4,13052.4,0,33.0606,9.8425
2024-09-16T00:00:00+08:00,13052.4,13052.4,0,31.8046,9.8425
2024-09-17T00:00:00+08:00,13052.4,13052.4,0,31.8046,9.8425
2024-09-18T00:00:00+08:00,13052.4,13052.4,0,30.7959,9.8425
2024-09-19T00:00:00+08:00,13052.4,13052.4,0,34.7319,9.8425
2024-09-20T00:00:00+08:00,13052.4,13052.4,0,33.1792,9.8425
2024-09-23T00:00:00+08:00,13052.4,13052.4,0,33.5451,9.8425
2024-09-24T00:00:00+08:00,13052.4,13052.4,0,34.7434,9.8425
2024-09-25T00:00:00+08:00,13052.4,13052.4,0,35.4072,9.8425
2024-09-26T00:00:00+08:00,13052.4,13052.4,0,39.2808,9.8425
2024-09-27T00:00:00+08:00,13052.4,13052.4,0,37.3093,9.8425
2024-09-30T00:00:00+08:00,13052.4,13052.4,0,36.3384,9.8425
2024-10-01T00:00:00+08:00,13052.4,13052.4,0,33.515,9.8425
2024-10-02T00:00:00+08:00,13052.4,13052.4,0,34.6345,9.8425
2024-10-03T00:00:00+08:00,13052.4,13052.4,0,34.8821,9.8425
2024-10-04T00:00:00+08:00,13052.4,13052.4,0,36.3384,9.8425
2024-10-07T00:00:00+08:00,13052.4,13052.4,0,36.0709,9.8425
2024-10-08T00:00:00+08:00,13052.4,13052.4,0,37.1112,9.8425
2024-10-09T00:00:00+08:00,13052.4,13052.4,0,38.2505,9.8425
2024-10-10T00:00:00+08:00,13052.4,13052.4,0,37.4777,9.8425
2024-10-11T00:00:00+08:00,13052.4,13052.4,0,38.3099,9.8425
2024-10-14T00:00:00+08:00,13052.4,13052.4,0,40.4399,9.8425
2024-10-15T00:00:00+08:00,13052.4,13052.4,0,34.149,9.8425
2024-10-16T00:00:00+08:00,13052.4,13052.4,0,34.1391,9.8425
2024-10-17T00:00:00+08:00,13052.4,13052.4,0,34.8821,9.8425
2024-10-18T00:00:00+08:00,13052.4,13052.4,0,34.9416,9.8425
2024-10-21T00:00:00+08:00,13052.4,13052.4,0,34.7632,9.8425
2024-10-22T00:00:00+08:00,13052.4,13052.4,0,34.367,9.8425
2024-10-23T00:00:00+08:00,13052.4,13052.4,0,33.4853,9.8425
2024-10-24T00:00:00+08:00,13052.4,13052.4,0,33.9707,9.8425
2024-10-25T00:00:00+08:00,13052.4,13052.4,0,34.9515,9.8425
2024-10-28T00:00:00+08:00,13052.4,13052.4,0,35.0208,9.8425
2024-10-29T00:00:00+08:00,13052.4,13052.4,0,37.6263,9.8425
2024-10-30T00:00:00+08:00,13052.4,13052.4,0,33.6933,9.8425
2024-10-31T00:00:00+08:00,13052.4,13052.4,0,29.8098,9.8425
2024-11-01T00:00:00+08:00,13052.4,13052.4,0,30.5429,9.8425
2024-11-04T00:00:00+08:00,13052.4,13052.4,0,30.0674,9.8425
2024-11-05T00:00:00+08:00,13052.4,13052.4,0,31.0878,9.8425
2024-11-06T00:00:00+08:00,13052.4,13052.4,0,33.8023,9.8425
2024-11-07T00:00:00+08:00,13052.4,13052.4,0,35.8728,9.8425
2024-11-08T00:00:00+08:00,13052.4,13052.4,0,35.0803,9.8425
2024-11-11T00:00:00+08:00,13052.4,13052.4,0,32.4648,9.8425
2024-11-12T00:00:00+08:00,13052.4,13052.4,0,31.3751,9.8425
2024-11-13T00:00:00+08:00,13052.4,13052.4,0,29.4135,9.8425
2024-11-14T00:00:00+08:00,13052.4,13052.4,0,29.3244,9.8425
2024-11-15T00:00:00+08:00,13052.4,13052.4,0,26.4117,9.8425
2024-11-18T00:00:00+08:00,13052.4,13052.4,0,27.4123,9.8425
2024-11-19T00:00:00+08:00,13052.4,13052.4,0,27.5907,9.8425
2024-11-20T00:00:00+08:00,13052.4,13052.4,0,26.8774,9.8425
2024-11-21T00:00:00+08:00,13052.4,13052.4,0,28.2247,9.8425
2024-11-22T00:00:00+08:00,13052.4,13052.4,0,28.2247,9.8425
2024-11-25T00:00:00+08:00,13052.4,13052.4,0,29.0569,9.8425
2024-11-26T00:00:00+08:00,13052.4,13052.4,0,27.8681,9.8425
2024-11-27T00:00:00+08:00,13052.4,13052.4,0,26.7288,9.8425
2024-11-29T00:00:00+08:00,13052.4,13052.4,0,27.7987,9.8425
2024-12-02T00:00:00+08:00,13052.4,13052.4,0,29.9188,9.8425
2024-12-03T00:00:00+08:00,13052.4,13052.4,0,29.4532,9.8425
2024-12-04T00:00:00+08:00,13052.4,13052.4,0,30.5924,9.8425
2024-12-05T00:00:00+08:00,13052.4,13052.4,0,28.8488,9.8425
2024-12-06T00:00:00+08:00,13052.4,13052.4,0,29.3343,9.8425
2024-12-09T00:00:00+08:00,13052.4,13052.4,0,28.9578,9.8425
2024-12-10T00:00:00+08:00,13052.4,13052.4,0,26.808,9.8425
2024-12-11T00:00:00+08:00,13052.4,13052.4,0,28.8488,9.8425
2024-12-12T00:00:00+08:00,13052.4,13052.4,0,28.195,9.8425
2024-12-13T00:00:00+08:00,13052.4,13052.4,0,30.4141,9.8425
2024-12-16T00:00:00+08:00,13052.4,13052.4,0,32.2073,9.8425
2024-12-17T00:00:00+08:00,13052.4,13052.4,0,30.8401,9.8425
2024-12-18T00:00:00+08:00,13052.4,13052.4,0,27.5708,9.8425
2024-12-19T00:00:00+08:00,13052.4,13052.4,0,26.0551,9.8425
2024-12-20T00:00:00+08:00,13052.4,13052.4,0,27.0458,9.8425
2024-12-23T00:00:00+08:00,13052.4,13052.4,0,29.3972,9.8425
2024-12-24T00:00:00+08:00,13052.4,13052.4,0,30.2814,9.8425
2024-12-26T00:00:00+08:00,13052.4,13052.4,0,30.3708,9.8425
2024-12-27T00:00:00+08:00,13052.4,13052.4,0,29.4965,9.8425
2024-12-30T00:00:00+08:00,13052.4,13052.4,0,27.7579,9.8425
2024-12-31T00:00:00+08:00,13052.4,13052.4,0,27.132,9.8425
2025-01-02T00:00:00+08:00,13052.4,13052.4,0,27.4897,9.8425
2025-01-03T00:00:00+08:00,13052.4,13052.4,0,29.6257,9.8425
2025-01-06T00:00:00+08:00,13052.4,13052.4,0,32.2783,9.8425
2025-01-07T00:00:00+08:00,13052.4,13052.4,0,30.947,9.8425
2025-01-08T00:00:00+08:00,13052.4,13052.4,0,29.9833,9.8425
2025-01-10T00:00:00+08:00,13052.4,13052.4,0,27.8772,9.8425
2025-01-13T00:00:00+08:00,13052.4,13052.4,0,27.6685,9.8425
2025-01-14T00:00:00+08:00,13052.4,13052.4,0,27.9368,9.8425
2025-01-15T00:00:00+08:00,13052.4,13052.4,0,29.7449,9.8425
2025-01-16T00:00:00+08:00,13052.4,13052.4,0,29.7946,9.8425
2025-01-17T00:00:00+08:00,13052.4,13052.4,0,32.2783,9.8425
2025-01-21T00:00:00+08:00,13052.4,13052.4,0,33.4705,9.8425
2025-01-22T00:00:00+08:00,13052.4,13052.4,0,34.921,9.8425
2025-01-23T00:00:00+08:00,13052.4,13052.4,0,34.6925,9.8425
2025-01-24T00:00:00+08:00,13052.4,13052.4,0,32.4372,9.8425
2025-01-27T00:00:00+08:00,13052.4,13052.4,0,24.8967,9.8425
2025-01-28T00:00:00+08:00,13052.4,13052.4,0,25.2047,9.8425
2025-01-29T00:00:00+08:00,13052.4,13052.4,0,25.5127,9.8425
2025-01-30T00:00:00+08:00,13052.4,13052.4,0,26.9731,9.8425
2025-01-31T00:00:00+08:00,13052.4,13052.4,0,26.8439,9.8425
2025-02-03T00:00:00+08:00,13052.4,13052.4,0,25.4431,9.8425
2025-02-04T00:00:00+08:00,13052.4,13052.4,0,26.079,9.8425
2025-02-05T00:00:00+08:00,13052.4,13052.4,0,27.5195,9.8425
2025-02-06T00:00:00+08:00,13052.4,13052.4,0,27.5096,9.8425
2025-02-07T00:00:00+08:00,13052.4,13052.4,0,26.1584,9.8425
2025-02-10T00:00:00+08:00,13052.4,13052.4,0,27.1718,9.8425
2025-02-11T00:00:00+08:00,13052.4,13052.4,0,27.2215,9.8425
2025-02-12T00:00:00+08:00,13052.4,13052.4,0,27.3605,9.8425
2025-02-13T00:00:00+08:00,13052.4,13052.4,0,28.2845,9.8425
2025-02-14T00:00:00+08:00,13052.4,13052.4,0,28.364,9.8425
2025-02-18T00:00:00+08:00,13052.4,13052.4,0,29.7946,9.8425
2025-02-19T00:00:00+08:00,13052.4,13052.4,0,31.2649,9.8425
2025-02-20T00:00:00+08:00,13052.4,13052.4,0,31.4934,9.8425
2025-02-21T00:00:00+08:00,13052.4,13052.4,0,28.6223,9.8425
2025-02-24T00:00:00+08:00,13052.4,13052.4,0,26.5856,9.8425
2025-02-25T00:00:00+08:00,13052.4,13052.4,0,24.9066,9.8425
2025-02-26T00:00:00+08:00,13052.4,13052.4,0,26.1187,9.8425
2025-02-27T00:00:00+08:00,13052.4,13052.4,0,21.6083,9.8425
2025-02-28T00:00:00+08:00,13052.4,13052.4,0,22.5819,9.8425
2025-03-03T00:00:00+08:00,13052.4,13052.4,0,20.3764,9.8425
2025-03-04T00:00:00+08:00,13052.4,13052.4,0,20.5154,9.8425
2025-03-05T00:00:00+08:00,13052.4,13052.4,0,21.807,9.8425
2025-03-06T00:00:00+08:00,13052.4,13052.4,0,19.1047,9.8425
2025-03-07T00:00:00+08:00,13052.4,13052.4,0,20.7439,9.8425
2025-03-10T00:00:00+08:00,13052.4,13052.4,0,17.8728,9.8425
2025-03-11T00:00:00+08:00,13052.4,13052.4,0,17.2966,9.8425
2025-03-12T00:00:00+08:00,13052.4,13052.4,0,18.1808,9.8425
2025-03-13T00:00:00+08:00,13052.4,13052.4,0,17.9721,9.8425
2025-03-14T00:00:00+08:00,13052.4,13052.4,0,19.671,9.8425
2025-03-17T00:00:00+08:00,13052.4,13052.4,0,20.6545,9.8425
2025-03-18T00:00:00+08:00,13052.4,13052.4,0,19.8001,9.8425
2025-03-19T00:00:00+08:00,13052.4,13052.4,0,20.2472,9.8425
2025-03-20T00:00:00+08:00,13052.4,13052.4,0,19.8001,9.8425
2025-03-21T00:00:00+08:00,13052.4,13052.4,0,19.1544,9.8425
2025-03-24T00:00:00+08:00,13052.4,13052.4,0,20.8632,9.8425
2025-03-25T00:00:00+08:00,13052.4,13052.4,0,20.4793,9.8425
2025-03-26T00:00:00+08:00,13052.4,13052.4,0,18.7253,9.8425
2025-03-27T00:00:00+08:00,13052.4,13052.4,0,17.6989,9.8425
2025-03-28T00:00:00+08:00,13052.4,13052.4,0,15.9748,9.8425
2025-03-31T00:00:00+08:00,13052.4,13052.4,0,15.8951,9.8425
2025-04-01T00:00:00+08:00,13052.4,13052.4,0,15.8951,9.8425
2025-04-02T00:00:00+08:00,13052.4,13052.4,0,16.204,9.8425
2025-04-03T00:00:00+08:00,13052.4,13052.4,0,11.3707,9.8425
2025-04-04T00:00:00+08:00,13052.4,13052.4,0,8.6999,9.8425
2025-04-07T00:00:00+08:00,13052.4,13052.4,0,9.1185,9.8425
2025-04-08T00:00:00+08:00,13052.4,13052.4,0,8.2216,9.8425
2025-04-09T00:00:00+08:00,13052.4,13052.4,0,12.726,9.8425
2025-04-10T00:00:00+08:00,13052.4,13052.4,0,9.5968,9.8425
2025-04-11T00:00:00+08:00,13052.4,13052.4,0,10.1948,9.8425
2025-04-14T00:00:00+08:00,13052.4,13052.4,0,10.434,9.8425
2025-04-15T00:00:00+08:00,13052.4,13052.4,0,10.5635,9.8425
2025-04-16T00:00:00+08:00,13052.4,13052.4,0,9.3078,9.8425
2025-04-17T00:00:00+08:00,13052.4,13052.4,0,9.1683,9.8425
2025-04-21T00:00:00+08:00,13052.4,13052.4,0,8.68,9.8425
2025-04-22T00:00:00+08:00,13052.4,13052.4,0,9.1484,9.8425
2025-04-23T00:00:00+08:00,13052.4,13052.4,0,10.2546,9.8425
2025-04-24T00:00:00+08:00,13052.4,13052.4,0,11.9587,9.8425
2025-04-25T00:00:00+08:00,13052.4,13052.4,0,12.2975,9.8425
2025-04-28T00:00:00+08:00,13052.4,13052.4,0,12.2477,9.8425
2025-04-29T00:00:00+08:00,13052.4,13052.4,0,11.8192,9.8425
2025-04-30T00:00:00+08:00,13052.4,13052.4,0,12.1181,9.8425
2025-05-01T00:00:00+08:00,13052.4,13052.4,0,12.0583,9.8425
2025-05-02T00:00:00+08:00,13052.4,13052.4,0,13.2442,9.8425
2025-05-05T00:00:00+08:00,13052.4,13052.4,0,13.0051,9.8425
2025-05-06T00:00:00+08:00,13052.4,13052.4,0,12.5965,9.8425
2025-05-07T00:00:00+08:00,13052.4,13052.4,0,13.2343,9.8425
2025-05-08T00:00:00+08:00,13052.4,13052.4,0,13.613,9.8425
2025-05-09T00:00:00+08:00,13052.4,13052.4,0,14.0614,9.8425
2025-05-12T00:00:00+08:00,13052.4,13052.4,0,17.071,9.8425
2025-05-13T00:00:00+08:00,13052.4,13052.4,0,18.536,9.8425
2025-05-14T00:00:00+08:00,13052.4,13052.4,0,18.7751,9.8425
2025-05-15T00:00:00+08:00,13052.4,13052.4,0,18.4064,9.8425
2025-05-16T00:00:00+08:00,13052.4,13052.4,0,18.3267,9.8425
2025-05-19T00:00:00+08:00,13052.4,13052.4,0,17.9978,9.8425
2025-05-20T00:00:00+08:00,13052.4,13052.4,0,17.9081,9.8425
2025-05-21T00:00:00+08:00,13052.4,13052.4,0,16.9415,9.8425
2025-05-22T00:00:00+08:00,13052.4,13052.4,0,16.4532,9.8425
2025-05-23T00:00:00+08:00,13052.4,13052.4,0,15.6759,9.8425
2025-05-27T00:00:00+08:00,13052.4,13052.4,0,17.2305,9.8425
2025-05-28T00:00:00+08:00,13052.4,13052.4,0,16.9813,9.8425
2025-05-29T00:00:00+08:00,13052.4,13052.4,0,17.1408,9.8425
2025-05-30T00:00:00+08:00,13052.4,13052.4,0,16.1143,9.8425
2025-06-02T00:00:00+08:00,13052.4,13052.4,0,16.8418,9.8425
2025-06-03T00:00:00+08:00,13052.4,13052.4,0,18.237,9.8425
2025-06-04T00:00:00+08:00,13052.4,13052.4,0,19.0243,9.8425
2025-06-05T00:00:00+08:00,13052.4,13052.4,0,18.7452,9.8425
2025-06-06T00:00:00+08:00,13052.4,13052.4,0,19.114,9.8425
2025-06-09T00:00:00+08:00,13052.4,13052.4,0,20.5092,9.8425
2025-06-10T00:00:00+08:00,13052.4,13052.4,0,21.8146,9.8425
2025-06-11T00:00:00+08:00,13052.4,13052.4,0,21.5655,9.8425
2025-06-12T00:00:00+08:00,13052.4,13052.4,0,21.6153,9.8425
2025-06-13T00:00:00+08:00,13052.4,13052.4,0,19.971,9.8425
2025-06-16T00:00:00+08:00,13052.4,13052.4,0,21.8246,9.8425
2025-06-17T00:00:00+08:00,13052.4,13052.4,0,21.3463,9.8425
2025-06-18T00:00:00+08:00,13052.4,13052.4,0,21.5356,9.8425
2025-06-20T00:00:00+08:00,12889.01,9232.31,173,21.137,10.9711
2025-06-23T00:00:00+08:00,12952.8,9232.31,173,21.5057,10.5305
2025-06-24T00:00:00+08:00,13374.45,9232.31,173,23.943,7.618
2025-06-25T00:00:00+08:00,13483.41,9232.31,173,24.5728,6.8654
2025-06-26T00:00:00+08:00,13590.63,9232.31,173,25.1926,6.1247
2025-06-27T00:00:00+08:00,13575.07,9232.31,173,25.1026,6.2323
2025-06-30T00:00:00+08:00,13575.07,9232.31,173,25.1026,6.2323
2025-07-01T00:00:00+08:00,13505.89,9232.31,173,24.7028,6.7101
2025-07-02T00:00:00+08:00,13737.64,9232.31,173,26.0424,5.1093
2025-07-03T00:00:00+08:00,13803.36,9232.31,173,26.4223,4.6554
2025-07-07T00:00:00+08:00,13550.86,9232.31,173,24.9627,6.3995
2025-07-08T00:00:00+08:00,13792.99,9232.31,173,26.3623,4.727
2025-07-09T00:00:00+08:00,13841.41,9232.31,173,26.6422,4.3925
2025-07-10T00:00:00+08:00,13965.93,9232.31,173,27.362,3.5324
2025-07-11T00:00:00+08:00,13952.1,9232.31,173,27.282,3.628
2025-07-14T00:00:00+08:00,13815.47,9232.31,173,26.4922,4.5717
2025-07-15T00:00:00+08:00,13952.1,9232.31,173,27.282,3.628
2025-07-16T00:00:00+08:00,13907.13,9232.31,173,27.0221,3.9386
2025-07-17T00:00:00+08:00,13957.29,9232.31,173,27.312,3.5921
2025-07-18T00:00:00+08:00,13959.02,9232.31,173,27.322,3.5802
2025-07-21T00:00:00+08:00,13988.42,9232.31,173,27.4919,3.3771
2025-07-22T00:00:00+08:00,13784.34,9232.31,173,26.3123,4.7868
2025-07-23T00:00:00+08:00,13690.95,9232.31,173,25.7725,5.4319
2025-07-24T00:00:00+08:00,13663.27,9232.31,173,25.6125,5.623
2025-07-25T00:00:00+08:00,13659.81,9232.31,173,25.5925,5.6469
2025-07-28T00:00:00+08:00,13881.19,9232.31,173,26.8721,4.1178
2025-07-29T00:00:00+08:00,13907.13,9232.31,173,27.0221,3.9386
2025-07-30T00:00:00+08:00,14007.44,9232.31,173,27.6019,3.2457
2025-07-31T00:00:00+08:00,13552.59,9232.31,173,24.9727,6.3876
2025-08-01T00:00:00+08:00,13396.93,9232.31,173,24.073,7.4627
2025-08-04T00:00:00+08:00,13556.04,9232.31,173,24.9927,6.3637
2025-08-05T00:00:00+08:00,13473.03,9232.31,173,24.5128,6.9371
2025-08-06T00:00:00+08:00,13381.37,9232.31,173,23.983,7.5702
2025-08-07T00:00:00+08:00,13556.04,9232.31,173,24.9927,6.3637
2025-08-08T00:00:00+08:00,13678.84,9232.31,173,25.7025,5.5155
2025-08-11T00:00:00+08:00,13661.54,9232.31,173,25.6025,5.635
2025-08-12T00:00:00+08:00,14074.89,9232.31,173,27.9918,2.7798
2025-08-13T00:00:00+08:00,14294.54,9232.31,173,29.2614,1.2626
2025-08-14T00:00:00+08:00,14320.48,9232.31,173,29.4114,1.0834
2025-08-15T00:00:00+08:00,13965.93,9232.31,173,27.362,3.5324
2025-08-18T00:00:00+08:00,13993.61,9232.31,173,27.5219,3.3413
2025-08-19T00:00:00+08:00,13770.5,9232.31,173,26.2323,4.8823
2025-08-20T00:00:00+08:00,13694.4,9232.31,173,25.7924,5.408
2025-08-21T00:00:00+08:00,13616.58,9232.31,173,25.3426,5.9456
2025-08-22T00:00:00+08:00,13649.36,13649.36,0,27.442,5.7191
2025-08-25T00:00:00+08:00,13638.65,9572.14,149,27.292,5.7931
2025-08-26T00:00:00+08:00,13733.99,9572.14,149,27.9318,5.1346
2025-08-27T00:00:00+08:00,13769.73,9572.14,149,28.1717,4.8876
2025-08-28T00:00:00+08:00,13821.87,9572.14,149,28.5216,4.5275
2025-08-29T00:00:00+08:00,13450.97,9572.14,149,26.0324,7.0895
2025-09-02T00:00:00+08:00,13333.29,9572.14,149,25.2426,7.9023
2025-09-03T00:00:00+08:00,13282.65,9572.14,149,24.9027,8.2521
2025-09-04T00:00:00+08:00,13392.88,9572.14,149,25.6425,7.4907
2025-09-05T00:00:00+08:00,13512.04,9572.14,149,26.4423,6.6676
2025-09-08T00:00:00+08:00,13605.88,9572.14,149,27.0721,6.0194
2025-09-09T00:00:00+08:00,13620.78,9572.14,149,27.172,5.9165
2025-09-10T00:00:00+08:00,13832.3,9572.14,149,28.5916,4.4555
2025-09-11T00:00:00+08:00,13917.2,9572.14,149,29.1615,3.869
2025-09-12T00:00:00+08:00,13936.57,9572.14,149,29.2914,3.7353
2025-09-15T00:00:00+08:00,14040.84,9572.14,149,29.9912,3.0151
2025-09-16T00:00:00+08:00,14112.33,9572.14,149,30.4711,2.5212
2025-09-17T00:00:00+08:00,14110.84,9572.14,149,30.4611,2.5315
2025-09-18T00:00:00+08:00,14583.04,9572.14,149,33.6302,0.0
2025-09-19T00:00:00+08:00,14490.68,9572.14,149,33.0103,0.6333
2025-09-22T00:00:00+08:00,14700.71,9572.14,149,34.4199,0.0
2025-09-23T00:00:00+08:00,14682.84,9572.14,149,34.3,0.1215
2025-09-24T00:00:00+08:00,14667.94,9572.14,149,34.2,0.2229
2025-09-25T00:00:00+08:00,14615.79,9572.14,149,33.85,0.5776
2025-09-26T00:00:00+08:00,14641.12,9572.14,149,34.02,0.4053
2025-09-29T00:00:00+08:00,14641.12,9572.14,149,34.02,0.4053
2025-09-30T00:00:00+08:00,14763.3,9572.14,149,34.84,0.0
2025-10-01T00:00:00+08:00,15064.28,9572.14,149,36.86,0.0
2025-10-02T00:00:00+08:00,15395.06,9572.14,149,39.08,0.0
2025-10-03T00:00:00+08:00,15268.41,9572.14,149,38.23,0.8227
2025-10-06T00:00:00+08:00,15786.93,9572.14,149,41.71,0.0
2025-10-07T00:00:00+08:00,15357.81,9572.14,149,38.83,2.7182
2025-10-08T00:00:00+08:00,15946.36,9572.14,149,42.78,0.0
2025-10-09T00:00:00+08:00,15865.9,9572.14,149,42.24,0.5046
2025-10-10T00:00:00+08:00,14669.43,9572.14,149,34.21,8.0077
2025-10-13T00:00:00+08:00,15404.0,9572.14,149,39.14,3.4012
2025-10-14T00:00:00+08:00,15030.01,9572.14,149,36.63,5.7465
2025-10-15T00:00:00+08:00,15529.16,9572.14,149,39.98,2.6163
2025-10-16T00:00:00+08:00,15617.07,9572.14,149,40.57,2.065
2025-10-17T00:00:00+08:00,15575.35,9572.14,149,40.29,2.3266
2025-10-20T00:00:00+08:00,15865.9,9572.14,149,42.24,0.5046
2025-10-21T00:00:00+08:00,15757.13,9572.14,149,41.51,1.1867
2025-10-22T00:00:00+08:00,15292.25,9572.14,149,38.39,4.1019
2025-10-23T00:00:00+08:00,15706.47,9572.14,149,41.17,1.5044
2025-10-24T00:00:00+08:00,16000.0,9572.14,149,43.14,0.0
2025-10-27T00:00:00+08:00,16551.3,9572.14,149,46.84,0.0
2025-10-28T00:00:00+08:00,16569.18,9572.14,149,46.96,0.0
2025-10-29T00:00:00+08:00,16929.76,9572.14,149,49.38,0.0
2025-10-30T00:00:00+08:00,16633.25,9572.14,149,47.39,1.7514
2025-10-31T00:00:00+08:00,16691.36,9572.14,149,47.78,1.4082
2025-11-03T00:00:00+08:00,16810.56,9572.14,149,48.58,0.7041
2025-11-04T00:00:00+08:00,15949.34,9572.14,149,42.8,5.7911
2025-11-05T00:00:00+08:00,16549.81,9572.14,149,46.83,2.2443
2025-11-06T00:00:00+08:00,15980.63,9572.14,149,43.01,5.6063
2025-11-07T00:00:00+08:00,15791.4,9572.14,149,41.74,6.724
2025-11-10T00:00:00+08:00,16271.18,9572.14,149,44.96,3.8901
2025-11-11T00:00:00+08:00,15801.83,9572.14,149,41.81,6.6624
2025-11-12T00:00:00+08:00,16084.93,9572.14,149,43.71,4.9902
2025-11-13T00:00:00+08:00,15415.92,9572.14,149,39.22,8.9419
2025-11-14T00:00:00+08:00,15362.28,9572.14,149,38.86,9.2587
2025-11-17T00:00:00+08:00,15061.3,9572.14,149,36.84,11.0365
2025-11-18T00:00:00+08:00,14829.13,14829.13,0,34.35,12.408
2025-11-19T00:00:00+08:00,14906.71,12605.27,64,35.96,11.9497
2025-11-20T00:00:00+08:00,14577.11,12605.27,64,30.81,13.8966
2025-11-21T00:00:00+08:00,14635.99,12605.27,64,31.73,13.5488
2025-11-24T00:00:00+08:00,14900.31,12605.27,64,35.86,11.9875
2025-11-25T00:00:00+08:00,14920.15,12605.27,64,36.17,11.8703
2025-11-26T00:00:00+08:00,15113.43,12605.27,64,39.19,10.7287
2025-11-28T00:00:00+08:00,15245.91,12605.27,64,41.26,9.9461
2025-12-01T00:00:00+08:00,15249.11,12605.27,64,41.31,9.9272
2025-12-02T00:00:00+08:00,15408.47,12605.27,64,43.8,8.9859
2025-12-03T00:00:00+08:00,15586.39,12605.27,64,46.58,7.935
2025-12-04T00:00:00+08:00,15495.51,12605.27,64,45.16,8.4718
2025-12-05T00:00:00+08:00,15581.27,12605.27,64,46.5,7.9652
2025-12-08T00:00:00+08:00,15676.63,12605.27,64,47.99,7.402
2025-12-09T00:00:00+08:00,15663.83,12605.27,64,47.79,7.4776
2025-12-10T00:00:00+08:00,15782.87,12605.27,64,49.65,6.7744
2025-12-11T00:00:00+08:00,15727.83,12605.27,64,48.79,7.0995
2025-12-12T00:00:00+08:00,15274.71,12605.27,64,41.71,9.776
2025-12-15T00:00:00+08:00,15240.79,12605.27,64,41.18,9.9764
2025-12-16T00:00:00+08:00,15196.63,12605.27,64,40.49,10.2372
2025-12-17T00:00:00+08:00,15227.17,15227.17,0,36.01,10.0568
2025-12-18T00:00:00+08:00,15104.88,11787.0,86,38.58,10.7792
2025-12-19T00:00:00+08:00,15374.92,11787.0,86,41.72,9.1841
2025-12-22T00:00:00+08:00,15507.36,11787.0,86,43.26,8.4018
2025-12-23T00:00:00+08:00,15545.2,11787.0,86,43.7,8.1783
2025-12-24T00:00:00+08:00,15589.06,11787.0,86,44.21,7.9192
2025-12-26T00:00:00+08:00,15589.06,11787.0,86,44.21,7.9192
2025-12-29T00:00:00+08:00,15555.52,11787.0,86,43.82,8.1173
2025-12-30T00:00:00+08:00,15542.62,11787.0,86,43.67,8.1935
2025-12-31T00:00:00+08:00,15401.58,11787.0,86,42.03,9.0266
2026-01-02T00:00:00+08:00,15849.64,11787.0,86,47.24,6.38
2026-01-05T00:00:00+08:00,16019.92,11787.0,86,49.22,5.3742
2026-01-06T00:00:00+08:00,16431.86,11787.0,86,54.01,2.941
2026-01-07T00:00:00+08:00,16283.94,11787.0,86,52.29,3.8147
2026-01-08T00:00:00+08:00,16056.9,11787.0,86,49.65,5.1558
2026-01-09T00:00:00+08:00,16426.7,11787.0,86,53.95,2.9715
2026-01-12T00:00:00+08:00,16486.9,11787.0,86,54.65,2.6159
2026-01-13T00:00:00+08:00,16609.02,11787.0,86,56.07,1.8946
2026-01-14T00:00:00+08:00,16549.68,11787.0,86,55.38,2.2451
2026-01-15T00:00:00+08:00,16781.88,11787.0,86,58.08,0.8735
2026-01-16T00:00:00+08:00,17011.5,11787.0,86,60.75,0.0
2026-01-20T00:00:00+08:00,16769.84,11787.0,86,57.94,1.4206
2026-01-21T00:00:00+08:00,17246.28,11787.0,86,63.48,0.0
2026-01-22T00:00:00+08:00,17266.92,11787.0,86,63.72,0.0
2026-01-23T00:00:00+08:00,17084.6,11787.0,86,61.6,1.0559
2026-01-26T00:00:00+08:00,17007.2,11787.0,86,60.7,1.5041
2026-01-27T00:00:00+08:00,17373.56,11787.0,86,64.96,0.0
2026-01-28T00:00:00+08:00,17814.74,11787.0,86,70.09,0.0
2026-01-29T00:00:00+08:00,17847.42,11787.0,86,70.47,0.0
2026-01-30T00:00:00+08:00,17100.94,11787.0,86,61.79,4.1826
2026-02-02T00:00:00+08:00,17394.2,11787.0,86,65.2,2.5394
2026-02-03T00:00:00+08:00,17050.2,11787.0,86,61.2,4.4669
2026-02-04T00:00:00+08:00,16361.34,11787.0,86,53.19,8.3266
2026-02-05T00:00:00+08:00,16366.5,11787.0,86,53.25,8.2977
2026-02-06T00:00:00+08:00,17097.5,11787.0,86,61.75,4.2018
2026-02-09T00:00:00+08:00,17293.58,11787.0,86,64.03,3.1032
2026-02-10T00:00:00+08:00,17234.24,11787.0,86,63.34,3.4357
2026-02-11T00:00:00+08:00,17639.3,11787.0,86,68.05,1.1661
2026-02-12T00:00:00+08:00,17213.6,11787.0,86,63.1,3.5513
2026-02-13T00:00:00+08:00,17341.74,11787.0,86,64.59,2.8334
2026-02-17T00:00:00+08:00,17321.1,11787.0,86,64.35,2.949
2026-02-18T00:00:00+08:00,17487.94,11787.0,86,66.29,2.0142
2026-02-19T00:00:00+08:00,17396.78,11787.0,86,65.23,2.525
2026-02-20T00:00:00+08:00,17558.46,11787.0,86,67.11,1.6191
2026-02-23T00:00:00+08:00,17450.96,11787.0,86,65.86,2.2214
2026-02-24T00:00:00+08:00,17680.58,11787.0,86,68.53,0.9348
2026-02-25T00:00:00+08:00,17966.96,11787.0,86,71.86,0.0
2026-02-26T00:00:00+08:00,17406.24,11787.0,86,65.34,3.1208
2026-02-27T00:00:00+08:00,17185.22,11787.0,86,62.77,4.351
2026-03-02T00:00:00+08:00,17184.36,11787.0,86,62.76,4.3558
2026-03-03T00:00:00+08:00,16381.12,11787.0,86,53.42,8.8264
2026-03-04T00:00:00+08:00,16595.71,16595.71,0,56.62,7.6321
2026-03-05T00:00:00+08:00,16562.71,13329.51,59,54.8,7.8157
2026-03-06T00:00:00+08:00,16155.02,13329.51,59,47.89,10.0848
2026-03-09T00:00:00+08:00,16475.39,13329.51,59,53.32,8.3017
2026-03-10T00:00:00+08:00,16550.32,13329.51,59,54.59,7.8847
2026-03-11T00:00:00+08:00,16638.82,13329.51,59,56.09,7.3921
2026-03-12T00:00:00+08:00,16296.03,13329.51,59,50.28,9.3
2026-03-13T00:00:00+08:00,16321.99,13329.51,59,50.72,9.1555
2026-03-16T00:00:00+08:00,16497.22,13329.51,59,53.69,8.1802
2026-03-17T00:00:00+08:00,16571.56,13329.51,59,54.95,7.7665
2026-03-18T00:00:00+08:00,16516.69,13329.51,59,54.02,8.0718
2026-03-19T00:00:00+08:00,16565.66,13329.51,59,54.85,7.7993
2026-03-20T00:00:00+08:00,16346.77,13329.51,59,51.14,9.0176
2026-03-23T00:00:00+08:00,16458.28,13329.51,59,53.03,8.3969
2026-03-24T00:00:00+08:00,16572.15,13329.51,59,54.96,7.7632
2026-03-25T00:00:00+08:00,16694.87,13329.51,59,57.04,7.0801
2026-03-26T00:00:00+08:00,16218.74,13329.51,59,48.97,9.7302
2026-03-27T00:00:00+08:00,16079.5,13329.51,59,46.61,10.5051
2026-03-30T00:00:00+08:00,16150.99,16150.99,0,40.62,10.1072
2026-03-31T00:00:00+08:00,16150.99,16150.99,0,47.91,10.1072
2026-04-01T00:00:00+08:00,16150.99,16150.99,0,52.26,10.1072
2026-04-02T00:00:00+08:00,16496.96,13753.96,52,52.75,8.1817
2026-04-06T00:00:00+08:00,16604.08,13753.96,52,54.81,7.5855
2026-04-07T00:00:00+08:00,16694.56,13753.96,52,56.55,7.0819
2026-04-08T00:00:00+08:00,17263.96,13753.96,52,67.5,3.9127
2026-04-09T00:00:00+08:00,17496.92,13753.96,52,71.98,2.6161
2026-04-10T00:00:00+08:00,17726.24,13753.96,52,76.39,1.3398
2026-04-13T00:00:00+08:00,17943.08,13753.96,52,80.56,0.1329
2026-04-14T00:00:00+08:00,18190.08,13753.96,52,85.31,0.0
2026-04-15T00:00:00+08:00,18223.88,13753.96,52,85.96,0.0
2026-04-16T00:00:00+08:00,18349.2,13753.96,52,88.37,0.0
2026-04-17T00:00:00+08:00,18677.32,13753.96,52,94.68,0.0
2026-04-20T00:00:00+08:00,18742.84,13753.96,52,95.94,0.0
2026-04-21T00:00:00+08:00,18854.64,13753.96,52,98.09,0.0
2026-04-22T00:00:00+08:00,19247.24,13753.96,52,105.64,0.0
2026-04-23T00:00:00+08:00,19618.0,13753.96,52,112.77,0.0
2026-04-24T00:00:00+08:00,20426.6,13753.96,52,128.32,0.0
2026-04-27T00:00:00+08:00,20170.24,13753.96,52,123.39,1.255
2026-04-28T00:00:00+08:00,19451.08,13753.96,52,109.56,4.7757
2026-04-29T00:00:00+08:00,19888.4,13753.96,52,117.97,2.6348
2026-04-30T00:00:00+08:00,20356.92,13753.96,52,126.98,0.3411
2026-05-01T00:00:00+08:00,20534.76,13753.96,52,130.4,0.0
2026-05-04T00:00:00+08:00,20386.56,13753.96,52,127.55,0.7217
2026-05-05T00:00:00+08:00,21250.28,13753.96,52,144.16,0.0
