datetime,equity,cash,position_value,drawdown_pct
2025-05-07,10000.0,10000.0,0.0,0.0
2025-05-08,10000.0,10000.0,0.0,0.0
2025-05-09,10000.0,10000.0,0.0,0.0
2025-05-12,10000.0,10000.0,0.0,0.0
2025-05-13,10000.0,10000.0,0.0,0.0
2025-05-14,10015.03132645645,9609.10700182345,405.92432463299997,0.0
2025-05-15,10013.50168699045,9609.10700182345,404.39468516700003,0.00015273436658746396
2025-05-16,10015.211284042449,9609.10700182345,406.104282219,0.0
2025-05-19,10015.72116386545,9609.10700182345,406.61416204200003,0.0
2025-05-20,10012.15200510745,9609.10700182345,403.04500328399996,0.0003563556432538441
2025-05-21,10004.41382897545,9609.10700182345,395.30682715200004,0.001128958634630742
2025-05-22,10007.50310084245,9609.10700182345,398.39609901899996,0.0008205163550926865
2025-05-23,10002.884189506449,9609.10700182345,393.777187683,0.001281682481868011
2025-05-27,10015.51121335045,9609.10700182345,406.40421152700003,2.0962096644363644e-05
2025-05-28,10013.44170112645,9609.10700182345,404.33469930300004,0.00022758847832378109
2025-05-29,10026.578604793449,9609.10700182345,417.47160297000005,0.0
2025-05-30,10014.40147491145,9609.10700182345,405.29447308799996,0.0012144850563657857
2025-06-02,10031.68378932945,9275.75090682345,755.9328825059999,0.0
2025-06-03,10042.02912973145,9618.46896182345,423.56016790800004,0.0
2025-06-04,10044.12863488445,9618.46896182345,425.659673061,0.0
2025-06-05,10038.33999925145,9618.46896182345,419.87103742799997,0.0005763203403125876
2025-06-06,10043.85524126845,9270.22542682345,773.629814445,2.7219246779727626e-05
2025-06-09,10063.20459796645,9270.22542682345,792.979171143,0.0
2025-06-10,10066.01106275445,9634.23283182345,431.77823093100005,0.0
2025-06-11,10062.699472211962,9777.086945761961,285.61252645,0.00032898737363230206
2025-06-12,10068.136987190348,9633.209279405348,434.92770778500005,0.0
2025-06-13,10052.807756343049,9420.43494404905,632.372812294,0.0015225488952725324
2025-06-16,10090.585427037975,9277.417564698975,813.1678623390001,0.0
2025-06-17,10087.18369851692,9798.99160083492,288.192097682,0.0003371190448416091
2025-06-18,10090.1909724415,9653.8235039695,436.367468472,3.9091348993299465e-05
2025-06-20,10085.858786306087,9798.206598882087,287.652187424,0.00046842086279973177
2025-06-23,10085.746713716231,9653.30859212323,432.438121593,0.0004795275117317178
2025-06-24,10092.133400925964,9796.382559633965,295.750841292,0.0
2025-06-25,10104.951270383965,9796.382559633965,308.56871075,0.0
2025-06-26,10106.371034395965,9796.382559633965,309.988474762,0.0
2025-06-27,10111.830127003965,9796.382559633965,315.44756737,0.0
2025-06-30,10112.310047231966,9796.382559633965,315.927487598,0.0
2025-07-01,10102.931606085966,9796.382559633965,306.549046452,0.0009274281645040409
2025-07-02,10110.830293191964,9796.382559633965,314.447733558,0.0001463319491876542
2025-07-03,10115.009598521965,9796.382559633965,318.627038888,0.0
2025-07-07,10112.809964137965,9796.382559633965,316.427404504,0.0002174624119310286
2025-07-08,10116.329379153965,9796.382559633965,319.94681952,0.0
2025-07-09,10122.088421903965,9796.382559633965,325.70586227,0.0
2025-07-10,10124.528016403965,9796.382559633965,328.14545677,0.0
2025-07-11,10126.167743853965,9796.382559633965,329.78518422,0.0
2025-07-14,10124.468026373965,9796.382559633965,328.08546674,0.00016785397230176507
2025-07-15,10137.725822707966,9796.382559633965,341.343263074,0.0
2025-07-16,10139.065600015965,9796.382559633965,342.683040382,0.0
2025-07-17,10142.325058239965,9796.382559633965,345.942498606,0.0
2025-07-18,10141.145254341965,9796.382559633965,344.762694708,0.00011632479645691089
2025-07-21,10139.085596691964,9796.382559633965,342.703037058,0.0003194002883361388
2025-07-22,10130.387042535966,9796.382559633965,334.004482902,0.001177049210654189
2025-07-23,10137.885796117966,9796.382559633965,341.503236484,0.00043769669148918525
2025-07-24,10143.804812279965,9796.382559633965,347.422252646,0.0
2025-07-25,10143.324892049965,9796.382559633965,346.942332416,4.7311658581903715e-05
2025-07-28,10149.823811821965,9796.382559633965,353.441252188,0.0
2025-07-29,10147.344223969965,9796.382559633965,350.961664336,0.0002442986102982207
2025-07-30,10154.862974227965,9796.382559633965,358.480414594,0.0
2025-07-31,10152.063439557965,9796.382559633965,355.680879924,0.0002756841404068168
2025-08-01,10143.764818925965,9796.382559633965,347.382259292,0.0010928906997726342
2025-08-04,10156.322731593964,9796.382559633965,359.94017196,0.0
2025-08-05,10152.843309929965,9796.382559633965,356.460750296,0.000342586756639267
2025-08-06,10155.162924371965,9796.382559633965,358.780364738,0.00011419558561197265
2025-08-07,10175.259355661963,9468.979439633964,706.279916028,0.0
2025-08-08,10177.946314171964,9812.607039633964,365.339274538,0.0
2025-08-11,10176.666526893963,9812.607039633964,364.05948726,0.00012574120932619726
2025-08-12,10178.866161277963,9812.607039633964,366.259121644,0.0
2025-08-13,10175.726683111963,9812.607039633964,363.119643478,0.0003084310291791825
2025-08-14,10176.586540189965,9812.607039633964,363.979500556,0.00022395628863564315
2025-08-15,10173.447062021964,9812.607039633964,360.840022388,0.0005323873180113985
2025-08-18,10176.566543513964,9812.607039633964,363.95950388,0.00022592081746274363
2025-08-19,10143.472520761963,9459.150899633963,684.3216211280001,0.0034771692598379285
2025-08-20,10140.292600531964,9459.150899633963,681.141700898,0.0037895734293804948
2025-08-21,10136.472740129964,9459.150899633963,677.321840496,0.004164847093605619
2025-08-22,10150.591739671963,9459.150899633963,691.440840038,0.002777757478879176
2025-08-25,10145.431134743963,9459.150899633963,686.28023511,0.0032847495982599824
2025-08-26,10155.870483283963,9459.150899633963,696.71958365,0.0022591590880209752
2025-08-27,10156.550539787964,9459.150899633963,697.399640154,0.0021923484537886254
2025-08-28,10156.591015087964,9459.150899633963,697.4401154540001,0.002188372048228424
2025-08-29,10132.713006031963,9459.150899633963,673.562106398,0.0045342137832182225
2025-09-02,10125.294136117964,9459.150899633963,666.143236484,0.005263064108632863
2025-09-03,10124.594189297963,9459.150899633963,665.443289664,0.005331828822591257
2025-09-04,10125.993843625964,9459.150899633963,666.842943992,0.0051943229053481935
2025-09-05,10095.415385859964,9459.150899633963,636.2644862259999,0.008198435277148999
2025-09-08,10094.788393616851,9791.968393616851,302.82,0.00826003273144092
2025-09-09,10107.339297262122,9454.236054130122,653.103243132,0.007026997200134205
2025-09-10,10127.917113538122,9454.236054130122,673.681059408,0.005005375543069777
2025-09-11,10119.877146888122,9454.236054130122,665.641092758,0.005795244131831174
2025-09-12,10126.977004146122,9454.236054130122,672.7409500159999,0.005097734493183185
2025-09-15,10132.017019518122,9454.236054130122,677.7809653879999,0.004602589425732231
2025-09-16,10124.877649782122,9454.236054130122,670.641595652,0.005303980879640845
2025-09-17,10113.098657764122,9454.236054130122,658.8626036339999,0.006461181675030949
2025-09-18,10109.448386462305,9793.608386462305,315.84,0.006819794436411236
2025-09-19,10108.07207138381,9439.99086882381,668.08120256,0.006955007441149435
2025-09-22,10126.75054733181,9439.99086882381,686.759678508,0.005119982237747548
2025-09-23,10118.61168488181,9439.99086882381,678.620816058,0.005919566623773069
2025-09-24,10115.65200550381,9439.99086882381,675.66113668,0.00621033372210249
2025-09-25,10117.87184738781,9439.99086882381,677.8809785640001,0.005992250308014144
2025-09-26,10117.71046758581,9761.36959882381,356.340868762,0.006008104706671497
2025-09-29,10127.670203835809,9441.29013882381,686.380065012,0.005029632635991621
2025-09-30,10137.98916510781,9441.29013882381,696.699026284,0.004015869304348987
2025-10-01,10143.74902016981,9441.29013882381,702.458881346,0.0034500051923018037
2025-10-02,10145.88464782381,9768.14612882381,377.738519,0.003240195217382868
2025-10-03,10143.34492671981,9768.14612882381,375.198797896,0.0034897044518849797
2025-10-06,10216.100713495809,9437.64145882381,778.459254672,0.0
2025-10-07,10213.89711329781,9843.85774882381,370.039364474,0.0002156987543288918
2025-10-08,10222.03621950981,9843.85774882381,378.178470686,0.0
2025-10-09,10228.95545967981,9843.85774882381,385.097710856,0.0
2025-10-10,10210.13752615381,9843.85774882381,366.27977733,0.0018396730340820447
2025-10-13,10220.45639299781,9843.85774882381,376.598644174,0.0008308831449604832
2025-10-14,10203.87821351381,9843.85774882381,360.02046469,0.002451594032728819
2025-10-15,10203.47825743581,9843.85774882381,359.620508612,0.002490694415908305
2025-10-16,10207.43782261981,9843.85774882381,363.580073796,0.002103600621277292
2025-10-17,10210.25751297781,9843.85774882381,366.399764154,0.0018279429190695157
2025-10-20,10209.097640347809,9843.85774882381,365.239891524,0.0019413340306618627
2025-10-21,10206.13796536181,9843.85774882381,362.280216538,0.002230676867050745
2025-10-22,10204.37815861381,9843.85774882381,360.52040979,0.0024027185535099487
2025-10-23,10208.13774575781,9843.85774882381,364.279996934,0.002035174950566484
2025-10-24,10216.33684538181,9843.85774882381,372.479096558,0.0012336170929417125
2025-10-27,10226.79569685381,9843.85774882381,382.93794803,0.00021114206963886745
2025-10-28,10245.87360182981,9843.85774882381,402.015853006,0.0
2025-10-29,10257.89228200981,9843.85774882381,414.034533186,0.0
2025-10-30,10249.59319336781,9843.85774882381,405.735444544,0.0008090442377286425
2025-10-31,10248.79328120981,9843.85774882381,404.935532386,0.0008870244051946745
2025-11-03,10257.57231714781,9843.85774882381,413.714568324,3.119206686955509e-05
2025-11-04,10241.194115703809,9843.85774882381,397.33636688,0.0016278359966098023
2025-11-05,10234.23487992581,9843.85774882381,390.377131102,0.0023062634538958803
2025-11-06,10219.97644570181,9843.85774882381,376.118696878,0.0036962599397243547
2025-11-07,10214.83758032981,9605.03889882381,609.798681506,0.0041972269250194726
2025-11-10,10247.07518664581,9605.03889882381,642.036287822,0.0010545144232963959
2025-11-11,10228.83648011381,9605.03889882381,623.79758129,0.0028325313911667627
2025-11-12,10251.48633956781,9605.03889882381,646.447440744,0.0006244891509765396
2025-11-13,10236.47841861981,9862.79945382381,373.678964796,0.0020875500347723097
2025-11-14,10240.823711729812,9613.715473823811,627.108237906,0.0016639451663898832
2025-11-17,10227.394495715811,9613.715473823811,613.679021892,0.002973104557501178
2025-11-18,10206.68564644181,9613.715473823811,592.970172618,0.004991925647123981
2025-11-19,10198.764306355502,9975.214306355503,223.55,0.005764144721816407
2025-11-20,10168.289098107774,9601.028767375774,567.260330732,0.008735048237851092
2025-11-21,10164.86847794241,9961.088477942409,203.78,0.009068510519509495
2025-11-24,10176.138477942408,9961.088477942409,215.05,0.007969844274030993
2025-11-25,10167.218477942408,9961.088477942409,206.13,0.008839418622715067
2025-11-26,10175.328477942408,9961.088477942409,214.24,0.008048807863989921
2025-11-28,10178.61847794241,9961.088477942409,217.53,0.00772807920847744
2025-12-01,10180.848477942409,9961.088477942409,219.76,0.007510685621306466
2025-12-02,10176.328477942408,9961.088477942409,215.24,0.007951321950460317
2025-12-03,10178.688477942409,9961.088477942409,217.6,0.007721255194530396
2025-12-04,10177.068477942408,9961.088477942409,215.98,0.007879182374448433
2025-12-05,10179.058477942408,9961.088477942409,217.97,0.007685185406524542
2025-12-08,10182.19847794241,9961.088477942409,221.11,0.0073790796380414645
2025-12-09,10182.70847794241,9961.088477942409,221.62,0.007329361822141346
2025-12-10,10182.508477942409,9961.088477942409,221.42,0.007348859004847337
2025-12-11,10182.518477942409,9961.088477942409,221.43,0.0073478841457120195
2025-12-12,10171.86847794241,9961.088477942409,210.78,0.008386109124802267
2025-12-15,10164.363087942409,9749.20308794241,415.16,0.009117778925348246
2025-12-16,10167.54308794241,9749.20308794241,418.34,0.008807773720324078
2025-12-17,10145.423087942409,9749.20308794241,396.22,0.010964162127598993
2025-12-18,10151.32308794241,9749.20308794241,402.12,0.010388995237774189
2025-12-19,10176.06308794241,9749.20308794241,426.86,0.007977193737051809
2025-12-22,10179.103087942409,9749.20308794241,429.9,0.007680836559921906
2025-12-23,10179.003087942408,9749.20308794241,429.8,0.007690585151274901
2025-12-24,10179.28308794241,9749.20308794241,430.08,0.007663289095486549
2025-12-26,10179.183087942409,9749.20308794241,429.98,0.007673037686839544
2025-12-29,10180.423087942409,9749.20308794241,431.22,0.007552155154062857
2025-12-30,10179.88308794241,9749.20308794241,430.68,0.00760479754736875
2025-12-31,10177.523087942409,9749.20308794241,428.32,0.007834864303298673
2026-01-02,10196.14308794241,9749.20308794241,446.94,0.006019676593377369
2026-01-05,10194.919617942409,10194.919617942409,0.0,0.006138947684003513
2026-01-06,10184.13106337784,9595.32133098584,588.809732392,0.007190679781394549
2026-01-07,10178.10368596184,9379.86415598584,798.2395299760001,0.0077782641749809716
2026-01-08,10159.28412651584,9379.86415598584,779.41997053,0.00961290611979891
2026-01-09,10155.079096530575,9748.739096530575,406.34,0.010022837309331881
2026-01-12,10164.119096530574,9748.739096530575,415.38,0.009141564651024354
2026-01-13,10190.679096530575,9748.739096530575,441.94,0.006552338787677945
2026-01-14,10189.458126530575,10189.458126530575,0.0,0.006671366163520215
2026-01-15,10189.458126530575,10189.458126530575,0.0,0.006671366163520215
2026-01-16,10186.631175414097,9814.191333696097,372.439841718,0.006946954075613615
2026-01-20,10185.444955493238,10185.444955493238,0.0,0.007062593808245569
2026-01-21,10185.444955493238,10185.444955493238,0.0,0.007062593808245569
2026-01-22,10185.444955493238,10185.444955493238,0.0,0.007062593808245569
2026-01-23,10185.444955493238,10185.444955493238,0.0,0.007062593808245569
2026-01-26,10185.444955493238,10185.444955493238,0.0,0.007062593808245569
2026-01-27,10185.444955493238,10185.444955493238,0.0,0.007062593808245569
2026-01-28,10185.444955493238,10185.444955493238,0.0,0.007062593808245569
2026-01-29,10186.233338696684,9801.234176750684,384.999161946,0.0069857375514462555
2026-01-30,10179.05454173669,9367.50512036369,811.5494213730001,0.007685569131134778
2026-02-02,10161.110898006691,9367.50512036369,793.605777643,0.009434821632203497
2026-02-03,10138.439160152691,9367.50512036369,770.934039789,0.011644996708204363
2026-02-04,10140.232043625052,9726.985269400053,413.246774225,0.011470215825049151
2026-02-05,10110.968678369052,9525.695174400053,585.273503969,0.014322981719980766
2026-02-06,10134.361667103052,9525.695174400053,608.666492703,0.01204249484305904
2026-02-09,10162.427391085814,9153.709843956814,1008.717547129,0.009306482101729822
2026-02-10,10156.668304952815,9153.709843956814,1002.958460996,0.009867911874500911
2026-02-11,10150.818409277814,9153.709843956814,997.108565321,0.010438194298431252
2026-02-12,10134.434507430815,9153.709843956814,980.724663474,0.012035393937165307
2026-02-13,10127.036138663814,9153.709843956814,973.326294707,0.012756630675045254
2026-02-17,10117.163495216857,9518.127255764857,599.036239452,0.013719074340423939
2026-02-18,10116.937255475857,9518.127255764857,598.809999711,0.013741129528251976
2026-02-19,10118.609294598711,9140.999633646712,977.609660952,0.013578129266903348
2026-02-20,10117.999086768712,9140.999633646712,976.999453122,0.01363761593465373
2026-02-23,10105.148899506712,9140.999633646712,964.14926586,0.014890328178916277
2026-02-24,10129.518758790711,9140.999633646712,988.519125144,0.012514610184027717
2026-02-25,10143.558465448712,9140.999633646712,1002.5588318020001,0.011145936554784847
2026-02-26,10116.159620412713,9140.999633646712,975.159986766,0.013816937992775296
2026-02-27,10097.95290041933,9304.79290041933,793.1600000000001,0.015591836723707907
2026-03-02,10100.58290041933,9304.79290041933,795.79,0.015335448771125127
2026-03-03,10090.62290041933,9304.79290041933,785.8299999999999,0.016306408469879897
2026-03-04,10114.13290041933,9304.79290041933,809.3399999999999,0.014014514642798888
2026-03-05,10114.37290041933,9304.79290041933,809.5799999999999,0.013991118023551805
2026-03-06,10098.61290041933,9304.79290041933,793.8199999999999,0.015527496020778384
2026-03-09,10119.56290041933,9304.79290041933,814.77,0.01348516613233311
2026-03-10,10117.01290041933,9304.79290041933,812.22,0.013733755211833707
2026-03-11,10119.33290041933,9304.79290041933,814.54,0.013507587892445053
2026-03-12,10102.13290041933,9304.79290041933,797.34,0.015184345605154135
2026-03-13,10087.12290041933,9304.79290041933,782.3299999999999,0.016647609167233512
2026-03-16,10097.90290041933,9304.79290041933,793.11,0.015596711019384318
2026-03-17,10096.82290041933,9304.79290041933,792.03,0.015701995805996283
2026-03-18,10095.502900419331,9304.79290041933,790.71,0.01583067721185533
2026-03-19,10104.35290041933,9304.79290041933,799.56,0.014967926877118478
2026-03-20,10089.32290041933,9304.79290041933,784.53,0.01643314015746831
2026-03-23,10093.15290041933,9304.79290041933,788.36,0.016059769108649934
2026-03-24,10088.27290041933,9304.79290041933,783.48,0.0165355003666745
2026-03-25,10116.37290041933,9304.79290041933,811.58,0.013796146196492597
2026-03-26,10110.082630419329,9744.11263041933,365.97,0.014409358913790587
2026-03-27,10096.11886041933,9335.36886041933,760.75,0.015770629788557717
2026-03-30,10086.408860419331,9335.36886041933,751.04,0.016717218008930085
2026-03-31,10112.398860419331,9335.36886041933,777.03,0.0141835591162957
2026-04-01,10125.158860419331,9335.36886041933,789.79,0.012939638859657933
2026-04-02,10128.03865041933,9754.578650419331,373.46,0.012658899900734608
2026-04-06,10127.45865041933,9754.578650419331,372.88,0.012715441730581771
2026-04-07,10126.868650419332,9754.578650419331,372.29,0.012772958419564074
2026-04-08,10128.908650419331,9754.578650419331,374.33,0.012574087155963774
2026-04-09,10127.64865041933,9754.578650419331,373.07,0.012696919407011096
2026-04-10,10125.448650419332,9754.578650419331,370.87,0.012911388416776118
2026-04-13,10138.948650419332,9754.578650419331,384.37,0.011595328584126466
2026-04-14,10147.688650419332,9754.578650419331,393.11,0.010743301699877748
2026-04-15,10146.492095419331,10146.492095419331,0.0,0.010859948957141208
2026-04-16,10144.253225419332,9747.553225419331,396.7,0.011078207244365156
2026-04-17,10150.913225419332,9747.553225419331,403.36,0.010428951060258007
2026-04-20,10151.673225419332,9747.553225419331,404.12,0.010354861765975488
2026-04-21,10147.313225419332,9747.553225419331,399.76,0.010779900348964618
2026-04-22,10152.553225419331,9747.553225419331,405.0,0.010269074162069514
2026-04-23,10146.833225419332,9747.553225419331,399.28,0.010826693587458785
2026-04-24,10164.093225419332,9747.553225419331,416.54,0.0091440867199378
2026-04-27,10180.77322541933,9747.553225419331,433.22,0.007518021682264155
2026-04-28,10173.893225419331,9747.553225419331,426.34,0.008188724767347753
2026-04-29,10166.053225419331,9747.553225419331,418.5,0.008953014329419862
2026-04-30,10146.69322541933,9747.553225419331,399.14,0.01084034161535305
2026-05-01,10149.909335419332,9338.569335419332,811.3399999999999,0.010526816193991238
2026-05-04,10149.149335419332,9338.569335419332,810.5799999999999,0.010600905488273757
2026-05-05,10142.949335419331,9338.569335419332,804.38,0.011205318152157374
2026-05-06,10168.189335419333,9338.569335419332,829.62,0.008744773694670013
