date,NVDA,TSM,MSFT,GOOGL,META,AMZN,LLY,UNH,V,COST
2021-05-24,0,0,0,0,0,0,0,0,0,0
2021-05-25,0,0,85,0,63,125,0,0,0,0
2021-05-26,0,191,85,0,63,125,0,0,0,0
2021-05-27,0,191,85,0,63,125,0,0,0,0
2021-05-28,0,191,85,0,63,125,0,0,0,0
2021-06-01,0,191,85,0,63,125,0,0,0,0
2021-06-02,0,191,85,0,63,125,0,0,0,0
2021-06-03,0,191,85,0,63,125,0,0,0,0
2021-06-04,0,191,85,0,63,125,0,0,0,0
2021-06-07,0,191,85,143,63,125,0,0,0,0
2021-06-08,0,191,85,143,63,125,0,0,0,0
2021-06-09,0,191,85,143,63,125,0,0,0,0
2021-06-10,0,191,85,143,63,125,0,0,0,0
2021-06-11,0,191,85,143,63,125,0,0,0,0
2021-06-14,0,191,85,143,63,125,0,0,0,0
2021-06-15,0,191,85,143,63,125,0,0,0,0
2021-06-16,0,191,85,143,63,125,0,0,0,0
2021-06-17,0,191,85,143,63,125,0,0,0,0
2021-06-18,0,191,85,143,63,125,0,0,0,0
2021-06-21,0,191,85,143,63,125,0,0,0,0
2021-06-22,0,191,85,143,63,125,0,0,0,0
2021-06-23,0,191,85,143,63,125,0,0,0,0
2021-06-24,0,191,85,143,63,125,0,0,0,0
2021-06-25,0,191,85,143,63,125,0,0,0,0
2021-06-28,0,191,85,143,63,125,0,0,0,0
2021-06-29,0,191,85,143,63,125,0,0,0,0
2021-06-30,0,191,85,143,63,125,0,0,0,0
2021-07-01,0,191,85,143,63,125,0,0,0,0
2021-07-02,0,191,85,143,63,125,0,0,0,0
2021-07-06,0,191,85,143,63,125,0,0,0,0
2021-07-07,0,191,85,143,63,125,0,0,0,0
2021-07-08,0,191,85,143,63,125,0,0,0,0
2021-07-09,0,191,85,143,63,125,0,0,0,0
2021-07-12,0,191,85,143,63,125,0,0,0,0
2021-07-13,0,191,85,143,63,125,0,0,0,0
2021-07-14,0,191,85,143,63,125,0,0,0,0
2021-07-15,0,191,85,143,63,125,0,0,0,0
2021-07-16,0,191,85,143,63,125,0,0,0,0
2021-07-19,0,191,85,143,63,125,0,0,0,0
2021-07-20,0,191,85,143,63,125,0,0,0,0
2021-07-21,0,191,85,143,63,125,0,0,0,0
2021-07-22,0,191,85,143,63,125,0,0,0,0
2021-07-23,0,191,85,143,63,125,0,0,0,0
2021-07-26,0,191,85,143,63,125,0,0,0,0
2021-07-27,0,191,85,143,63,125,0,0,0,0
2021-07-28,0,191,85,143,63,125,0,0,0,0
2021-07-29,0,191,85,143,63,125,0,0,0,0
2021-07-30,0,191,85,143,63,125,0,0,0,0
2021-08-02,0,191,85,143,63,125,0,0,0,0
2021-08-03,0,191,85,143,63,125,0,0,0,0
2021-08-04,0,191,85,143,63,125,0,0,0,0
2021-08-05,0,191,85,143,63,125,0,0,0,0
2021-08-06,0,191,85,143,63,125,0,0,0,0
2021-08-09,0,191,85,143,63,125,0,0,0,0
2021-08-10,0,191,85,143,63,125,0,0,0,0
2021-08-11,0,191,85,143,63,0,0,0,0,0
2021-08-12,0,191,158,151,63,0,0,0,0,0
2021-08-13,0,191,158,151,63,0,0,0,0,0
2021-08-16,0,191,158,151,63,0,0,0,0,0
2021-08-17,0,191,158,151,63,0,0,0,0,0
2021-08-18,0,191,158,151,63,0,0,0,0,0
2021-08-19,0,191,158,151,63,0,0,0,0,0
2021-08-20,0,0,158,151,63,0,0,0,0,0
2021-08-23,0,0,158,151,63,0,0,0,0,0
2021-08-24,0,0,158,151,63,0,0,0,0,0
2021-08-25,0,0,158,151,63,0,0,0,0,0
2021-08-26,0,0,222,159,63,0,0,0,0,0
2021-08-27,0,0,222,159,63,0,0,0,0,0
2021-08-30,0,0,222,159,63,0,0,0,0,0
2021-08-31,0,0,222,159,63,0,0,0,0,0
2021-09-01,0,0,222,159,63,0,0,0,0,0
2021-09-02,0,0,222,159,63,0,0,0,0,0
2021-09-03,0,0,222,159,63,0,0,0,0,0
2021-09-07,0,0,222,159,63,0,0,0,0,0
2021-09-08,0,0,222,159,63,0,0,0,0,0
2021-09-09,0,0,222,159,63,0,0,0,0,0
2021-09-10,0,0,222,159,63,0,0,0,0,0
2021-09-13,0,0,222,159,63,0,0,0,0,0
2021-09-14,0,0,222,159,63,0,0,0,0,0
2021-09-15,0,0,222,159,63,0,0,0,0,0
2021-09-16,0,0,222,159,63,0,0,0,0,0
2021-09-17,0,0,222,159,63,0,0,0,0,0
2021-09-20,0,0,222,159,63,0,0,0,0,0
2021-09-21,0,0,222,159,63,0,0,0,0,0
2021-09-22,0,0,222,159,63,0,0,0,0,0
2021-09-23,0,0,222,159,63,0,0,0,0,0
2021-09-24,0,0,222,159,63,0,0,0,0,0
2021-09-27,0,0,222,159,63,0,0,0,0,0
2021-09-28,0,0,222,159,63,0,0,0,0,0
2021-09-29,0,0,222,159,63,0,0,0,0,0
2021-09-30,0,0,222,159,63,0,0,0,0,0
2021-10-01,0,0,222,159,63,0,0,0,0,0
2021-10-04,0,0,222,159,0,0,0,0,0,0
2021-10-05,0,0,222,159,0,0,0,0,0,0
2021-10-06,0,0,222,159,0,0,0,0,0,0
2021-10-07,0,0,222,159,0,0,0,0,0,0
2021-10-08,0,0,222,159,0,0,0,0,0,0
2021-10-11,0,0,222,159,0,0,0,0,0,0
2021-10-12,0,0,222,159,0,0,0,0,0,0
2021-10-13,0,0,222,159,0,0,0,0,0,0
2021-10-14,0,0,222,159,0,0,0,0,0,0
2021-10-15,0,0,222,159,0,0,0,0,0,0
2021-10-18,0,0,222,159,0,0,0,0,0,0
2021-10-19,0,0,222,159,0,0,0,0,0,0
2021-10-20,0,0,222,159,0,0,0,0,0,0
2021-10-21,0,0,222,159,0,0,0,0,0,0
2021-10-22,0,0,222,159,0,0,0,0,0,0
2021-10-25,0,0,222,159,0,0,0,0,0,0
2021-10-26,0,0,222,159,0,0,0,0,0,0
2021-10-27,0,0,222,159,0,0,0,0,0,0
2021-10-28,0,0,222,159,0,0,0,0,0,0
2021-10-29,0,0,222,159,0,0,0,0,0,0
2021-11-01,0,0,222,159,0,0,0,0,0,0
2021-11-02,0,0,222,159,0,0,0,0,0,0
2021-11-03,0,0,222,159,0,0,0,0,0,0
2021-11-04,0,0,222,159,0,0,0,0,0,0
2021-11-05,0,0,222,159,0,0,0,0,0,0
2021-11-08,0,0,222,159,0,0,0,0,0,0
2021-11-09,0,0,222,159,0,0,0,0,0,0
2021-11-10,0,0,222,159,0,0,0,0,0,0
2021-11-11,0,0,222,159,0,0,0,0,0,0
2021-11-12,0,0,222,159,0,0,0,0,0,0
2021-11-15,0,0,222,159,0,0,0,0,0,0
2021-11-16,0,0,222,159,0,0,0,0,0,0
2021-11-17,0,0,222,159,0,0,0,0,0,0
2021-11-18,0,0,222,159,0,0,0,0,0,0
2021-11-19,0,0,222,159,0,0,0,0,0,0
2021-11-22,0,0,222,159,0,0,0,0,0,0
2021-11-23,0,0,222,159,0,0,0,0,0,0
2021-11-24,0,0,222,159,0,0,0,0,0,0
2021-11-26,0,0,222,159,0,0,0,0,0,0
2021-11-29,0,0,222,159,0,0,0,0,0,0
2021-11-30,0,0,222,159,0,0,0,0,0,0
2021-12-01,0,0,222,159,0,0,0,0,0,0
2021-12-02,0,0,222,159,0,0,0,0,0,0
2021-12-03,0,0,222,159,0,0,0,0,0,0
2021-12-06,0,0,222,159,0,0,0,0,0,0
2021-12-07,0,0,222,159,0,0,0,0,0,0
2021-12-08,0,0,222,159,0,0,0,0,0,0
2021-12-09,0,0,222,159,0,0,0,0,0,0
2021-12-10,0,0,222,159,0,0,0,0,0,0
2021-12-13,0,0,222,159,0,0,0,0,0,0
2021-12-14,0,0,222,159,0,0,0,0,0,0
2021-12-15,0,0,222,159,0,0,0,0,0,0
2021-12-16,0,0,222,159,0,0,0,0,0,0
2021-12-17,0,0,222,159,0,0,0,0,0,0
2021-12-20,0,0,222,159,0,0,0,0,0,0
2021-12-21,0,0,222,159,0,0,0,0,0,0
2021-12-22,0,0,222,159,0,0,0,0,0,0
2021-12-23,0,0,222,159,0,0,0,0,0,0
2021-12-27,0,0,222,159,0,0,0,0,0,0
2021-12-28,0,0,222,159,0,0,0,0,0,0
2021-12-29,0,0,222,159,0,0,0,0,0,0
2021-12-30,0,0,222,159,0,0,0,0,0,0
2021-12-31,0,0,222,159,0,0,0,0,0,0
2022-01-03,0,161,222,159,0,0,0,0,4,0
2022-01-04,0,161,222,159,0,0,0,0,4,0
2022-01-05,0,161,222,159,0,0,0,0,4,0
2022-01-06,0,161,222,0,0,0,0,0,4,0
2022-01-07,0,161,222,0,0,0,0,0,4,0
2022-01-10,0,161,222,0,0,0,0,0,4,0
2022-01-11,0,161,222,0,0,0,0,0,4,0
2022-01-12,0,161,222,0,0,0,0,0,4,0
2022-01-13,0,161,222,0,0,0,0,0,4,0
2022-01-14,0,161,222,0,0,0,0,0,4,0
2022-01-18,0,246,0,0,0,0,0,0,0,0
2022-01-19,0,246,0,0,0,0,0,0,0,0
2022-01-20,0,246,0,0,0,0,0,0,0,0
2022-01-21,0,246,0,0,0,0,0,0,0,0
2022-01-24,0,246,0,0,0,0,0,0,0,0
2022-01-25,0,246,0,0,0,0,0,0,0,0
2022-01-26,0,246,0,0,0,0,0,0,0,0
2022-01-27,0,246,0,0,0,0,0,0,0,0
2022-01-28,0,246,0,0,0,0,0,0,0,0
2022-01-31,0,246,0,0,0,0,0,0,0,0
2022-02-01,0,246,0,0,0,0,0,0,0,43
2022-02-02,0,246,0,0,0,0,87,60,0,43
2022-02-03,0,246,0,0,0,0,87,60,0,43
2022-02-04,0,246,0,0,0,44,87,60,0,43
2022-02-07,0,246,0,0,0,44,87,60,0,43
2022-02-08,0,246,0,0,0,44,87,60,0,43
2022-02-09,2,246,0,0,0,44,87,60,0,43
2022-02-10,2,246,0,0,0,44,87,60,0,43
2022-02-11,2,246,0,0,0,0,87,60,0,43
2022-02-14,2,246,0,0,0,0,87,60,0,43
2022-02-15,2,246,0,0,0,0,87,60,0,43
2022-02-16,2,246,0,0,0,0,0,60,0,43
2022-02-17,2,246,0,0,0,0,0,60,0,43
2022-02-18,2,246,0,0,0,0,0,60,0,43
2022-02-22,0,0,0,0,0,0,0,60,0,43
2022-02-23,0,0,0,0,0,0,0,60,0,43
2022-02-24,0,0,0,0,0,0,0,60,0,43
2022-02-25,0,0,0,0,0,0,0,60,0,43
2022-02-28,0,0,0,0,0,0,0,60,0,43
2022-03-01,0,0,0,0,0,0,0,60,0,63
2022-03-02,0,0,0,0,0,0,0,60,0,63
2022-03-03,0,0,0,0,0,0,0,60,0,63
2022-03-04,0,0,0,0,0,0,0,84,0,63
2022-03-07,0,0,0,0,0,0,0,84,0,63
2022-03-08,0,0,0,0,0,0,0,84,0,63
2022-03-09,0,0,0,0,0,0,0,84,0,63
2022-03-10,0,0,0,0,0,0,0,84,0,63
2022-03-11,0,0,0,0,0,0,0,84,0,63
2022-03-14,0,0,0,0,0,0,0,84,0,63
2022-03-15,0,0,0,0,0,0,0,84,0,83
2022-03-16,0,0,0,0,0,0,0,84,0,83
2022-03-17,0,0,0,0,0,0,83,84,0,83
2022-03-18,0,0,0,0,0,0,83,84,0,83
2022-03-21,0,0,0,0,0,0,83,84,0,83
2022-03-22,0,0,0,0,0,0,83,84,0,83
2022-03-23,0,0,0,0,0,0,83,84,0,83
2022-03-24,4,0,0,0,0,0,83,84,0,83
2022-03-25,4,0,0,0,0,0,83,84,0,83
2022-03-28,4,0,0,0,0,0,83,84,0,83
2022-03-29,4,0,0,0,0,0,83,84,0,83
2022-03-30,4,0,0,0,0,0,83,84,0,83
2022-03-31,4,0,0,0,0,0,83,84,0,83
2022-04-01,4,0,0,0,0,0,83,84,0,83
2022-04-04,4,0,0,0,0,0,83,84,0,83
2022-04-05,4,0,0,0,0,0,83,84,0,83
2022-04-06,0,0,0,0,0,0,83,84,0,83
2022-04-07,0,0,0,0,0,0,83,84,0,83
2022-04-08,0,0,0,0,0,0,83,84,0,83
2022-04-11,0,0,0,0,0,0,83,84,0,83
2022-04-12,0,0,0,0,0,0,83,84,0,83
2022-04-13,0,0,0,0,0,0,83,84,0,83
2022-04-14,0,0,0,0,0,0,83,84,0,83
2022-04-18,0,0,0,0,0,0,83,84,0,83
2022-04-19,0,0,0,0,0,0,83,84,0,83
2022-04-20,0,0,0,0,0,0,83,84,0,83
2022-04-21,0,0,0,0,0,0,83,84,0,83
2022-04-22,0,0,0,0,0,0,83,84,0,83
2022-04-25,0,0,0,0,0,0,83,84,0,83
2022-04-26,0,0,0,0,0,0,83,84,0,83
2022-04-27,0,0,0,0,0,0,83,84,0,83
2022-04-28,0,0,0,0,0,0,83,84,0,83
2022-04-29,0,0,0,0,0,0,83,84,0,83
2022-05-02,0,0,0,0,0,0,83,84,0,83
2022-05-03,0,0,0,0,0,0,83,84,0,83
2022-05-04,0,0,0,0,0,0,83,84,0,83
2022-05-05,0,0,0,0,0,0,83,84,0,0
2022-05-06,0,0,0,0,0,0,122,84,0,0
2022-05-09,0,0,0,0,0,0,122,84,0,0
2022-05-10,0,0,0,0,0,0,122,84,0,0
2022-05-11,0,0,0,0,0,0,122,84,0,0
2022-05-12,0,0,0,0,0,0,122,84,0,0
2022-05-13,0,0,0,0,0,0,122,84,0,0
2022-05-16,0,0,0,0,0,0,122,84,0,0
2022-05-17,0,0,0,0,0,0,122,84,0,0
2022-05-18,0,0,0,0,0,0,122,0,0,0
2022-05-19,0,0,0,0,0,0,122,0,0,0
2022-05-20,0,0,0,0,0,0,122,0,0,0
2022-05-23,0,0,0,0,0,0,122,0,0,0
2022-05-24,0,0,0,0,0,0,156,0,0,0
2022-05-25,0,0,0,0,0,0,156,0,0,0
2022-05-26,0,0,0,0,0,0,156,0,0,0
2022-05-27,1116,0,0,0,0,0,156,0,0,0
2022-05-31,1116,0,0,0,0,0,156,0,0,0
2022-06-01,1116,0,0,0,0,0,156,0,0,0
2022-06-02,1116,0,0,0,0,0,156,0,0,0
2022-06-03,1116,0,0,0,0,0,156,0,0,0
2022-06-06,1116,0,0,0,0,0,156,0,0,0
2022-06-07,1116,0,0,0,0,0,156,0,0,0
2022-06-08,1116,0,0,0,0,0,156,0,0,0
2022-06-09,1116,0,0,0,0,0,156,0,0,0
2022-06-10,1116,0,0,0,0,0,156,0,0,0
2022-06-13,0,0,0,0,0,0,156,0,0,0
2022-06-14,0,0,0,0,0,0,156,0,0,0
2022-06-15,0,0,0,0,0,0,156,0,0,0
2022-06-16,0,0,0,0,0,0,156,0,0,0
2022-06-17,0,0,0,0,0,0,156,0,0,0
2022-06-21,0,0,0,0,0,0,156,0,0,0
2022-06-22,0,0,0,0,0,0,156,0,0,0
2022-06-23,0,0,0,0,0,0,156,42,0,0
2022-06-24,0,0,0,0,0,0,156,42,0,0
2022-06-27,0,0,0,0,0,0,156,42,0,0
2022-06-28,0,0,0,0,0,0,156,42,0,0
2022-06-29,0,0,0,0,0,0,156,42,0,0
2022-06-30,0,0,0,0,0,0,156,42,0,0
2022-07-01,0,0,0,0,0,0,156,42,0,0
2022-07-05,0,0,0,0,0,0,156,42,0,0
2022-07-06,0,0,0,0,0,0,156,42,0,0
2022-07-07,0,0,0,0,0,0,156,42,0,0
2022-07-08,0,0,0,0,0,0,156,63,0,0
2022-07-11,0,0,0,0,0,0,156,63,0,0
2022-07-12,0,0,0,0,0,0,156,63,0,0
2022-07-13,0,0,0,0,0,0,156,63,0,0
2022-07-14,0,0,0,0,0,0,156,63,0,41
2022-07-15,0,0,0,0,0,0,156,63,0,41
2022-07-18,154,0,0,0,0,0,156,63,0,41
2022-07-19,154,0,0,0,0,0,156,63,0,41
2022-07-20,154,0,0,0,0,0,156,63,0,41
2022-07-21,154,0,0,0,0,0,156,63,0,41
2022-07-22,154,0,0,0,0,0,156,63,0,41
2022-07-25,154,0,0,0,0,0,156,63,0,41
2022-07-26,154,0,0,0,0,0,156,63,0,0
2022-07-27,154,0,0,0,0,0,156,84,0,0
2022-07-28,154,0,0,0,0,0,156,84,0,0
2022-07-29,154,0,0,0,0,0,156,84,0,0
2022-08-01,0,0,0,0,0,0,156,84,0,0
2022-08-02,0,0,0,0,0,0,156,84,0,0
2022-08-03,0,0,0,0,0,0,156,84,0,0
2022-08-04,0,0,0,0,0,0,156,84,0,0
2022-08-05,0,0,0,0,0,0,156,84,0,0
2022-08-08,0,0,0,0,0,0,156,84,0,0
2022-08-09,0,0,0,0,0,0,156,84,0,0
2022-08-10,0,0,0,0,0,0,156,84,0,0
2022-08-11,0,0,0,0,0,0,156,84,0,0
2022-08-12,0,0,0,0,0,0,156,84,0,0
2022-08-15,0,0,0,0,0,0,156,84,58,0
2022-08-16,0,0,0,0,0,0,156,84,58,0
2022-08-17,0,0,0,0,0,0,156,84,58,0
2022-08-18,0,0,0,0,0,0,156,84,58,0
2022-08-19,0,0,0,0,0,0,156,84,58,0
2022-08-22,0,0,0,0,0,0,156,84,0,0
2022-08-23,0,0,0,0,0,0,156,84,0,0
2022-08-24,0,0,0,0,0,0,156,84,0,0
2022-08-25,0,0,0,0,0,0,156,84,0,0
2022-08-26,0,0,0,0,0,0,156,84,0,0
2022-08-29,0,0,0,0,0,0,156,84,0,0
2022-08-30,0,0,0,0,0,0,156,84,0,0
2022-08-31,0,0,0,0,0,0,156,84,0,0
2022-09-01,0,0,0,0,0,0,156,84,0,0
2022-09-02,0,0,0,0,0,0,156,84,0,0
2022-09-06,0,0,0,0,0,0,156,84,0,0
2022-09-07,0,0,0,0,0,0,156,84,0,0
2022-09-08,0,0,0,0,0,0,156,84,0,0
2022-09-09,0,0,0,0,0,0,156,84,0,0
2022-09-12,0,0,0,0,0,0,156,84,0,0
2022-09-13,0,0,0,0,0,0,156,84,0,0
2022-09-14,0,0,0,0,0,0,156,84,0,0
2022-09-15,0,0,0,0,0,0,156,84,0,0
2022-09-16,0,0,0,0,0,0,156,84,0,0
2022-09-19,0,0,0,0,0,0,156,84,0,0
2022-09-20,0,0,0,0,0,0,156,84,0,0
2022-09-21,0,0,0,0,0,0,0,84,0,0
2022-09-22,0,0,0,0,0,0,0,84,0,0
2022-09-23,0,0,0,0,0,0,0,84,0,0
2022-09-26,0,0,0,0,0,0,0,84,0,0
2022-09-27,0,0,0,0,0,0,0,84,0,0
2022-09-28,0,0,0,0,0,0,0,84,0,0
2022-09-29,0,0,0,0,0,0,0,0,0,0
2022-09-30,0,0,0,0,0,0,0,0,0,0
2022-10-03,0,0,0,0,0,0,0,0,0,0
2022-10-04,0,0,0,0,0,0,0,0,0,0
2022-10-05,0,0,0,0,0,0,0,0,0,0
2022-10-06,0,0,0,0,0,0,0,0,0,0
2022-10-07,0,0,0,0,0,0,0,0,0,0
2022-10-10,0,0,0,0,0,0,0,0,0,0
2022-10-11,0,0,0,0,0,0,0,0,0,0
2022-10-12,0,0,0,0,0,0,0,0,0,0
2022-10-13,0,0,0,0,0,0,0,0,0,0
2022-10-14,0,0,0,0,0,0,0,0,0,0
2022-10-17,0,0,0,0,0,0,0,0,0,0
2022-10-18,0,0,0,0,0,0,0,0,0,0
2022-10-19,0,0,0,0,0,0,0,0,0,0
2022-10-20,0,0,0,0,0,0,0,0,0,0
2022-10-21,0,0,0,0,0,0,59,0,0,0
2022-10-24,0,0,0,0,0,0,59,0,0,0
2022-10-25,0,0,0,0,0,0,59,0,0,0
2022-10-26,0,0,0,0,0,0,59,0,0,0
2022-10-27,0,0,0,0,0,0,59,0,0,0
2022-10-28,0,0,0,0,0,0,59,44,106,40
2022-10-31,0,0,0,0,0,0,59,44,106,0
2022-11-01,0,0,0,0,0,0,59,44,106,0
2022-11-02,0,0,0,0,0,0,59,44,0,0
2022-11-03,0,0,0,0,0,0,59,44,0,0
2022-11-04,0,0,0,0,0,0,86,44,0,0
2022-11-07,0,0,0,0,0,0,86,44,0,0
2022-11-08,0,0,0,0,0,0,86,44,0,0
2022-11-09,0,0,0,0,0,0,86,44,0,0
2022-11-10,0,0,0,0,0,0,86,44,0,0
2022-11-11,0,0,0,0,0,0,86,44,0,0
2022-11-14,0,0,0,0,0,0,86,0,0,0
2022-11-15,0,0,0,0,0,0,86,0,0,0
2022-11-16,0,0,0,0,0,0,86,0,0,0
2022-11-17,0,0,0,0,0,0,86,0,0,0
2022-11-18,0,0,0,0,0,0,86,0,0,0
2022-11-21,0,0,0,0,0,0,86,0,0,0
2022-11-22,0,0,0,0,0,0,86,0,0,0
2022-11-23,0,0,0,0,0,0,86,0,0,0
2022-11-25,0,0,0,0,0,0,86,0,0,0
2022-11-28,0,0,0,0,0,0,86,0,0,0
2022-11-29,0,0,0,0,0,0,86,0,0,0
2022-11-30,0,0,0,0,0,0,113,0,0,41
2022-12-01,0,0,0,0,0,0,113,0,98,0
2022-12-02,0,0,0,0,0,0,113,0,98,0
2022-12-05,0,0,0,0,0,0,113,0,98,0
2022-12-06,0,0,0,0,0,0,113,0,98,0
2022-12-07,0,0,0,0,0,0,113,0,98,0
2022-12-08,0,0,0,0,0,0,113,0,98,0
2022-12-09,0,0,0,0,0,0,113,0,98,0
2022-12-12,0,0,0,0,0,0,113,0,98,0
2022-12-13,1041,0,0,0,0,0,113,0,98,0
2022-12-14,1041,0,0,0,0,0,113,0,98,0
2022-12-15,0,0,0,0,0,0,113,0,98,0
2022-12-16,0,0,0,0,0,0,113,0,98,0
2022-12-19,0,0,0,0,0,0,113,0,98,0
2022-12-20,0,0,0,0,0,0,113,0,98,0
2022-12-21,0,0,0,0,0,0,113,0,98,0
2022-12-22,0,0,0,0,0,0,113,0,98,0
2022-12-23,0,0,0,0,0,0,113,0,98,0
2022-12-27,0,0,0,0,0,0,113,0,98,0
2022-12-28,0,0,0,0,0,0,113,0,98,0
2022-12-29,0,0,0,0,0,0,113,0,98,0
2022-12-30,0,0,0,0,0,0,113,0,98,0
2023-01-03,0,0,0,0,0,0,113,0,98,0
2023-01-04,0,0,0,0,0,0,113,0,98,0
2023-01-05,0,0,0,0,0,0,113,0,98,0
2023-01-06,0,0,0,0,0,0,113,0,98,0
2023-01-09,0,0,0,0,0,0,113,0,98,0
2023-01-10,0,0,0,0,0,0,113,0,98,0
2023-01-11,0,0,0,0,0,0,113,0,156,0
2023-01-12,0,226,0,0,0,0,113,0,156,0
2023-01-13,0,226,0,0,0,0,113,0,156,0
2023-01-17,118,226,0,0,0,0,113,0,156,0
2023-01-18,118,226,0,0,0,0,113,0,156,0
2023-01-19,118,226,0,0,0,0,113,0,156,0
2023-01-20,118,226,0,0,0,0,113,0,156,0
2023-01-23,118,226,0,0,0,0,113,0,156,0
2023-01-24,118,226,0,0,0,0,113,0,156,0
2023-01-25,118,226,0,0,0,0,113,0,156,0
2023-01-26,118,226,0,0,0,0,113,0,156,0
2023-01-27,118,226,0,0,0,0,113,0,156,0
2023-01-30,118,226,0,0,0,0,113,0,156,0
2023-01-31,118,226,0,0,0,0,113,0,156,0
2023-02-01,118,226,0,0,0,0,113,0,156,0
2023-02-02,118,226,0,0,0,0,0,0,156,0
2023-02-03,565,330,0,0,0,0,0,0,208,0
2023-02-06,565,330,0,0,0,0,0,0,208,0
2023-02-07,565,330,25,0,0,0,0,0,208,0
2023-02-08,565,330,25,0,0,0,0,0,208,0
2023-02-09,565,330,25,0,0,0,0,0,208,0
2023-02-10,565,330,25,0,0,0,0,0,208,0
2023-02-13,565,330,25,0,0,0,0,0,208,0
2023-02-14,565,330,25,0,0,0,0,0,208,0
2023-02-15,565,330,25,0,0,0,0,0,208,0
2023-02-16,565,330,25,0,0,0,0,0,208,0
2023-02-17,565,330,25,0,0,0,0,0,208,0
2023-02-21,565,330,25,0,0,0,0,0,208,0
2023-02-22,565,330,0,0,0,0,0,0,208,0
2023-02-23,829,330,0,0,0,0,0,0,208,0
2023-02-24,829,330,0,0,0,0,0,0,208,0
2023-02-27,829,330,0,0,0,0,0,0,208,0
2023-02-28,829,330,0,0,0,0,0,0,208,0
2023-03-01,829,330,0,0,0,0,0,0,208,0
2023-03-02,829,330,0,0,0,0,0,0,208,0
2023-03-03,829,330,0,0,0,0,0,0,208,0
2023-03-06,829,330,0,0,0,0,0,0,208,0
2023-03-07,829,330,0,0,0,0,0,0,208,0
2023-03-08,829,330,0,0,0,0,0,0,208,0
2023-03-09,829,330,0,0,0,0,0,0,208,0
2023-03-10,829,330,0,0,0,0,0,0,208,0
2023-03-13,829,330,0,0,0,0,0,0,208,0
2023-03-14,829,330,0,0,0,0,0,0,208,0
2023-03-15,829,330,0,0,0,0,0,0,208,0
2023-03-16,829,330,0,0,0,0,0,0,208,0
2023-03-17,829,330,0,0,0,0,0,0,208,0
2023-03-20,829,330,0,0,0,0,0,0,208,0
2023-03-21,829,330,0,0,0,0,0,0,208,0
2023-03-22,829,330,0,0,0,0,0,0,208,0
2023-03-23,829,330,0,0,0,0,0,0,208,0
2023-03-24,829,330,0,0,0,0,0,0,208,0
2023-03-27,829,330,0,0,0,0,0,0,208,0
2023-03-28,829,330,0,0,0,0,0,0,208,0
2023-03-29,829,330,0,0,0,0,0,0,208,0
2023-03-30,829,330,0,0,0,0,0,0,208,0
2023-03-31,829,330,0,0,0,0,0,0,208,0
2023-04-03,829,330,0,0,0,0,0,0,208,0
2023-04-04,829,330,0,0,0,0,0,0,208,0
2023-04-05,829,330,0,0,0,0,0,0,208,0
2023-04-06,829,330,0,0,0,0,0,0,208,0
2023-04-10,829,330,0,0,0,0,0,0,208,0
2023-04-11,829,330,0,0,0,0,0,0,208,0
2023-04-12,829,330,0,0,0,0,0,0,208,0
2023-04-13,829,330,0,0,0,0,0,0,208,0
2023-04-14,829,330,0,0,0,0,0,0,208,0
2023-04-17,829,330,0,0,0,0,0,0,208,0
2023-04-18,829,330,0,0,0,0,0,0,208,0
2023-04-19,829,330,0,0,0,0,0,0,208,0
2023-04-20,829,330,0,0,0,0,0,0,208,0
2023-04-21,829,330,0,0,0,0,0,0,208,0
2023-04-24,829,330,0,0,0,0,0,0,208,0
2023-04-25,829,0,0,0,0,0,0,0,208,0
2023-04-26,829,0,76,0,0,0,0,0,208,0
2023-04-27,829,0,76,0,17,9,0,0,208,0
2023-04-28,829,0,76,0,17,0,0,0,208,0
2023-05-01,829,0,76,0,17,0,0,0,208,0
2023-05-02,829,0,76,0,17,0,0,0,208,0
2023-05-03,829,0,76,0,17,0,0,0,208,0
2023-05-04,829,0,76,0,17,0,0,0,208,0
2023-05-05,829,0,76,0,17,0,0,0,208,0
2023-05-08,829,0,76,0,17,0,0,0,208,0
2023-05-09,829,0,76,0,17,0,0,0,208,0
2023-05-10,829,0,76,0,17,0,0,0,208,0
2023-05-11,829,0,76,0,17,0,0,0,208,0
2023-05-12,829,0,76,0,17,0,0,0,208,0
2023-05-15,829,0,76,0,17,0,0,0,208,0
2023-05-16,829,0,76,0,17,0,0,0,208,0
2023-05-17,829,0,76,0,17,0,0,0,208,0
2023-05-18,829,0,76,0,17,0,0,0,208,0
2023-05-19,829,0,76,0,17,0,0,0,208,0
2023-05-22,829,0,76,0,17,0,0,0,208,0
2023-05-23,829,0,76,0,17,0,0,0,208,0
2023-05-24,829,0,76,0,17,0,0,0,208,0
2023-05-25,829,0,76,0,17,0,0,0,208,0
2023-05-26,829,0,76,0,17,0,0,0,208,0
2023-05-30,829,0,76,0,17,0,0,0,208,0
2023-05-31,829,0,76,0,17,0,0,0,208,0
2023-06-01,829,0,76,0,17,0,0,0,208,0
2023-06-02,829,0,76,0,17,0,0,0,208,0
2023-06-05,829,0,76,0,17,0,0,0,208,0
2023-06-06,829,0,76,0,17,0,0,0,208,0
2023-06-07,829,0,76,0,17,0,0,0,208,0
2023-06-08,829,0,76,0,17,0,0,0,208,0
2023-06-09,829,0,76,0,17,0,0,0,208,0
2023-06-12,829,0,76,0,17,0,0,0,208,0
2023-06-13,829,0,76,0,17,0,0,0,208,0
2023-06-14,829,0,76,0,17,0,0,0,208,0
2023-06-15,829,0,76,0,17,0,0,0,208,0
2023-06-16,829,0,76,0,17,0,0,0,208,0
2023-06-20,829,0,76,0,17,0,0,0,208,0
2023-06-21,829,0,76,0,17,0,0,0,208,0
2023-06-22,829,0,76,0,17,0,0,0,208,0
2023-06-23,829,0,76,0,17,0,0,0,208,0
2023-06-26,829,0,76,0,17,0,0,0,208,0
2023-06-27,829,0,76,0,17,0,0,0,208,0
2023-06-28,829,0,76,0,17,0,0,0,208,0
2023-06-29,829,0,76,0,17,0,0,0,208,0
2023-06-30,829,0,76,0,17,0,0,0,208,0
2023-07-03,829,0,76,0,17,0,0,0,208,0
2023-07-05,829,0,76,0,17,0,0,0,208,0
2023-07-06,829,0,76,0,17,0,0,0,208,0
2023-07-07,829,0,76,0,17,0,0,0,208,0
2023-07-10,829,0,76,0,17,0,0,0,208,0
2023-07-11,829,0,76,0,17,0,0,0,208,0
2023-07-12,829,0,76,0,17,0,0,0,208,0
2023-07-13,829,0,76,0,17,0,0,0,208,0
2023-07-14,829,0,76,0,17,0,0,0,208,0
2023-07-17,829,0,76,0,17,0,0,0,208,0
2023-07-18,829,0,76,0,17,0,0,0,208,0
2023-07-19,829,0,76,0,17,0,0,0,208,0
2023-07-20,829,0,76,0,17,0,0,0,208,0
2023-07-21,829,0,76,0,17,0,0,0,208,0
2023-07-24,829,0,76,0,17,0,0,0,208,0
2023-07-25,829,0,76,0,17,0,0,0,208,0
2023-07-26,829,0,76,0,17,0,0,0,208,0
2023-07-27,829,0,76,0,17,0,0,0,208,0
2023-07-28,829,0,76,0,17,0,0,0,208,0
2023-07-31,829,0,76,0,17,0,0,0,208,0
2023-08-01,829,0,76,0,17,0,0,0,208,0
2023-08-02,829,0,76,0,17,0,0,0,208,0
2023-08-03,829,0,76,0,17,0,0,0,208,0
2023-08-04,829,0,76,0,17,0,0,0,208,0
2023-08-07,829,0,76,0,17,0,0,0,208,0
2023-08-08,829,0,76,0,17,0,0,0,208,0
2023-08-09,829,0,76,0,17,0,0,0,208,0
2023-08-10,829,0,76,0,17,0,0,0,208,0
2023-08-11,829,0,76,0,17,0,0,0,208,0
2023-08-14,829,0,76,0,17,0,0,0,208,0
2023-08-15,829,0,76,0,17,0,0,0,208,0
2023-08-16,829,0,76,0,17,0,0,0,208,0
2023-08-17,829,0,76,0,17,0,0,0,208,0
2023-08-18,829,0,76,0,17,0,0,0,208,0
2023-08-21,829,0,76,0,17,0,0,0,208,0
2023-08-22,829,0,76,0,17,0,0,0,208,0
2023-08-23,829,0,76,0,17,0,0,0,208,0
2023-08-24,829,0,76,0,17,0,0,0,208,0
2023-08-25,829,0,76,0,17,0,0,0,208,0
2023-08-28,829,0,76,0,17,0,0,0,208,0
2023-08-29,829,0,76,0,17,0,0,0,208,0
2023-08-30,829,0,76,0,17,0,0,0,208,0
2023-08-31,829,0,76,0,17,0,0,0,208,0
2023-09-01,829,0,76,0,17,0,0,0,208,0
2023-09-05,829,0,76,0,17,0,0,0,208,0
2023-09-06,829,0,76,0,17,0,0,0,208,0
2023-09-07,829,0,76,0,17,0,0,0,208,0
2023-09-08,829,0,76,0,17,0,0,0,208,0
2023-09-11,829,0,76,0,17,0,0,0,208,0
2023-09-12,829,0,76,0,17,0,0,0,208,0
2023-09-13,829,0,76,0,17,0,0,0,208,0
2023-09-14,829,0,76,0,17,0,0,0,208,0
2023-09-15,829,0,76,0,17,0,0,0,208,0
2023-09-18,829,0,76,0,17,0,0,0,208,0
2023-09-19,829,0,76,0,17,0,0,0,208,0
2023-09-20,829,0,76,0,17,0,0,0,208,0
2023-09-21,829,0,0,0,17,0,0,0,208,0
2023-09-22,829,0,0,0,21,0,0,49,208,0
2023-09-25,829,0,0,0,21,0,0,49,208,0
2023-09-26,829,0,0,0,21,0,0,49,0,0
2023-09-27,829,0,0,0,21,0,0,49,0,0
2023-09-28,829,0,0,0,21,0,0,49,0,0
2023-09-29,829,0,0,0,21,0,0,49,0,0
2023-10-02,829,0,0,0,21,0,0,49,0,0
2023-10-03,829,0,0,0,21,0,0,49,0,0
2023-10-04,829,0,0,0,21,0,0,49,0,0
2023-10-05,829,0,0,0,21,0,0,49,0,0
2023-10-06,829,0,0,133,21,0,52,49,0,0
2023-10-09,829,0,0,133,21,0,52,49,0,0
2023-10-10,829,0,0,133,21,0,52,49,0,0
2023-10-11,829,0,0,133,21,0,52,49,0,0
2023-10-12,829,0,0,133,21,0,52,49,0,0
2023-10-13,829,0,0,133,21,0,52,49,0,0
2023-10-16,829,0,0,133,21,0,52,49,0,0
2023-10-17,829,0,0,133,21,0,52,49,0,0
2023-10-18,829,0,0,133,21,0,52,49,0,0
2023-10-19,829,0,0,133,21,0,52,49,0,0
2023-10-20,829,0,0,133,21,0,52,49,0,0
2023-10-23,829,0,0,133,21,0,52,49,0,0
2023-10-24,829,0,0,133,21,0,52,49,0,0
2023-10-25,829,0,0,133,21,0,52,49,0,0
2023-10-26,829,0,0,0,21,0,52,49,0,0
2023-10-27,829,0,0,0,21,0,52,49,0,0
2023-10-30,829,0,0,0,21,0,52,49,0,0
2023-10-31,829,0,0,0,21,114,52,51,0,0
2023-11-01,829,0,0,0,21,114,52,51,0,0
2023-11-02,829,0,0,0,21,114,52,51,0,0
2023-11-03,829,0,0,0,21,114,52,51,0,0
2023-11-06,829,0,0,0,21,114,52,51,0,0
2023-11-07,829,0,0,0,21,114,52,51,0,0
2023-11-08,829,0,0,0,21,114,52,51,0,0
2023-11-09,829,0,0,0,21,114,52,51,0,0
2023-11-10,829,0,0,0,21,114,52,51,0,0
2023-11-13,829,0,0,0,21,114,52,51,0,0
2023-11-14,829,0,0,0,21,114,52,51,0,0
2023-11-15,829,0,0,0,21,114,52,51,0,0
2023-11-16,829,0,0,0,21,114,52,51,0,0
2023-11-17,829,0,0,0,21,114,52,51,0,0
2023-11-20,829,0,0,0,21,114,52,51,0,0
2023-11-21,829,0,0,0,21,114,52,51,0,0
2023-11-22,829,0,0,0,21,114,52,51,0,0
2023-11-24,829,0,0,0,21,114,52,51,0,0
2023-11-27,829,0,0,0,21,114,52,51,0,0
2023-11-28,829,0,0,0,21,114,52,51,0,0
2023-11-29,829,0,0,0,21,114,52,51,0,0
2023-11-30,829,0,0,0,21,114,52,51,0,0
2023-12-01,829,0,0,0,21,114,52,51,0,0
2023-12-04,829,0,0,0,21,114,52,51,0,0
2023-12-05,829,0,0,0,21,114,52,51,0,0
2023-12-06,829,0,0,0,21,114,52,51,0,0
2023-12-07,829,0,0,0,21,114,52,51,0,0
2023-12-08,829,0,0,0,21,114,52,51,0,0
2023-12-11,829,0,0,0,21,114,52,51,0,0
2023-12-12,829,0,0,0,21,114,52,51,0,0
2023-12-13,829,0,0,0,21,114,52,51,0,0
2023-12-14,829,0,0,0,21,114,52,51,0,0
2023-12-15,829,0,0,0,21,114,52,51,0,0
2023-12-18,829,0,0,0,21,114,52,51,0,0
2023-12-19,829,0,0,0,21,114,52,51,0,0
2023-12-20,829,0,0,0,21,114,52,51,0,0
2023-12-21,829,0,0,0,21,114,52,51,0,0
2023-12-22,829,0,0,0,21,114,52,51,0,0
2023-12-26,829,0,0,0,21,114,52,51,0,0
2023-12-27,829,0,0,0,21,114,52,51,0,0
2023-12-28,829,0,0,0,21,114,52,51,0,0
2023-12-29,829,0,0,0,21,114,52,51,0,0
2024-01-02,829,0,0,0,21,114,52,51,0,0
2024-01-03,829,0,0,0,21,114,52,51,0,0
2024-01-04,829,0,0,0,21,114,52,51,0,0
2024-01-05,829,0,0,0,21,114,52,51,0,0
2024-01-08,829,0,0,0,21,114,52,51,0,0
2024-01-09,829,0,0,0,21,114,52,51,0,0
2024-01-10,829,0,0,0,21,114,52,51,0,0
2024-01-11,829,0,0,0,21,114,52,51,0,0
2024-01-12,829,0,0,0,21,114,52,51,0,0
2024-01-16,829,0,0,0,21,114,52,51,0,0
2024-01-17,829,0,0,0,21,114,52,51,0,0
2024-01-18,829,0,0,0,21,114,52,51,0,0
2024-01-19,829,0,0,0,21,114,52,0,0,0
2024-01-22,829,0,0,0,21,229,62,0,0,0
2024-01-23,829,0,0,0,21,229,62,0,0,0
2024-01-24,829,0,0,0,21,229,62,0,0,0
2024-01-25,829,0,0,0,21,229,62,0,0,0
2024-01-26,829,0,0,0,21,229,62,0,0,0
2024-01-29,829,0,0,0,21,229,62,0,0,0
2024-01-30,829,0,0,0,21,229,62,0,0,0
2024-01-31,829,0,0,0,21,229,62,0,0,0
2024-02-01,829,0,0,0,21,229,62,0,0,0
2024-02-02,829,0,0,0,21,229,62,0,0,0
2024-02-05,829,0,0,0,21,229,62,0,0,0
2024-02-06,829,0,0,0,21,229,62,0,0,0
2024-02-07,829,0,0,0,21,229,62,0,0,0
2024-02-08,829,0,0,0,21,229,62,0,0,0
2024-02-09,829,0,0,0,21,229,62,0,0,0
2024-02-12,829,0,0,0,21,229,62,0,0,0
2024-02-13,829,0,0,0,21,229,62,0,0,0
2024-02-14,829,0,0,0,21,229,62,0,0,0
2024-02-15,829,0,0,0,21,229,62,0,0,0
2024-02-16,829,0,0,0,21,229,62,0,0,0
2024-02-20,829,0,0,0,21,229,62,0,0,0
2024-02-21,829,0,0,0,21,229,62,0,0,0
2024-02-22,829,0,0,0,21,229,62,0,0,0
2024-02-23,829,0,0,0,21,229,62,0,0,0
2024-02-26,829,0,0,0,21,229,62,0,0,0
2024-02-27,829,0,0,0,21,229,62,0,0,0
2024-02-28,829,0,0,0,21,229,62,0,0,0
2024-02-29,829,0,0,0,21,229,62,0,0,0
2024-03-01,829,0,0,0,21,229,62,0,0,0
2024-03-04,829,0,0,0,21,229,62,0,0,0
2024-03-05,829,0,0,0,21,229,62,0,0,0
2024-03-06,829,0,0,0,21,229,62,0,0,0
2024-03-07,829,0,0,0,21,229,62,0,0,0
2024-03-08,829,0,0,0,21,229,62,0,0,0
2024-03-11,829,0,0,0,21,229,62,0,0,0
2024-03-12,829,0,0,0,21,229,62,0,0,0
2024-03-13,829,0,0,0,21,229,62,0,0,0
2024-03-14,829,0,0,0,21,229,62,0,0,0
2024-03-15,829,0,0,0,21,229,62,0,0,0
2024-03-18,829,0,0,0,21,229,62,0,0,0
2024-03-19,829,0,0,0,21,229,62,0,0,0
2024-03-20,829,0,0,0,21,229,62,0,0,0
2024-03-21,829,0,0,0,21,229,62,0,0,0
2024-03-22,829,0,0,0,21,229,62,0,0,0
2024-03-25,829,0,0,0,21,229,62,0,0,0
2024-03-26,829,0,0,0,21,229,62,0,0,0
2024-03-27,829,0,0,0,21,229,62,0,0,0
2024-03-28,829,0,0,0,21,229,62,0,0,0
2024-04-01,829,0,0,0,21,229,62,0,0,0
2024-04-02,829,0,0,0,21,229,62,0,0,0
2024-04-03,829,0,0,0,21,229,62,0,0,0
2024-04-04,829,0,0,0,21,229,62,0,0,0
2024-04-05,829,0,0,0,21,229,62,0,0,0
2024-04-08,829,0,0,0,21,229,62,0,0,0
2024-04-09,829,0,0,0,21,229,62,0,0,0
2024-04-10,829,0,0,0,21,229,62,0,0,0
2024-04-11,829,0,0,0,21,229,62,0,0,0
2024-04-12,829,0,0,0,21,229,62,0,0,0
2024-04-15,829,0,0,0,21,229,62,0,0,0
2024-04-16,829,0,0,0,21,229,62,0,0,0
2024-04-17,829,0,0,0,21,229,62,0,0,0
2024-04-18,829,0,0,0,21,229,62,0,0,0
2024-04-19,829,0,0,0,21,229,62,0,0,0
2024-04-22,829,0,0,0,21,229,62,0,0,0
2024-04-23,829,0,0,0,21,229,62,0,0,0
2024-04-24,829,0,0,0,21,229,62,0,0,0
2024-04-25,829,0,0,0,21,229,62,0,0,0
2024-04-26,829,0,0,0,21,229,62,0,0,0
2024-04-29,829,0,0,0,21,229,62,0,0,0
2024-04-30,829,0,0,0,21,229,62,0,0,0
2024-05-01,829,0,0,0,21,229,62,0,0,0
2024-05-02,829,0,0,0,21,229,62,0,0,0
2024-05-03,829,0,0,0,21,229,62,0,0,0
2024-05-06,829,0,0,0,21,229,62,0,0,0
2024-05-07,829,0,0,0,21,229,62,0,0,0
2024-05-08,829,0,0,0,21,229,62,0,0,0
2024-05-09,829,0,0,0,21,229,62,0,0,0
2024-05-10,829,0,0,0,21,229,62,0,0,0
2024-05-13,829,0,0,0,21,229,62,0,0,0
2024-05-14,829,0,0,0,21,229,62,0,0,0
2024-05-15,829,0,0,0,21,229,62,0,0,0
2024-05-16,829,0,0,0,21,229,62,0,0,0
2024-05-17,829,0,0,0,21,229,62,0,0,0
2024-05-20,829,0,0,0,21,229,62,0,0,0
2024-05-21,829,0,0,0,21,229,62,0,0,0
2024-05-22,829,0,0,0,21,229,62,0,0,0
2024-05-23,829,0,0,0,21,229,62,0,0,0
2024-05-24,829,0,0,0,21,229,62,0,0,0
2024-05-28,829,0,0,0,21,229,62,0,0,0
2024-05-29,829,0,0,0,21,229,62,0,0,0
2024-05-30,829,0,0,0,21,229,62,0,0,0
2024-05-31,829,0,0,0,21,229,62,0,0,0
2024-06-03,829,0,0,0,21,229,62,0,0,0
2024-06-04,829,0,0,0,21,229,62,0,0,0
2024-06-05,829,0,0,0,21,229,62,0,0,0
2024-06-06,829,0,0,0,21,229,62,0,0,0
2024-06-07,829,0,0,0,21,229,62,0,0,0
2024-06-10,829,0,0,0,21,229,62,0,0,0
2024-06-11,829,0,0,0,21,229,62,0,0,0
2024-06-12,829,0,0,0,21,229,62,0,0,0
2024-06-13,829,0,0,0,21,229,62,0,0,0
2024-06-14,829,0,0,0,21,229,62,0,0,0
2024-06-17,829,0,0,0,21,229,62,0,0,0
2024-06-18,829,0,0,0,21,229,62,0,0,0
2024-06-20,829,0,0,0,21,229,62,0,0,0
2024-06-21,829,0,0,0,21,229,62,0,0,0
2024-06-24,829,0,0,0,21,229,62,0,0,0
2024-06-25,829,0,0,0,21,229,62,0,0,0
2024-06-26,829,0,0,0,21,229,62,0,0,0
2024-06-27,829,0,0,0,21,229,62,0,0,0
2024-06-28,829,0,0,0,21,229,62,0,0,0
2024-07-01,829,0,0,0,21,229,62,0,0,0
2024-07-02,829,0,0,0,21,229,62,0,0,0
2024-07-03,829,0,0,0,21,229,62,0,0,0
2024-07-05,829,0,0,0,21,229,62,0,0,0
2024-07-08,829,0,0,0,21,229,62,0,0,0
2024-07-09,829,0,0,0,21,229,62,0,0,0
2024-07-10,829,0,0,0,21,229,62,0,0,0
2024-07-11,829,0,0,0,21,229,62,0,0,0
2024-07-12,829,0,0,0,21,229,62,0,0,0
2024-07-15,829,0,0,0,21,229,62,0,0,0
2024-07-16,829,0,0,0,21,229,62,0,0,0
2024-07-17,829,0,0,0,0,229,62,0,0,0
2024-07-18,829,0,0,0,0,274,64,0,0,0
2024-07-19,829,0,0,0,0,274,64,0,0,0
2024-07-22,829,0,0,0,0,274,64,0,0,0
2024-07-23,829,0,0,0,0,274,64,0,0,0
2024-07-24,829,0,0,0,0,274,64,0,0,0
2024-07-25,829,0,0,0,0,274,64,0,0,0
2024-07-26,829,0,0,0,0,274,64,0,0,0
2024-07-29,829,0,0,0,0,274,64,0,0,0
2024-07-30,829,0,0,0,0,274,64,0,0,0
2024-07-31,829,0,0,0,0,274,64,0,0,0
2024-08-01,829,0,0,0,0,274,64,0,0,0
2024-08-02,829,0,0,0,0,0,0,0,0,0
2024-08-05,829,0,0,0,0,0,0,0,0,0
2024-08-06,829,0,0,0,0,0,0,0,0,0
2024-08-07,829,0,0,0,0,0,0,0,0,0
2024-08-08,829,0,0,0,0,0,0,0,0,56
2024-08-09,829,0,0,0,0,0,0,0,0,56
2024-08-12,829,0,0,0,0,0,0,0,0,56
2024-08-13,829,221,0,0,0,0,0,0,0,56
2024-08-14,829,221,0,0,0,0,0,0,0,56
2024-08-15,829,221,0,0,9,0,0,0,0,56
2024-08-16,829,221,0,0,9,0,0,0,0,56
2024-08-19,829,221,0,1,9,0,0,0,0,56
2024-08-20,829,221,0,1,9,0,0,0,0,56
2024-08-21,829,221,0,1,9,0,0,0,0,56
2024-08-22,829,221,0,1,9,0,0,0,0,56
2024-08-23,829,221,0,1,9,0,0,0,0,56
2024-08-26,829,221,0,1,9,0,0,0,0,56
2024-08-27,829,221,0,1,9,0,0,0,0,56
2024-08-28,829,221,0,1,9,0,0,0,0,56
2024-08-29,829,221,0,1,9,0,0,0,0,56
2024-08-30,829,221,0,1,9,0,0,0,0,56
2024-09-03,829,221,0,0,9,0,0,0,0,56
2024-09-04,829,221,0,0,9,0,0,0,0,56
2024-09-05,829,221,0,0,9,0,0,0,0,56
2024-09-06,829,221,0,0,9,0,0,0,0,56
2024-09-09,829,221,0,0,9,0,0,0,0,56
2024-09-10,829,221,0,0,9,0,0,0,0,56
2024-09-11,829,221,0,0,9,0,0,0,0,56
2024-09-12,829,221,0,0,9,0,0,0,0,56
2024-09-13,829,221,0,0,9,0,0,0,0,56
2024-09-16,829,221,0,0,9,0,0,0,0,56
2024-09-17,829,221,0,0,9,0,0,0,0,56
2024-09-18,829,221,0,0,9,0,0,0,0,56
2024-09-19,829,221,0,0,9,0,0,0,0,56
2024-09-20,829,221,0,0,9,0,0,0,0,56
2024-09-23,829,221,0,0,9,0,0,0,0,56
2024-09-24,829,222,0,0,9,0,0,0,0,56
2024-09-25,829,222,0,0,9,0,0,0,0,56
2024-09-26,829,222,0,0,9,0,0,0,0,56
2024-09-27,829,222,0,0,9,0,0,0,0,56
2024-09-30,829,222,0,0,9,0,0,0,0,56
2024-10-01,829,222,0,0,9,0,0,0,0,56
2024-10-02,829,222,0,0,9,0,0,0,0,56
2024-10-03,829,222,0,0,9,0,0,0,0,56
2024-10-04,829,222,0,0,9,0,0,0,0,56
2024-10-07,829,222,0,0,9,0,0,0,0,56
2024-10-08,829,222,0,0,9,0,0,0,0,56
2024-10-09,829,222,0,0,9,0,0,0,0,56
2024-10-10,829,222,0,0,9,0,0,0,0,56
2024-10-11,829,222,0,0,9,0,0,0,0,56
2024-10-14,829,222,0,0,9,0,0,0,0,56
2024-10-15,829,222,0,0,9,0,0,0,0,56
2024-10-16,829,222,0,0,9,0,0,0,0,56
2024-10-17,829,222,0,0,9,0,0,0,0,56
2024-10-18,829,222,0,0,9,0,0,0,0,56
2024-10-21,829,222,0,0,9,0,0,0,0,56
2024-10-22,829,222,0,0,9,0,0,0,0,56
2024-10-23,829,222,0,0,9,0,0,0,0,56
2024-10-24,829,222,0,0,9,0,0,0,0,56
2024-10-25,829,222,0,0,9,0,0,0,0,56
2024-10-28,829,222,0,0,9,0,0,0,0,56
2024-10-29,829,222,0,0,9,0,0,0,0,56
2024-10-30,829,222,0,0,9,0,0,0,0,56
2024-10-31,829,222,0,0,9,0,0,0,0,56
2024-11-01,829,222,0,0,9,0,0,0,0,56
2024-11-04,829,222,0,0,9,0,0,0,0,56
2024-11-05,829,222,0,0,9,0,0,0,0,56
2024-11-06,829,222,0,0,9,0,0,0,0,56
2024-11-07,829,222,0,0,9,0,0,0,0,56
2024-11-08,829,222,0,0,9,0,0,0,0,56
2024-11-11,829,222,0,0,9,0,0,0,0,56
2024-11-12,829,222,0,0,9,0,0,0,0,56
2024-11-13,829,222,0,0,9,0,0,0,0,56
2024-11-14,829,222,0,0,9,0,0,0,0,56
2024-11-15,829,222,0,0,9,0,0,0,0,56
2024-11-18,829,222,0,0,9,0,0,0,0,56
2024-11-19,829,222,0,0,9,0,0,0,0,56
2024-11-20,829,222,0,0,9,0,0,0,0,56
2024-11-21,829,222,0,0,9,0,0,0,0,56
2024-11-22,829,222,0,0,9,0,0,0,0,56
2024-11-25,829,222,0,0,9,0,0,0,0,56
2024-11-26,829,222,0,0,9,0,0,0,0,56
2024-11-27,829,222,0,0,9,0,0,0,0,56
2024-11-29,829,222,0,0,9,0,0,0,0,56
2024-12-02,829,222,0,0,9,0,0,0,0,56
2024-12-03,829,222,0,0,9,0,0,0,0,56
2024-12-04,829,222,0,0,9,0,0,0,0,56
2024-12-05,829,222,0,0,9,0,0,0,0,56
2024-12-06,829,222,0,0,9,0,0,0,0,56
2024-12-09,829,222,0,0,9,0,0,0,0,56
2024-12-10,829,222,0,0,9,0,0,0,0,56
2024-12-11,829,222,0,0,9,0,0,0,0,56
2024-12-12,829,222,0,0,9,0,0,0,0,56
2024-12-13,829,222,0,0,9,0,0,0,0,56
2024-12-16,829,222,0,0,9,0,0,0,0,56
2024-12-17,829,222,0,0,9,0,0,0,0,56
2024-12-18,829,222,0,0,9,0,0,0,0,56
2024-12-19,829,222,0,0,9,0,0,0,0,56
2024-12-20,829,222,0,0,9,0,0,0,0,56
2024-12-23,829,222,0,0,9,0,0,0,0,56
2024-12-24,829,222,0,0,9,0,0,0,0,56
2024-12-26,829,222,0,0,9,0,0,0,0,56
2024-12-27,829,222,0,0,9,0,0,0,0,56
2024-12-30,829,222,0,0,9,0,0,0,0,56
2024-12-31,829,222,0,0,9,0,0,0,0,56
2025-01-02,829,222,0,0,9,0,0,0,0,56
2025-01-03,829,222,0,0,9,0,0,0,0,56
2025-01-06,829,222,0,0,9,0,0,0,0,56
2025-01-07,829,222,0,0,9,0,0,0,0,56
2025-01-08,829,222,0,0,9,0,0,0,0,56
2025-01-10,829,222,0,0,9,0,0,0,0,56
2025-01-13,829,222,0,0,9,0,0,0,0,56
2025-01-14,829,222,0,0,9,0,0,0,0,56
2025-01-15,829,222,0,0,9,0,0,0,0,56
2025-01-16,829,222,0,0,9,0,0,0,0,56
2025-01-17,829,222,0,0,9,0,0,0,0,56
2025-01-21,829,222,0,0,9,0,0,0,0,56
2025-01-22,829,222,0,0,9,0,0,0,0,56
2025-01-23,829,222,0,0,9,0,0,0,0,56
2025-01-24,829,222,0,0,9,0,0,0,0,56
2025-01-27,0,222,0,0,9,0,0,0,0,56
2025-01-28,0,324,0,0,39,204,0,0,0,70
2025-01-29,0,324,0,0,39,204,0,0,0,70
2025-01-30,0,324,0,0,39,204,0,0,0,70
2025-01-31,0,324,0,0,39,204,0,0,0,70
2025-02-03,0,324,0,0,39,204,0,0,0,70
2025-02-04,0,324,0,0,39,204,0,0,0,70
2025-02-05,0,324,0,0,39,204,0,0,0,70
2025-02-06,0,324,0,0,39,204,0,0,0,70
2025-02-07,0,324,0,0,39,204,0,0,0,70
2025-02-10,0,324,0,0,39,204,0,0,0,70
2025-02-11,0,324,0,0,39,204,0,0,0,70
2025-02-12,0,324,0,0,39,204,0,0,0,70
2025-02-13,0,324,0,0,39,204,0,0,0,70
2025-02-14,0,324,0,0,39,204,0,0,0,70
2025-02-18,0,324,0,0,39,204,0,0,0,70
2025-02-19,0,324,0,0,39,204,0,0,0,70
2025-02-20,0,324,0,0,39,204,0,0,0,70
2025-02-21,0,324,0,0,39,204,0,0,0,70
2025-02-24,0,324,0,0,39,204,0,0,0,70
2025-02-25,0,324,0,0,39,204,0,0,0,70
2025-02-26,0,324,0,0,39,204,0,0,0,70
2025-02-27,0,0,0,0,39,0,0,0,0,70
2025-02-28,0,0,0,0,39,0,0,0,207,94
2025-03-03,0,0,0,0,39,0,0,0,207,94
2025-03-04,0,0,0,0,39,0,0,0,207,94
2025-03-05,0,0,0,0,39,0,0,0,207,94
2025-03-06,0,0,0,0,39,0,0,0,207,94
2025-03-07,0,0,0,0,39,0,0,0,207,94
2025-03-10,0,0,0,0,0,0,0,0,207,94
2025-03-11,0,0,0,0,0,0,0,0,207,94
2025-03-12,0,0,0,0,0,0,0,0,207,94
2025-03-13,0,0,0,0,0,0,0,0,207,0
2025-03-14,0,0,0,0,0,0,0,0,207,0
2025-03-17,0,0,0,0,0,0,0,0,207,0
2025-03-18,0,0,0,0,0,0,0,0,207,0
2025-03-19,0,0,0,0,0,0,0,0,207,0
2025-03-20,0,0,0,0,0,0,0,0,207,0
2025-03-21,0,0,0,0,0,0,0,0,207,0
2025-03-24,0,0,0,0,0,0,40,0,207,0
2025-03-25,0,0,0,0,0,0,0,0,207,0
2025-03-26,0,0,0,0,0,0,0,0,207,0
2025-03-27,0,0,0,0,0,0,0,0,207,0
2025-03-28,0,0,0,0,0,0,0,0,207,0
2025-03-31,0,0,0,0,0,0,0,0,207,0
2025-04-01,0,0,0,0,0,0,0,0,207,0
2025-04-02,0,0,0,0,0,0,0,0,207,0
2025-04-03,0,0,0,0,0,0,0,0,207,0
2025-04-04,0,0,0,0,0,0,0,0,0,0
2025-04-07,0,0,0,0,0,0,0,0,0,0
2025-04-08,0,0,0,0,0,0,0,61,0,0
2025-04-09,0,0,0,0,0,0,0,61,0,0
2025-04-10,0,0,0,0,0,0,0,61,0,0
2025-04-11,0,0,0,0,0,0,0,61,0,0
2025-04-14,0,0,0,0,0,0,0,61,0,0
2025-04-15,0,0,0,0,0,0,0,61,0,0
2025-04-16,0,0,0,0,0,0,0,61,0,0
2025-04-17,0,0,0,0,0,0,0,0,0,32
2025-04-21,0,0,0,0,0,0,0,0,0,32
2025-04-22,0,0,0,0,0,0,0,0,0,32
2025-04-23,0,0,0,0,0,0,0,0,0,32
2025-04-24,0,0,0,0,0,0,37,0,0,32
2025-04-25,0,0,0,0,0,0,37,0,0,32
2025-04-28,0,0,0,0,0,0,37,0,0,32
2025-04-29,0,0,0,0,0,0,37,0,0,32
2025-04-30,0,0,0,0,0,0,37,0,0,32
2025-05-01,0,0,74,0,0,0,0,0,0,32
2025-05-02,0,0,74,0,53,0,0,0,0,32
2025-05-05,0,0,74,0,53,0,0,0,0,32
2025-05-06,0,0,74,0,53,0,0,0,0,32
2025-05-07,0,0,74,0,53,0,0,0,0,32
2025-05-08,0,0,74,0,53,0,0,0,91,32
2025-05-09,0,0,74,0,53,0,0,0,91,32
2025-05-12,0,7,74,0,53,153,0,0,91,32
2025-05-13,0,7,74,0,53,153,0,0,91,32
2025-05-14,0,7,74,0,53,153,0,0,91,32
2025-05-15,0,7,74,0,53,153,0,0,91,32
2025-05-16,0,7,74,0,53,153,0,0,91,32
2025-05-19,0,7,74,0,53,153,0,0,91,32
2025-05-20,0,7,74,0,53,153,0,0,91,32
2025-05-21,0,7,74,0,53,153,0,0,91,32
2025-05-22,0,7,74,0,53,153,0,0,91,32
2025-05-23,0,7,74,0,53,153,0,0,91,32
2025-05-27,0,7,74,0,53,0,0,0,91,32
2025-05-28,0,91,106,0,53,0,0,0,91,32
2025-05-29,0,91,106,0,53,0,0,0,91,32
2025-05-30,0,91,106,0,53,0,0,0,91,32
2025-06-02,0,91,106,0,53,0,0,0,91,32
2025-06-03,0,91,106,0,53,0,0,0,91,32
2025-06-04,0,91,106,0,53,0,0,0,91,32
2025-06-05,0,91,106,0,53,0,0,0,91,32
2025-06-06,0,91,106,0,53,0,0,0,91,32
2025-06-09,0,91,106,0,53,0,0,0,91,32
2025-06-10,0,91,106,0,53,0,0,0,91,32
2025-06-11,0,91,106,0,53,0,0,0,91,32
2025-06-12,0,91,106,0,53,0,0,0,91,32
2025-06-13,0,91,106,0,53,0,0,0,91,32
2025-06-16,0,91,106,0,53,0,0,0,91,32
2025-06-17,0,91,106,0,53,0,0,0,91,32
2025-06-18,0,91,106,0,53,0,0,0,91,0
2025-06-20,0,178,134,0,53,0,0,0,91,0
2025-06-23,0,178,134,0,53,0,0,0,91,0
2025-06-24,0,178,134,0,53,0,0,0,91,0
2025-06-25,0,178,134,0,53,0,0,0,91,0
2025-06-26,0,178,134,0,53,0,0,0,91,0
2025-06-27,0,178,134,0,53,0,0,0,91,0
2025-06-30,0,178,134,0,53,0,0,0,91,0
2025-07-01,0,178,134,0,53,0,0,0,91,0
2025-07-02,0,178,134,0,53,0,0,0,91,0
2025-07-03,0,178,134,0,53,0,0,0,91,0
2025-07-07,0,178,134,0,53,0,0,0,91,0
2025-07-08,0,178,134,0,53,0,0,0,91,0
2025-07-09,0,178,134,0,53,0,0,0,91,0
2025-07-10,0,178,134,0,53,0,0,0,91,0
2025-07-11,0,178,134,0,53,0,0,0,91,0
2025-07-14,0,178,134,0,53,0,0,0,91,0
2025-07-15,0,178,134,0,53,0,0,0,91,0
2025-07-16,0,178,134,0,53,0,0,0,91,0
2025-07-17,0,178,134,0,53,0,0,0,91,0
2025-07-18,0,178,134,0,53,0,0,0,91,0
2025-07-21,0,178,134,0,53,0,0,0,91,0
2025-07-22,0,178,134,0,53,0,0,0,91,0
2025-07-23,0,178,134,0,53,0,0,0,91,0
2025-07-24,0,178,134,0,53,0,0,0,91,0
2025-07-25,0,178,134,0,53,0,0,0,91,0
2025-07-28,0,178,134,0,53,0,0,0,91,0
2025-07-29,0,178,134,0,53,0,0,0,91,0
2025-07-30,0,178,134,0,53,0,0,0,91,0
2025-07-31,0,178,134,0,53,0,0,0,91,0
2025-08-01,0,178,134,0,53,0,0,0,0,0
2025-08-04,0,178,134,0,53,0,0,0,0,0
2025-08-05,0,178,134,0,53,0,0,0,0,0
2025-08-06,0,178,134,0,53,0,0,0,0,0
2025-08-07,0,178,134,0,53,0,0,0,0,0
2025-08-08,0,178,134,146,53,0,0,0,0,0
2025-08-11,0,178,134,146,53,0,0,0,0,0
2025-08-12,0,178,134,146,53,0,0,0,0,0
2025-08-13,0,178,134,146,53,0,0,0,0,0
2025-08-14,0,178,134,146,53,0,0,0,0,0
2025-08-15,0,178,134,146,53,0,0,0,0,0
2025-08-18,0,178,134,146,53,0,0,0,0,0
2025-08-19,0,178,134,146,53,0,0,0,0,0
2025-08-20,0,178,134,146,53,0,0,0,0,0
2025-08-21,0,178,134,146,53,0,0,0,0,0
2025-08-22,0,178,134,146,53,0,0,0,0,0
2025-08-25,0,178,134,146,53,0,0,0,0,0
2025-08-26,0,178,134,146,53,0,0,0,0,0
2025-08-27,0,178,134,146,53,0,0,0,0,0
2025-08-28,0,178,134,146,53,0,0,0,0,0
2025-08-29,0,178,134,146,53,0,0,0,0,0
2025-09-02,0,178,134,146,53,0,0,0,0,0
2025-09-03,0,178,134,146,53,0,0,0,0,0
2025-09-04,0,178,134,146,53,0,0,0,0,0
2025-09-05,0,178,134,146,53,0,0,0,0,0
2025-09-08,0,178,134,146,53,0,0,0,0,0
2025-09-09,0,178,134,146,53,0,0,0,0,0
2025-09-10,0,178,134,146,53,0,0,0,0,0
2025-09-11,0,178,134,146,53,0,0,0,0,0
2025-09-12,0,178,134,146,53,0,0,0,0,0
2025-09-15,0,178,134,146,53,0,0,0,0,0
2025-09-16,0,178,134,146,53,0,0,0,0,0
2025-09-17,0,178,134,146,53,0,0,0,0,0
2025-09-18,0,178,134,146,53,0,0,0,0,0
2025-09-19,0,178,134,146,53,0,0,0,0,0
2025-09-22,0,178,134,146,53,0,0,0,0,0
2025-09-23,0,178,134,146,53,0,0,0,0,0
2025-09-24,0,178,134,146,53,0,0,0,0,0
2025-09-25,0,178,134,146,53,0,0,0,0,0
2025-09-26,0,178,134,146,53,0,0,0,0,0
2025-09-29,0,178,134,146,53,0,0,0,0,0
2025-09-30,0,178,134,146,53,0,0,0,0,0
2025-10-01,0,178,134,146,53,0,0,0,0,0
2025-10-02,0,178,134,146,53,0,0,0,0,0
2025-10-03,0,178,134,146,53,0,0,0,0,0
2025-10-06,0,178,134,146,53,0,0,0,0,0
2025-10-07,0,178,134,146,53,0,0,0,0,0
2025-10-08,0,178,134,146,53,0,0,0,0,0
2025-10-09,0,178,134,146,53,0,0,0,0,0
2025-10-10,0,178,134,146,53,0,0,0,0,0
2025-10-13,0,178,134,146,53,0,0,0,0,0
2025-10-14,0,178,134,146,53,0,0,0,0,0
2025-10-15,0,178,134,146,53,0,0,0,0,0
2025-10-16,0,178,134,146,53,0,0,0,0,0
2025-10-17,0,178,134,146,53,0,0,0,0,0
2025-10-20,0,178,134,146,53,0,0,0,0,0
2025-10-21,0,178,134,146,53,0,0,0,0,0
2025-10-22,0,178,134,146,53,0,0,0,0,0
2025-10-23,0,178,134,146,53,0,0,0,0,0
2025-10-24,0,178,134,146,53,0,0,0,0,0
2025-10-27,0,178,134,146,53,0,0,0,0,0
2025-10-28,0,178,134,146,53,0,0,0,0,0
2025-10-29,0,178,134,146,53,0,0,0,0,0
2025-10-30,0,178,134,146,0,0,0,0,0,0
2025-10-31,0,178,134,227,0,0,0,0,0,0
2025-11-03,0,178,134,227,0,0,0,0,0,0
2025-11-04,0,178,134,227,0,0,0,0,0,0
2025-11-05,0,178,134,227,0,0,0,0,0,0
2025-11-06,0,178,134,227,0,0,0,0,0,0
2025-11-07,0,178,134,227,0,0,0,0,0,0
2025-11-10,0,178,134,227,0,0,0,0,0,0
2025-11-11,0,178,134,227,0,0,0,0,0,0
2025-11-12,0,178,134,227,0,0,0,0,0,0
2025-11-13,0,178,134,227,0,0,0,0,0,0
2025-11-14,0,178,134,227,0,0,0,0,0,0
2025-11-17,0,178,134,227,0,0,0,0,0,0
2025-11-18,0,178,134,227,0,0,0,0,0,0
2025-11-19,0,178,0,271,0,0,0,0,0,0
2025-11-20,0,178,0,271,0,0,0,0,0,0
2025-11-21,0,178,0,271,0,0,37,0,0,0
2025-11-24,0,178,0,271,0,0,37,0,0,0
2025-11-25,0,178,0,271,0,0,37,0,0,0
2025-11-26,0,178,0,271,0,0,37,0,0,0
2025-11-28,0,178,0,271,0,0,37,0,0,0
2025-12-01,0,178,0,271,0,0,37,0,0,0
2025-12-02,0,178,0,271,0,0,37,0,0,0
2025-12-03,0,178,0,271,0,0,37,0,0,0
2025-12-04,0,178,0,271,0,0,37,0,0,0
2025-12-05,0,178,0,271,0,0,37,0,0,0
2025-12-08,0,178,0,271,0,0,37,0,0,0
2025-12-09,0,178,0,271,0,0,37,0,0,0
2025-12-10,0,178,0,271,0,0,37,0,0,0
2025-12-11,0,178,0,271,0,0,37,0,0,0
2025-12-12,0,178,0,271,0,0,37,0,0,0
2025-12-15,0,178,0,271,0,0,37,0,0,0
2025-12-16,0,178,0,271,0,0,37,0,0,0
2025-12-17,0,178,0,271,0,0,37,0,0,0
2025-12-18,0,178,0,271,0,0,37,0,0,0
2025-12-19,0,178,0,271,0,0,37,0,0,0
2025-12-22,0,178,0,271,0,0,37,0,0,0
2025-12-23,138,178,0,271,0,0,37,0,0,0
2025-12-24,138,178,0,271,0,0,37,0,0,0
2025-12-26,138,178,0,271,0,0,37,0,0,0
2025-12-29,138,178,0,271,0,0,37,0,0,0
2025-12-30,138,178,0,271,0,0,37,0,0,0
2025-12-31,138,178,0,271,0,0,37,0,0,0
2026-01-02,138,178,0,271,0,0,37,0,0,0
2026-01-05,138,178,0,271,0,0,37,0,0,0
2026-01-06,138,178,0,271,0,0,37,0,0,0
2026-01-07,138,178,0,271,0,0,37,0,0,0
2026-01-08,138,178,0,271,0,0,37,0,0,0
2026-01-09,138,178,0,271,0,0,37,0,0,0
2026-01-12,138,178,0,271,0,0,37,0,0,0
2026-01-13,138,178,0,271,0,0,37,0,0,0
2026-01-14,138,178,0,271,0,0,37,0,0,0
2026-01-15,138,178,0,271,0,0,37,0,0,0
2026-01-16,138,178,0,271,0,0,37,0,0,0
2026-01-20,0,178,0,271,0,0,37,0,0,0
2026-01-21,0,178,0,271,0,0,37,0,0,0
2026-01-22,0,178,0,271,0,0,37,0,0,0
2026-01-23,0,178,0,271,0,0,37,0,0,0
2026-01-26,0,178,0,271,0,0,37,0,0,0
2026-01-27,0,178,0,271,0,0,37,0,0,0
2026-01-28,0,178,0,271,0,0,37,0,0,0
2026-01-29,0,178,0,271,33,0,37,0,0,0
2026-01-30,0,178,0,271,33,0,37,0,0,0
2026-02-02,0,178,0,271,33,0,37,0,0,0
2026-02-03,0,178,0,271,33,0,37,0,0,0
2026-02-04,0,178,0,271,0,0,37,0,0,0
2026-02-05,0,178,0,271,0,0,37,0,0,0
2026-02-06,0,178,0,271,0,0,37,0,0,0
2026-02-09,0,178,0,271,0,0,37,0,0,0
2026-02-10,0,178,0,271,0,0,37,0,0,0
2026-02-11,0,178,0,271,0,0,37,0,0,0
2026-02-12,0,178,0,271,0,0,37,0,0,0
2026-02-13,0,178,0,271,0,0,37,0,0,0
2026-02-17,0,178,0,271,0,0,37,0,0,0
2026-02-18,0,178,0,271,0,0,37,0,0,0
2026-02-19,0,178,0,271,0,0,37,0,0,0
2026-02-20,0,178,0,271,0,0,37,0,0,0
2026-02-23,0,178,0,271,0,0,37,0,0,0
2026-02-24,0,178,0,271,0,0,37,0,0,0
2026-02-25,116,178,0,271,0,0,37,0,0,0
2026-02-26,116,178,0,271,0,0,37,0,0,0
2026-02-27,116,178,0,271,0,0,37,0,0,0
2026-03-02,116,178,0,271,0,0,37,0,0,0
2026-03-03,116,178,0,271,0,0,37,0,0,0
2026-03-04,116,178,0,271,0,0,37,0,0,0
2026-03-05,116,178,0,271,0,0,37,0,0,0
2026-03-06,116,178,0,271,0,0,37,0,0,0
2026-03-09,116,178,0,271,0,0,37,0,0,0
2026-03-10,116,178,0,271,0,0,37,0,0,0
2026-03-11,116,178,0,271,0,0,37,0,0,0
2026-03-12,0,178,0,271,0,0,37,0,0,0
2026-03-13,0,178,0,271,0,0,37,0,0,0
2026-03-16,0,178,0,271,0,0,37,0,0,0
2026-03-17,0,178,0,271,0,0,0,0,0,0
2026-03-18,0,178,0,271,0,0,0,0,0,0
2026-03-19,0,178,0,271,0,0,0,0,0,0
2026-03-20,0,178,0,271,0,0,0,0,0,0
2026-03-23,0,178,0,271,0,0,0,0,0,0
2026-03-24,0,178,0,0,0,0,0,0,0,0
2026-03-25,0,178,0,0,0,0,0,0,0,0
2026-03-26,0,178,0,0,0,0,0,0,0,0
2026-03-27,0,178,0,0,0,0,0,0,0,0
2026-03-30,0,178,0,0,0,0,0,0,0,0
2026-03-31,0,178,0,0,0,0,0,0,0,0
2026-04-01,0,178,0,0,0,0,0,0,0,0
2026-04-02,0,178,0,0,0,0,0,0,0,54
2026-04-06,0,178,0,0,0,0,0,0,0,54
2026-04-07,0,178,0,0,0,0,0,0,0,54
2026-04-08,0,178,0,0,0,0,0,0,0,54
2026-04-09,0,178,0,0,0,177,0,0,0,54
2026-04-10,207,178,0,0,0,177,0,0,0,54
2026-04-13,207,178,0,0,0,177,0,0,0,54
2026-04-14,207,178,0,0,0,177,0,0,0,54
2026-04-15,207,178,0,0,0,177,0,0,0,54
2026-04-16,207,178,0,0,0,177,0,0,0,54
2026-04-17,207,178,0,0,0,177,0,0,0,54
2026-04-20,207,178,0,0,0,177,0,0,0,54
2026-04-21,207,178,0,0,0,177,0,0,0,54
2026-04-22,207,178,0,0,0,177,0,0,0,54
2026-04-23,207,178,0,0,0,178,0,0,0,54
2026-04-24,207,178,0,0,0,178,0,0,0,54
2026-04-27,207,178,0,0,0,178,0,0,0,54
2026-04-28,207,178,0,0,0,178,0,0,0,54
2026-04-29,207,178,0,0,0,178,0,0,0,54
2026-04-30,207,178,0,0,0,178,0,0,0,54
2026-05-01,207,178,0,0,0,178,0,0,0,54
2026-05-04,207,178,0,0,0,178,0,0,0,54
2026-05-05,207,178,0,0,0,178,0,0,0,54
2026-05-06,207,178,0,0,0,178,0,0,0,54
2026-05-07,207,178,0,0,0,178,0,0,0,54
2026-05-08,207,178,0,0,0,178,0,0,0,54
2026-05-11,207,178,0,0,0,178,0,0,0,54
2026-05-12,207,178,0,0,0,178,0,0,0,54
2026-05-13,207,178,0,0,0,178,0,0,0,54
2026-05-14,207,178,0,0,0,178,0,0,0,54
2026-05-15,207,178,0,0,0,178,0,0,0,54
2026-05-18,207,178,0,0,0,178,0,0,0,54
2026-05-19,207,178,0,0,0,178,0,0,0,54
2026-05-20,207,178,0,0,0,178,0,0,0,54
2026-05-21,207,178,0,0,0,178,0,0,0,54
2026-05-22,207,178,0,0,0,178,0,0,0,54
