datetime,open,high,low,close,volume,turnover
2020-01-01,4025.57,4044.88,4025.2,4043.74,2490687,10071683506.69
2020-01-02,4039.09,4067.74,3957.11,4036.6,4874910,19678055756.65
2020-01-03,4088.46,4193.81,4076.19,4092.92,1693045,6929505450.9
2020-01-06,4210.79,4261.03,4177.13,4221.69,3984852,16822811450.1
2020-01-07,4213.53,4215.92,4183.86,4206.14,1007967,4239651963.78
2020-01-08,4195.72,4236.4,4160.24,4190.65,2428127,10175434081.37
2020-01-09,4317.27,4350.57,4261.9,4327.2,4380283,18954363987.54
2020-01-10,4369.09,4466.67,4310.93,4397.94,4512664,19846447433.6
2020-01-13,4367.12,4373.61,4346.35,4361.05,2204680,9614716083.75
2020-01-14,4385.58,4424.22,4351.82,4412.73,1909711,8427042866.11
2020-01-15,4363.98,4376.93,4332.18,4376.25,3590310,15712079717.65
2020-01-16,4323.95,4372.12,4298.32,4339.86,2933731,12731979677.18
2020-01-17,4354.13,4476.68,4313.45,4365.2,4554366,19880721987.4
2020-01-20,4193.44,4258.3,4140.07,4202.53,1489626,6260196354.65
2020-01-21,4089.07,4138.46,4048.89,4061.75,1927460,7828862801.57
2020-01-22,4028.54,4032.64,3997.33,4020.14,3627988,14585003079.66
2020-01-23,3935.04,3964.26,3919.63,3942.72,1660902,6548473518.1
2020-01-24,3941.01,4012.47,3924.6,3971.44,3637492,14446094718.11
2020-01-27,3924.3,3963.31,3902.08,3903.29,1463547,5712651036.46
2020-01-28,3796.75,3881.17,3770.67,3796.94,2059325,7819138498.97
2020-01-29,3903.08,3929.38,3868.54,3912.04,1225019,4792322185.89
2020-01-30,3919.56,3940.45,3858.84,3898.29,4402281,17161351235.47
2020-01-31,3913.72,3924.87,3899.36,3907.45,2101928,8213177225.76
2020-02-03,3805.55,3833.36,3792.5,3800.01,3711793,14104866051.84
2020-02-04,3755.3,3843.61,3732.55,3762.44,1748321,6577954537.6
2020-02-05,3756.65,3856.15,3742.88,3774.55,2822550,10653856645.97
2020-02-06,3686.69,3735.41,3684.38,3691.44,1554399,5737963000.26
2020-02-07,3722.3,3732.51,3692.78,3722.86,2600946,9682967745.93
2020-02-10,3704.47,3754.37,3646.09,3681.86,1403082,5165958167.08
2020-02-11,3652.88,3707.84,3607.43,3664.07,2959925,10845363760.9
2020-02-12,3583.72,3651.96,3552.2,3623.64,2877541,10427164849.05
2020-02-13,3762.06,3793.96,3754.95,3761.5,2302887,8662310844.55
2020-02-14,3768.87,3822.46,3707.73,3764.25,3616241,13612423285.28
2020-02-17,3684.48,3692.71,3683.48,3688.38,2317630,8548303056.38
2020-02-18,3763.52,3818.31,3685.22,3752.75,1112990,4176769688.34
2020-02-19,3708.18,3723.81,3656.44,3664.87,2224648,8153044000.19
2020-02-20,3667.11,3722.33,3595.0,3683.84,4987579,18373459249.51
2020-02-21,3523.4,3556.22,3512.3,3543.14,1863403,6602306547.78
2020-02-24,3449.7,3459.84,3444.02,3452.57,2301367,7945627859.25
2020-02-25,3482.56,3495.1,3459.13,3469.61,2411220,8366004813.98
2020-02-26,3495.09,3533.09,3438.91,3524.33,1866183,6577041741.39
2020-02-27,3546.52,3603.24,3500.11,3539.93,4335512,15347417178.13
2020-02-28,3521.15,3538.62,3518.13,3535.28,2692110,9517373621.09
2020-03-02,3496.49,3518.93,3462.45,3517.53,2599908,9145253401.23
2020-03-03,3386.75,3425.26,3298.63,3417.03,3892478,13300722867.96
2020-03-04,3374.0,3402.89,3365.23,3371.25,3971783,13389891975.73
2020-03-05,3360.58,3369.0,3342.91,3343.57,3513024,11746032204.61
2020-03-06,3426.81,3438.52,3388.36,3417.6,4909439,16778508856.41
2020-03-09,3433.81,3464.5,3413.6,3444.51,2707017,9324338131.11
2020-03-10,3339.12,3358.62,3275.12,3326.5,2116271,7039765136.93
2020-03-11,3367.22,3376.58,3302.63,3351.38,2489493,8343244224.56
2020-03-12,3332.77,3340.65,3301.39,3328.92,3767891,12543019393.56
2020-03-13,3300.3,3329.59,3272.8,3287.18,4937270,16229712967.02
2020-03-16,3334.54,3446.3,3321.11,3330.68,4380355,14589581062.47
2020-03-17,3386.67,3422.74,3375.2,3402.69,2163490,7361694436.79
2020-03-18,3476.31,3506.73,3455.03,3469.47,2338486,8113316182.25
2020-03-19,3394.55,3415.7,3358.05,3414.71,4214850,14392492655.28
2020-03-20,3399.16,3422.54,3333.78,3397.01,2157655,7329570908.29
2020-03-23,3455.2,3490.58,3402.63,3422.91,2243294,7678595523.45
2020-03-24,3475.79,3506.6,3438.68,3493.12,3250041,11352776424.02
2020-03-25,3477.82,3510.79,3439.52,3463.13,3866879,13391523175.31
2020-03-26,3413.95,3466.5,3401.62,3453.74,3173408,10960121953.36
2020-03-27,3370.98,3383.57,3366.88,3380.77,3444026,11643468664.55
2020-03-30,3313.47,3336.61,3273.31,3303.27,3699424,12220201130.12
2020-03-31,3378.01,3440.9,3324.07,3360.25,3127599,10509528417.22
2020-04-01,3464.18,3496.86,3444.27,3454.76,1663689,5747647745.25
2020-04-02,3429.47,3458.11,3368.82,3453.24,4753836,16416137241.19
2020-04-03,3518.75,3544.65,3494.42,3526.0,2877971,10147731992.51
2020-04-06,3515.51,3561.86,3466.62,3555.03,3349316,11906921407.67
2020-04-07,3528.69,3579.08,3509.21,3512.72,1830051,6428451954.23
2020-04-08,3544.2,3565.55,3525.02,3541.62,4651387,16473443878.05
2020-04-09,3649.09,3690.62,3647.13,3654.1,4037908,14754936348.15
2020-04-10,3670.0,3705.83,3622.52,3655.14,4801250,17549240947.4
2020-04-13,3789.9,3816.15,3770.66,3773.17,1755678,6624480297.37
2020-04-14,3583.64,3637.14,3569.55,3579.25,4921451,17615118347.52
2020-04-15,3644.83,3651.0,3636.97,3641.67,3016106,10983657344.19
2020-04-16,3642.72,3655.36,3601.52,3651.65,2603546,9507238258.9
2020-04-17,3646.85,3657.11,3631.03,3633.46,2284294,8299900147.23
2020-04-20,3653.17,3695.53,3630.03,3643.77,3592631,13090705653.2
2020-04-21,3518.06,3550.39,3463.67,3502.56,4767255,16697619404.8
2020-04-22,3500.58,3545.02,3453.21,3490.68,4208020,14688847183.74
2020-04-23,3490.68,3560.09,3465.04,3519.1,1129350,3974296736.01
2020-04-24,3611.94,3643.68,3542.79,3626.64,1206487,4375490742.87
2020-04-27,3587.36,3598.14,3573.75,3592.67,3880453,13941196254.0
2020-04-28,3570.22,3589.9,3522.77,3538.17,4849033,17156712710.92
2020-04-29,3513.86,3545.62,3423.35,3506.2,3503292,12283256780.43
2020-04-30,3555.86,3604.02,3520.19,3573.9,4596270,16426618725.56
2020-05-01,3626.13,3628.2,3577.67,3600.97,1624446,5849588503.11
2020-05-04,3565.37,3642.5,3564.07,3566.42,1280852,4568059189.52
2020-05-05,3597.89,3640.98,3593.48,3606.6,4348855,15684577542.73
2020-05-06,3646.59,3659.63,3586.92,3617.21,3091635,11183087871.99
2020-05-07,3684.25,3709.78,3672.55,3690.9,3268185,12062548434.44
2020-05-08,3642.19,3709.38,3568.65,3642.77,2726199,9930910693.9
2020-05-11,3638.53,3641.37,3616.0,3622.54,1021253,3699528722.11
2020-05-12,3655.19,3684.56,3521.12,3597.75,4852666,17458693178.74
2020-05-13,3518.93,3538.93,3432.04,3496.04,4703259,16442797354.17
2020-05-14,3523.78,3552.36,3487.35,3520.24,4546183,16003675159.35
2020-05-15,3534.22,3587.52,3531.82,3542.14,4127849,14621436361.51
2020-05-18,3561.17,3633.1,3481.14,3546.05,1080257,3830643809.94
2020-05-19,3547.69,3562.86,3523.58,3532.96,1528423,5399853484.98
2020-05-20,3444.79,3532.41,3430.2,3436.48,1775158,6100297721.94
2020-05-21,3394.72,3425.46,3324.7,3411.01,2959669,10095452379.39
2020-05-22,3372.94,3420.18,3334.41,3391.04,1578688,5353391330.84
2020-05-25,3344.44,3345.95,3301.65,3340.02,4933443,16477789366.44
2020-05-26,3356.45,3385.38,3320.47,3332.58,2449796,8164151603.07
2020-05-27,3382.81,3470.41,3343.36,3362.85,2310077,7768436711.0
2020-05-28,3498.76,3509.02,3490.45,3493.07,4878363,17040460904.57
2020-05-29,3513.51,3524.2,3445.32,3508.76,4751851,16673099000.38
2020-06-01,3536.53,3583.5,3492.1,3530.34,2785559,9833973703.36
2020-06-02,3551.5,3552.31,3493.35,3528.62,1429332,5043562552.08
2020-06-03,3388.16,3417.06,3332.56,3396.73,1371233,4657710548.78
2020-06-04,3387.07,3467.3,3361.2,3398.33,4484847,15240977478.43
2020-06-05,3427.23,3481.46,3388.33,3405.82,3284139,11185183500.36
2020-06-08,3584.23,3585.1,3544.69,3577.01,2702159,9665655474.88
2020-06-09,3572.61,3583.96,3542.74,3566.83,4811575,17162058390.73
2020-06-10,3584.68,3610.74,3566.43,3591.91,2304766,8278502248.76
2020-06-11,3606.97,3638.28,3579.42,3593.0,3946862,14181091064.2
2020-06-12,3495.05,3536.42,3477.09,3512.62,1475595,5183198214.24
2020-06-15,3599.64,3624.24,3575.05,3596.41,3148091,11321839483.43
2020-06-16,3631.95,3684.58,3622.05,3654.1,4738006,17313128613.27
2020-06-17,3727.64,3741.78,3673.25,3715.56,3562605,13237073329.51
2020-06-18,3671.91,3676.33,3572.36,3651.7,2021469,7381794463.85
2020-06-19,3773.72,3777.41,3704.75,3757.8,2812336,10568200165.89
2020-06-22,3652.15,3671.62,3636.25,3656.2,3636722,13296588963.82
2020-06-23,3716.67,3736.77,3670.01,3702.77,3550043,13144996998.6
2020-06-24,3850.59,3910.7,3829.96,3868.69,3935726,15226100265.15
2020-06-25,3811.25,3867.34,3785.96,3795.92,1558516,5915996201.74
2020-06-26,3739.61,3760.17,3669.11,3756.72,4011786,15071155842.35
2020-06-29,3762.38,3792.67,3704.9,3767.96,1163834,4385284323.74
2020-06-30,3751.53,3815.71,3729.89,3733.79,3718576,13884382456.05
2020-07-01,3618.67,3641.94,3557.44,3621.73,1852746,6710140040.45
2020-07-02,3617.0,3631.62,3604.43,3630.31,3899872,14157763669.7
2020-07-03,3577.51,3584.0,3496.02,3556.82,2800072,9959339029.24
2020-07-06,3611.59,3629.68,3587.25,3594.06,4628332,16634511085.84
2020-07-07,3549.24,3567.62,3523.05,3531.57,3234805,11423928903.89
2020-07-08,3671.43,3684.36,3612.29,3644.57,1088668,3967728880.92
2020-07-09,3595.25,3646.74,3581.37,3591.12,1553091,5577342496.65
2020-07-10,3557.09,3585.47,3531.22,3571.58,1270914,4539176046.72
2020-07-13,3621.02,3648.68,3615.83,3633.27,1279713,4649538291.48
2020-07-14,3553.72,3554.43,3525.34,3547.46,4672277,16574708958.6
2020-07-15,3539.52,3593.63,3492.8,3567.14,4494667,16033124849.12
2020-07-16,3678.74,3686.32,3657.18,3663.97,2159608,7912731517.35
2020-07-17,3521.56,3557.65,3448.74,3549.84,4372455,15521494845.96
2020-07-20,3521.6,3618.21,3434.11,3566.49,4756732,16964853622.09
2020-07-21,3575.98,3599.69,3549.09,3588.6,4555668,16348458205.3
2020-07-22,3621.84,3659.86,3603.42,3648.3,3054376,11143276655.43
2020-07-23,3559.64,3589.44,3552.72,3561.69,4674664,16649712894.41
2020-07-24,3473.49,3519.7,3464.41,3471.19,2594918,9007459633.56
2020-07-27,3528.32,3595.4,3508.77,3510.9,3702994,13000837123.32
2020-07-28,3548.66,3551.76,3522.2,3535.26,2581074,9124776297.9
2020-07-29,3536.53,3586.08,3530.11,3556.51,1710644,6083922099.38
2020-07-30,3599.79,3641.75,3547.0,3584.71,4900379,17566433728.08
2020-07-31,3522.21,3556.64,3517.04,3539.54,4312620,15264691427.83
2020-08-03,3552.81,3580.02,3514.57,3559.52,3384291,12046455107.98
2020-08-04,3594.56,3626.48,3572.95,3583.94,1010651,3622117133.21
2020-08-05,3552.59,3556.63,3477.11,3536.32,4553320,16102017378.21
2020-08-06,3655.37,3678.01,3639.21,3671.82,3542017,13005650903.1
2020-08-07,3714.6,3748.54,3667.96,3710.29,3161352,11729529508.07
2020-08-10,3625.72,3660.28,3615.19,3625.6,2461331,8923795940.15
2020-08-11,3701.31,3729.51,3629.69,3676.83,1224605,4502665936.51
2020-08-12,3610.94,3672.22,3585.54,3608.83,3787136,13667142446.54
2020-08-13,3665.84,3697.46,3659.43,3669.25,2361303,8664214006.2
2020-08-14,3730.04,3794.38,3714.11,3757.94,1472501,5533576410.22
2020-08-17,3694.54,3740.11,3691.55,3700.02,2779685,10284891358.98
2020-08-18,3759.82,3785.04,3705.92,3775.01,3271073,12348335586.37
2020-08-19,3792.25,3892.1,3735.52,3809.95,2034262,7750438057.78
2020-08-20,3885.26,3916.09,3808.62,3876.4,1337913,5186287141.01
2020-08-21,4021.85,4030.35,3998.65,4027.33,4627447,18636264866.52
2020-08-24,3963.62,4029.6,3922.81,4011.59,4578276,18366184682.69
2020-08-25,3949.04,3985.97,3897.3,3955.13,4265962,16872442633.43
2020-08-26,3915.86,3965.74,3869.35,3888.72,2227146,8660756435.76
2020-08-27,3850.42,3895.99,3766.79,3829.16,1511603,5788175262.35
2020-08-28,3851.44,3909.77,3749.18,3827.09,4294238,16434427205.88
2020-08-31,3841.41,3873.38,3823.21,3857.03,3458042,13337763349.03
2020-09-01,3881.95,3925.51,3878.16,3882.23,3875033,15043764261.3
2020-09-02,3928.65,3964.63,3857.78,3950.34,3873828,15302926865.22
2020-09-03,3948.29,3971.68,3906.01,3955.31,4350651,17208194190.02
2020-09-04,4088.45,4102.1,4026.46,4074.25,3640240,14831261609.59
2020-09-07,4064.26,4072.47,4025.2,4056.76,1932477,7839600147.99
2020-09-08,4248.56,4345.16,4226.09,4281.52,4542180,19447438262.82
2020-09-09,4295.14,4453.63,4217.59,4339.38,2581420,11201758452.2
2020-09-10,4282.95,4304.4,4192.43,4269.33,3344351,14278128887.55
2020-09-11,4170.81,4218.13,4147.58,4182.16,3621780,15146851766.26
2020-09-14,4200.04,4263.26,4197.47,4226.69,3565618,15070777768.11
2020-09-15,4222.43,4234.82,4162.2,4212.03,3965116,16701191328.41
2020-09-16,4320.74,4360.46,4168.19,4276.39,3939152,16845353485.48
2020-09-17,4314.96,4360.12,4269.2,4321.14,3696405,15972691634.65
2020-09-18,4361.51,4410.68,4299.82,4319.17,2705243,11684402408.26
2020-09-21,4223.23,4269.68,4191.1,4250.34,3975605,16897671055.33
2020-09-22,4131.05,4150.37,4081.02,4125.82,4305108,17762090188.13
2020-09-23,4095.1,4108.49,4026.42,4093.1,1531972,6270512439.08
2020-09-24,4153.43,4203.69,4148.26,4167.3,3227503,13449967398.82
2020-09-25,4164.75,4198.41,4150.31,4189.31,4093061,17147098652.42
2020-09-28,4052.87,4140.72,4016.16,4089.12,1341207,5484360313.11
2020-09-29,4093.95,4192.91,4046.57,4107.38,4289791,17619781280.1
2020-09-30,4199.4,4210.72,4093.67,4143.14,4676158,19373956039.86
2020-10-01,4067.18,4126.22,4051.65,4074.04,4854498,19777417947.37
2020-10-02,4086.6,4096.83,4078.64,4090.64,2241968,9171082769.51
2020-10-05,4122.73,4164.92,4066.92,4099.49,2613374,10713506635.39
2020-10-06,4007.17,4050.12,3913.67,4009.88,3582814,14366653666.98
2020-10-07,4046.47,4082.3,4010.68,4042.58,3347029,13530643931.53
2020-10-08,4114.97,4153.96,4060.34,4091.97,3437245,14065090928.01
2020-10-09,4193.21,4238.69,4164.19,4184.69,2715880,11365128143.37
2020-10-12,4257.95,4306.33,4235.14,4277.08,3763398,16096339280.62
2020-10-13,4181.34,4186.51,4148.66,4163.51,1402980,5841314453.16
2020-10-14,4076.46,4107.24,4043.83,4089.58,2449087,10015727088.81
2020-10-15,4151.39,4158.89,4129.78,4135.79,4502626,18621919897.13
2020-10-16,4166.38,4191.28,4132.21,4182.42,2359231,9867306655.14
2020-10-19,4229.18,4249.58,4150.7,4229.69,2090445,8841935076.43
2020-10-20,4516.66,4569.56,4516.61,4559.84,3449129,15727467002.45
2020-10-21,4597.6,4622.76,4523.22,4616.46,3857281,17806985278.75
2020-10-22,4722.11,4759.46,4674.98,4725.92,4139878,19564743886.17
2020-10-23,4802.42,4897.6,4766.04,4820.82,4460989,21505622807.29
2020-10-26,4916.56,4930.32,4816.23,4888.45,3001676,14673528403.23
2020-10-27,4868.78,4949.25,4804.01,4862.51,2531192,12307946513.58
2020-10-28,4923.85,4970.02,4890.47,4941.18,4529801,22382573245.31
2020-10-29,4879.64,4967.5,4809.42,4869.75,3090547,15050191976.05
2020-10-30,4861.87,4969.74,4775.63,4851.56,2974324,14430096577.32
2020-11-02,4804.09,4820.69,4738.29,4809.31,3742974,18001126893.85
2020-11-03,4805.23,4897.08,4778.5,4822.0,1269160,6119884070.4
2020-11-04,5070.55,5112.25,4993.43,5050.04,1578526,7971624453.24
2020-11-05,4880.13,4910.17,4832.73,4866.5,1940240,9442173733.32
2020-11-06,4977.57,5020.3,4882.57,4938.16,2416842,11934747642.1
2020-11-09,4779.77,4790.98,4728.64,4783.82,3233795,15469890727.55
2020-11-10,4747.95,4760.41,4734.27,4743.45,1960652,9300255358.52
2020-11-11,4805.91,4909.19,4797.03,4851.5,4385744,21277443297.99
2020-11-12,4873.78,4876.98,4766.23,4862.59,4994528,24286342036.85
2020-11-13,4742.58,4782.19,4716.49,4762.64,1816228,8650040114.23
2020-11-16,4690.81,4703.43,4681.55,4699.27,1861789,8749045386.05
2020-11-17,4763.42,4850.85,4763.25,4767.84,2522534,12027037147.15
2020-11-18,4680.15,4836.17,4679.36,4702.96,3870574,18203161989.65
2020-11-19,4734.84,4774.32,4714.48,4728.02,2338084,11054519078.98
2020-11-20,4744.82,4760.32,4722.83,4737.06,1343567,6364560309.06
2020-11-23,4701.92,4717.21,4640.87,4680.07,2469539,11557604847.42
2020-11-24,4917.34,4965.09,4807.14,4885.42,2630369,12850462009.6
2020-11-25,4968.91,4977.08,4933.82,4952.25,2294315,11362013292.51
2020-11-26,4742.65,4763.2,4726.53,4756.62,2635125,12534284545.56
2020-11-27,4783.71,4790.8,4737.13,4779.11,3039096,14524183334.13
2020-11-30,4687.3,4744.92,4659.65,4720.64,4594804,21690402275.83
2020-12-01,4823.64,4848.4,4794.85,4805.84,3908056,18781485265.27
2020-12-02,4710.93,4775.14,4654.62,4734.47,4403531,20848383755.84
2020-12-03,4726.51,4729.05,4701.08,4728.34,3051259,14427389275.93
2020-12-04,4779.83,4848.32,4753.49,4780.82,4510390,21563376871.98
2020-12-07,4885.8,4920.89,4847.04,4868.38,3363162,16373165449.44
2020-12-08,4756.85,4793.15,4749.93,4756.38,4197102,19963023377.34
2020-12-09,4723.7,4738.41,4677.37,4729.32,2642425,12496870158.81
2020-12-10,4671.72,4718.61,4614.42,4689.12,2447947,11478728830.79
2020-12-11,4636.36,4638.72,4624.51,4632.54,1441048,6675716847.69
2020-12-14,4806.6,4851.51,4768.76,4800.75,1778883,8539966181.26
2020-12-15,4851.65,4879.12,4837.16,4844.43,4198156,20337678955.31
2020-12-16,4742.14,4750.48,4648.57,4727.11,1976089,9341191185.46
2020-12-17,4822.27,4823.49,4809.56,4818.61,3434003,16547136208.38
2020-12-18,4987.88,5054.95,4985.31,5027.95,2759771,13875990690.82
2020-12-21,5119.57,5169.15,5080.24,5136.8,3436536,17652803822.44
2020-12-22,5021.94,5086.3,4958.04,4985.84,1744748,8699042073.85
2020-12-23,4964.87,4967.88,4920.88,4942.54,2244992,11095971618.11
2020-12-24,5046.55,5105.11,5034.61,5072.72,2999063,15213412170.95
2020-12-25,5013.53,5101.02,4997.71,5006.0,3763545,18840299819.64
2020-12-28,5045.76,5097.66,4940.32,5055.44,3086453,15603376319.47
2020-12-29,5095.42,5175.78,5059.8,5138.82,4560569,23435930515.49
2020-12-30,5080.3,5107.22,5037.35,5048.69,2244453,11331546323.47
2020-12-31,5014.73,5057.4,4899.94,5047.73,3921989,19797132520.96
2021-01-01,4688.77,4792.84,4676.27,4725.55,1748778,8263946150.59
2021-01-04,4614.03,4652.13,4613.56,4633.46,2102686,9742720489.87
2021-01-05,4618.96,4621.18,4599.38,4614.69,4232906,19533559326.27
2021-01-06,4522.68,4526.33,4481.37,4504.14,2435601,10970298658.73
2021-01-07,4642.37,4675.53,4641.48,4655.7,3036982,14139279806.25
2021-01-08,4550.96,4565.42,4494.18,4527.19,3553437,16087085813.23
2021-01-11,4515.41,4578.29,4439.08,4491.87,3535610,15881515588.05
2021-01-12,4515.01,4562.63,4487.22,4508.11,1139227,5135762395.7
2021-01-13,4655.25,4713.46,4614.5,4642.57,2636091,12238231921.51
2021-01-14,4515.25,4575.0,4486.47,4513.89,3964634,17895917358.35
2021-01-15,4641.0,4641.91,4600.91,4623.41,2394316,11069906011.98
2021-01-18,4628.81,4657.45,4494.51,4628.98,3912066,18108876286.98
2021-01-19,4588.18,4653.31,4515.47,4542.74,2965730,13472544915.27
2021-01-20,4587.33,4620.12,4551.42,4589.27,2094316,9611378721.79
2021-01-21,4578.93,4630.88,4506.6,4612.13,1773210,8178272674.97
2021-01-22,4587.06,4599.61,4539.15,4561.38,1767876,8063945826.37
2021-01-25,4587.34,4606.01,4540.92,4572.3,2133276,9753987438.36
2021-01-26,4579.87,4604.01,4453.83,4541.64,1715339,7790454574.74
2021-01-27,4594.97,4631.96,4512.85,4556.49,3196155,14563261457.47
2021-01-28,4641.71,4648.77,4606.79,4621.39,2774029,12819871274.31
2021-01-29,4798.93,4805.05,4700.48,4772.6,3016654,14397294808.37
2021-02-01,4626.17,4669.18,4586.39,4659.22,1225391,5709371763.29
2021-02-02,4837.61,4880.46,4816.13,4862.65,4632632,22526864967.69
2021-02-03,4644.79,4721.23,4639.73,4677.67,2402222,11236791277.0
2021-02-04,4692.28,4712.77,4649.27,4668.14,1686268,7871740655.84
2021-02-05,4749.0,4784.36,4677.7,4727.74,1147745,5426238130.09
2021-02-08,4747.6,4764.25,4697.63,4759.04,2055991,9784533698.13
2021-02-09,4713.19,4721.65,4659.69,4704.53,4314344,20296940641.59
2021-02-10,4637.88,4721.34,4636.3,4689.65,2812105,13187781267.24
2021-02-11,4634.57,4675.43,4633.27,4648.1,4858815,22584244227.64
2021-02-12,4592.9,4653.93,4555.21,4597.96,4303364,19786681634.24
2021-02-15,4694.52,4760.09,4640.71,4680.68,2531064,11847109249.79
2021-02-16,4697.0,4755.75,4685.18,4718.79,1227189,5790841797.43
2021-02-17,4626.05,4679.73,4614.3,4658.11,1804807,8406990548.83
2021-02-18,4783.81,4812.44,4735.73,4746.58,3369310,15992690652.59
2021-02-19,4783.68,4867.36,4743.43,4780.5,2813205,13448516325.92
2021-02-22,4829.07,4894.63,4756.48,4862.99,3841011,18678815626.03
2021-02-23,4906.31,4945.37,4834.84,4929.1,3069694,15130813944.43
2021-02-24,4859.87,4972.09,4844.68,4852.3,2321448,11264363020.31
2021-02-25,4773.83,4811.48,4760.73,4802.79,1537977,7386579556.46
2021-02-26,4884.75,4917.28,4858.8,4879.37,3723408,18167900242.14
2021-03-01,4934.72,4966.55,4888.23,4943.82,4050832,20026575691.49
2021-03-02,4957.92,5010.39,4900.32,4946.7,3359470,16618273551.06
2021-03-03,5003.8,5111.05,4954.17,4963.25,4492963,22299695825.45
2021-03-04,5044.98,5130.48,5002.14,5095.04,3430865,17480394477.26
2021-03-05,5046.31,5062.62,4985.66,5039.85,4584758,23106508477.49
2021-03-08,5109.3,5148.85,5048.97,5100.04,4100498,20912700243.46
2021-03-09,5092.31,5186.13,4965.9,5084.52,2033668,10340216179.38
2021-03-10,5101.66,5137.31,5046.13,5067.46,3339340,16921984582.89
2021-03-11,5188.74,5200.67,5129.25,5183.89,1615937,8376842090.86
2021-03-12,5314.04,5334.05,5231.94,5274.65,4362788,23012191830.85
2021-03-15,5360.24,5390.99,5358.79,5365.75,2888755,15500328604.79
2021-03-16,5514.02,5534.38,5503.31,5511.21,1131184,6234192768.35
2021-03-17,5517.53,5532.28,5497.31,5519.04,2821573,15572364416.46
2021-03-18,5563.99,5668.02,5515.67,5599.83,1990029,11143824131.72
2021-03-19,5530.81,5603.95,5493.55,5570.68,2953256,16451647165.57
2021-03-22,5605.82,5675.03,5536.54,5612.37,4958209,27827294790.78
2021-03-23,5589.28,5673.42,5558.03,5603.37,4102934,22990267166.7
2021-03-24,5629.4,5714.99,5592.04,5619.85,4379959,24614694499.13
2021-03-25,5691.58,5707.57,5669.49,5692.36,4469992,25444801566.52
2021-03-26,5605.99,5655.89,5546.88,5604.9,4666344,26154390388.26
2021-03-29,5847.87,5932.31,5834.91,5845.06,1809057,10574041432.47
2021-03-30,5713.19,5833.48,5705.88,5733.3,2513083,14408252632.58
2021-03-31,5652.21,5679.87,5583.81,5599.8,2011930,11266415202.0
2021-04-01,5704.52,5766.46,5689.02,5735.11,2768555,15877963219.38
2021-04-02,5805.82,5836.97,5687.04,5831.65,3866069,22545557429.15
2021-04-05,5933.06,6003.66,5850.36,5910.27,3716207,21963800146.98
2021-04-06,6013.76,6165.53,5861.34,5990.46,1834874,10991735186.98
2021-04-07,5965.68,6028.04,5945.36,5994.98,3079610,18462203251.26
2021-04-08,5911.01,5987.85,5863.73,5893.4,3291136,19395965971.81
2021-04-09,5904.04,5910.81,5888.94,5908.22,1738096,10269060125.46
2021-04-12,5854.57,5858.5,5791.97,5834.12,1264237,7375704739.12
2021-04-13,5927.1,5987.34,5866.66,5953.73,2908911,17318867454.38
2021-04-14,5941.43,6067.29,5891.86,5942.17,2754867,16369893059.78
2021-04-15,5884.27,5902.9,5838.91,5850.01,2834907,16584231662.13
2021-04-16,5825.85,5843.16,5654.19,5818.26,1723858,10029848663.7
2021-04-19,5889.23,5992.26,5791.01,5872.13,4236904,24879633966.23
2021-04-20,5835.26,5892.05,5790.92,5811.79,1316462,7651004443.94
2021-04-21,5738.28,5742.54,5708.18,5722.03,1808301,10347158274.95
2021-04-22,5729.28,5803.52,5725.43,5755.64,2338306,13458454358.55
2021-04-23,5768.88,5816.25,5691.02,5789.6,1329231,7695712286.59
2021-04-26,5748.39,5774.4,5656.35,5736.69,3459593,19846602252.72
2021-04-27,5694.26,5789.75,5683.12,5688.38,2524314,14359256561.86
2021-04-28,5698.64,5722.64,5659.7,5720.47,2995141,17133607832.11
2021-04-29,5554.69,5593.68,5495.02,5560.51,2223451,12363530260.27
2021-04-30,5436.58,5449.47,5352.5,5409.55,2753767,14896640292.42
2021-05-03,5348.87,5455.44,5296.31,5337.23,4151396,22156956757.43
2021-05-04,5309.24,5394.08,5229.65,5319.78,1913081,10177176270.32
2021-05-05,5358.19,5395.19,5357.96,5358.18,4699509,25180825735.9
2021-05-06,5548.67,5604.52,5520.06,5521.64,1853605,10234948758.64
2021-05-07,5617.56,5637.56,5601.84,5621.88,1770692,9954618777.7
2021-05-10,5633.53,5687.49,5597.8,5609.52,1775107,9957496882.08
2021-05-11,5648.58,5705.51,5550.29,5613.0,4967258,27881195959.96
2021-05-12,5587.25,5656.8,5431.67,5506.06,2849395,15688952579.32
2021-05-13,5473.1,5515.63,5466.22,5509.53,2029933,11183980511.1
2021-05-14,5451.83,5557.99,5413.25,5483.23,2472608,13557888006.33
2021-05-17,5524.36,5559.6,5508.27,5524.11,3114565,17205193310.39
2021-05-18,5443.0,5605.49,5418.25,5438.24,1785833,9711784538.98
2021-05-19,5491.54,5518.0,5447.45,5500.16,4891151,26902126009.36
2021-05-20,5663.22,5764.54,5600.75,5674.27,4409572,25021098017.77
2021-05-21,5677.77,5768.32,5631.39,5667.6,1163187,6592479401.4
2021-05-24,5706.87,5735.68,5651.18,5718.8,2223697,12716885267.22
2021-05-25,5830.11,5851.93,5696.76,5803.46,3162077,18350980560.97
2021-05-26,5754.59,5787.18,5709.73,5762.69,3927523,22633105283.28
2021-05-27,5785.94,5809.05,5766.41,5794.28,2956874,17132962351.4
2021-05-28,5761.57,5834.3,5702.73,5801.54,4161262,24141710254.01
2021-05-31,5879.43,5910.97,5797.34,5818.67,2149122,12505033238.59
2021-06-01,5765.67,5826.51,5734.51,5734.53,4544562,26060934375.49
2021-06-02,5705.83,5871.51,5626.83,5743.08,3822236,21951396478.9
2021-06-03,5776.59,5811.0,5723.13,5806.02,2256348,13100404196.67
2021-06-04,5987.97,6009.21,5977.65,5980.33,3430992,20518480083.27
2021-06-07,6086.63,6179.41,6078.59,6101.05,2160294,13180061965.94
2021-06-08,6375.51,6394.62,6366.69,6369.88,4289616,27324359116.96
2021-06-09,6291.65,6346.0,6219.64,6278.5,1948202,12231778905.2
2021-06-10,6387.17,6464.42,6333.63,6394.31,1915480,12248176671.43
2021-06-11,6453.56,6522.83,6409.71,6424.15,1632405,10486819789.21
2021-06-14,6766.48,6770.07,6629.8,6711.93,3665394,24601867708.0
2021-06-15,6618.94,6738.66,6522.11,6610.14,2167272,14325964911.38
2021-06-16,6507.16,6513.03,6439.15,6505.73,3166452,20600093304.51
2021-06-17,6490.79,6560.47,6348.15,6434.25,4839847,31140783616.09
2021-06-18,6164.68,6204.79,6151.66,6167.37,3014017,18588559061.45
2021-06-21,6117.63,6118.11,6104.59,6108.69,3867202,23623527340.0
2021-06-22,6004.85,6097.58,5916.52,6022.05,2521722,15185935474.22
2021-06-23,6019.43,6134.28,5992.19,6046.19,2441246,14760225997.72
2021-06-24,6089.6,6133.26,6020.32,6093.56,3538032,21559203254.7
2021-06-25,6374.06,6462.59,6321.73,6328.3,2244360,14202989428.06
2021-06-28,6436.23,6545.07,6409.55,6454.92,4308972,27814079834.52
2021-06-29,6429.64,6502.27,6344.19,6386.9,4770938,30471503647.41
2021-06-30,6249.71,6306.34,6219.74,6278.53,4268827,26801937689.69
2021-07-01,6311.69,6368.9,6271.34,6346.57,3344724,21227539095.12
2021-07-02,6140.0,6233.84,6120.93,6185.34,3928100,24296640451.89
2021-07-05,6469.09,6485.67,6370.04,6418.09,4709194,30224035314.52
2021-07-06,6520.0,6631.64,6477.49,6575.9,2504314,16468128708.13
2021-07-07,6533.48,6613.75,6459.31,6520.77,2332559,15210092239.03
2021-07-08,6331.0,6345.07,6273.66,6303.88,3146674,19836243987.94
2021-07-09,6497.43,6564.39,6438.24,6480.87,1207352,7824695177.96
2021-07-12,6500.16,6506.55,6469.09,6472.51,3714845,24044362771.51
2021-07-13,6644.53,6746.27,6629.52,6639.22,1589421,10552508846.93
2021-07-14,6475.65,6505.65,6346.18,6434.14,3750025,24128185578.24
2021-07-15,6396.68,6431.04,6318.1,6363.44,1955205,12441839112.08
2021-07-16,6394.67,6437.23,6326.05,6370.48,4299667,27390923779.94
2021-07-19,6350.64,6508.1,6328.44,6382.83,4837047,30874057729.15
2021-07-20,6282.22,6355.37,6252.66,6331.76,2176792,13782926371.26
2021-07-21,6438.49,6457.31,6386.86,6416.97,3278581,21038547232.91
2021-07-22,6306.63,6461.11,6212.42,6286.37,2371535,14908338436.24
2021-07-23,6242.85,6290.07,6240.4,6274.75,3298354,20696353301.71
2021-07-26,6291.89,6308.14,6289.57,6296.12,1619003,10193442413.81
2021-07-27,6328.95,6411.25,6244.47,6367.2,4659679,29669102393.38
2021-07-28,6484.54,6486.82,6392.5,6464.19,2990073,19328387533.49
2021-07-29,6388.89,6454.3,6309.48,6325.25,4746328,30021721204.63
2021-07-30,6169.58,6181.52,6100.51,6137.5,3498578,21472537119.39
2021-08-02,6356.2,6387.48,6215.17,6300.48,1739538,10959918510.52
2021-08-03,6331.09,6368.61,6270.42,6348.65,2684449,17042632074.59
2021-08-04,6271.47,6403.17,6220.81,6259.96,2652632,16605377854.61
2021-08-05,6489.02,6531.49,6460.05,6460.43,4438780,28676409359.67
2021-08-06,6520.38,6596.75,6445.64,6481.83,2566996,16638838081.66
2021-08-09,6635.87,6675.69,6625.69,6641.19,4015226,26665896672.5
2021-08-10,6690.47,6780.22,6607.38,6656.8,1851007,12321790289.2
2021-08-11,6920.99,6962.45,6832.51,6937.82,1279143,8874464420.47
2021-08-12,7174.03,7319.15,7105.69,7188.32,4363469,31366024690.99
2021-08-13,7176.68,7188.81,7131.03,7159.72,3371488,24138905531.26
2021-08-16,7362.78,7425.65,7275.69,7306.0,1243877,9087767685.15
2021-08-17,7424.77,7497.55,7180.79,7407.61,3233437,23952040990.85
2021-08-18,7625.96,7699.85,7583.91,7617.78,2858997,21779220516.48
2021-08-19,7517.31,7649.28,7360.75,7478.39,2857447,21369102616.16
2021-08-20,7650.26,7708.09,7572.8,7588.48,1825782,13854909162.12
2021-08-23,7785.35,7811.19,7694.71,7756.7,2264134,17562218533.07
2021-08-24,7508.17,7508.28,7415.73,7491.62,2154262,16138914045.1
2021-08-25,7376.44,7442.49,7275.58,7321.82,1719778,12591908319.83
2021-08-26,7009.32,7075.28,6948.6,7030.53,4554104,32017746029.02
2021-08-27,7055.94,7140.08,6991.27,6999.67,4739357,33173958570.33
2021-08-30,7094.54,7168.52,6951.57,7107.13,2560336,18196630290.84
2021-08-31,7281.93,7342.87,7227.57,7327.78,4102641,30063258204.41
2021-09-01,7302.12,7368.11,7252.58,7345.97,1002775,7366353689.71
2021-09-02,7591.14,7721.83,7556.01,7592.59,2896807,21994267192.29
2021-09-03,7410.69,7500.94,7357.45,7390.61,1777635,13137809629.32
2021-09-06,7185.18,7217.96,7133.26,7146.22,3345060,23904539123.47
2021-09-07,7175.83,7283.51,7139.99,7145.43,2213705,15817870639.79
2021-09-08,7163.59,7291.48,7162.3,7207.46,1907179,13745916547.38
2021-09-09,7206.51,7338.02,7200.7,7209.95,4433438,31964886874.58
2021-09-10,6890.22,7025.99,6838.6,6919.04,3873524,26801072603.76
2021-09-13,6872.63,7074.16,6835.4,6913.63,1945522,13450615091.7
2021-09-14,6795.48,6807.3,6670.13,6740.17,3198559,21558828694.18
2021-09-15,6827.65,6894.97,6824.31,6837.18,2849039,19479402280.91
2021-09-16,6845.71,6945.64,6711.78,6894.15,3214949,22164342629.38
2021-09-17,6757.08,6841.59,6738.63,6771.45,1464310,9915503868.7
2021-09-20,6744.0,6792.14,6595.24,6708.63,1768223,11862354334.38
2021-09-21,6565.22,6592.93,6440.21,6573.22,2574745,16924369083.37
2021-09-22,6624.98,6642.45,6505.66,6571.55,3185211,20931788024.2
2021-09-23,6633.38,6761.57,6574.19,6703.66,3426277,22968601421.77
2021-09-24,6591.43,6605.72,6563.09,6578.21,4200450,27631424327.04
2021-09-27,6630.88,6686.96,6594.53,6651.1,2571836,17105534267.99
2021-09-28,6614.66,6717.91,6453.16,6587.21,1325437,8730936595.67
2021-09-29,6477.99,6553.98,6443.5,6489.34,1443066,9364552168.19
2021-09-30,6520.68,6601.42,6425.1,6481.94,1120062,7260177524.57
2021-10-01,6432.99,6578.84,6259.29,6354.22,2850924,18115389338.77
2021-10-04,6306.81,6325.49,6266.61,6290.21,2614099,16443234072.78
2021-10-05,6105.26,6183.17,6081.72,6145.8,2230796,13710032833.49
2021-10-06,6340.21,6395.43,6282.53,6393.45,4512305,28849174357.99
2021-10-07,6426.8,6438.47,6376.83,6404.35,3473188,22243503480.24
2021-10-08,6364.27,6465.53,6308.12,6321.13,1838927,11624089842.87
2021-10-11,6398.09,6436.95,6234.57,6354.5,3584588,22778262000.34
2021-10-12,6350.37,6383.79,6258.47,6346.58,2737821,17375794654.52
2021-10-13,6388.87,6406.89,6247.83,6324.88,1475278,9330951313.39
2021-10-14,6429.83,6431.2,6352.06,6408.89,2284574,14641588162.48
2021-10-15,6522.33,6581.66,6465.31,6512.4,3787976,24668802220.6
2021-10-18,6435.18,6468.35,6416.69,6449.81,3394850,21896145526.98
2021-10-19,6357.18,6426.23,6329.95,6381.98,4951852,31602639199.05
2021-10-20,6288.23,6369.09,6232.05,6353.26,4334215,27536387272.15
2021-10-21,6073.94,6103.43,5991.05,6067.12,4597170,27891570696.34
2021-10-22,5902.95,5934.55,5868.22,5889.33,2333520,13742864214.0
2021-10-25,6064.65,6151.22,6043.98,6056.22,3565687,21594572596.4
2021-10-26,6268.25,6308.36,6251.11,6261.52,3580388,22418665244.76
2021-10-27,6223.12,6334.17,6207.76,6236.59,3635122,22670776480.09
2021-10-28,6299.95,6327.04,6295.91,6314.74,3382962,21362541130.83
2021-10-29,6398.8,6507.76,6290.7,6360.37,4146779,26375043281.96
2021-11-01,6776.84,6799.29,6722.34,6758.39,1519385,10268589388.62
2021-11-02,6907.76,6961.37,6773.57,6916.47,1226256,8481367927.48
2021-11-03,6888.98,6966.19,6787.53,6905.7,4655149,32147043138.08
2021-11-04,6758.11,6840.41,6729.15,6780.63,4871515,33031931568.52
2021-11-05,6542.6,6623.44,6460.73,6569.55,3522919,23144008161.05
2021-11-08,6613.71,6615.55,6597.88,6602.86,2068965,13661080661.76
2021-11-09,6532.4,6553.57,6434.87,6509.58,1350679,8792351168.36
2021-11-10,6310.52,6457.22,6293.85,6330.92,3489703,22093040188.83
2021-11-11,6278.07,6332.39,6244.96,6255.39,1107524,6927989719.41
2021-11-12,6120.34,6216.92,6096.16,6126.33,2390254,14643487233.5
2021-11-15,6357.41,6416.68,6324.18,6339.18,1236371,7837574751.32
2021-11-16,6431.28,6522.65,6390.87,6457.29,3598133,23234201572.7
2021-11-17,6452.33,6495.18,6420.53,6462.72,2334649,15088185973.35
2021-11-18,6694.39,6713.88,6632.76,6660.47,3000892,19987361399.39
2021-11-19,6691.16,6812.98,6659.41,6677.44,3714766,24805127389.53
2021-11-22,6594.57,6685.06,6450.49,6569.09,3746437,24610697007.95
2021-11-23,6822.32,6841.24,6727.32,6775.77,3483502,23603422458.28
2021-11-24,6857.06,6874.65,6725.57,6855.58,4010087,27491474155.76
2021-11-25,6727.6,6838.94,6655.7,6720.22,1295920,8708864352.8
2021-11-26,6695.3,6721.9,6679.14,6701.36,3000564,20107845886.26
2021-11-29,6596.25,6664.07,6584.3,6590.7,1427244,9406537334.96
2021-11-30,6369.32,6443.42,6357.18,6415.02,3089319,19818038672.39
2021-12-01,6548.97,6553.68,6526.38,6540.26,1280539,8375061182.38
2021-12-02,6811.34,6833.32,6750.51,6796.56,4044287,27487257322.63
2021-12-03,6639.39,6643.77,6583.45,6613.25,4603950,30447081264.14
2021-12-06,6695.11,6726.41,6622.26,6694.33,2228265,14916733079.26
2021-12-07,6621.23,6692.91,6582.75,6613.91,2647824,17512465372.44
2021-12-08,6540.08,6583.63,6534.8,6556.09,4274380,28023203930.24
2021-12-09,6464.5,6489.39,6409.46,6484.97,3949709,25613731021.92
2021-12-10,6383.63,6436.97,6360.14,6379.39,2290894,14614512139.68
2021-12-13,6383.47,6418.26,6309.81,6391.96,1599792,10225810828.48
2021-12-14,6264.76,6333.63,6255.86,6292.13,1513953,9525984006.49
2021-12-15,6308.43,6334.15,6276.01,6332.45,3240019,20517270437.21
2021-12-16,6356.64,6435.54,6235.17,6332.42,2578232,16326457123.32
2021-12-17,6342.9,6364.63,6297.74,6308.49,3898303,24592419538.9
2021-12-20,6202.65,6302.52,6136.32,6200.29,1149395,7126587963.13
2021-12-21,6176.25,6311.22,6064.8,6134.97,3732463,22898556569.88
2021-12-22,6230.17,6252.02,6173.32,6233.79,2492017,15534718650.34
2021-12-23,6298.03,6320.67,6248.67,6302.48,1371852,8646068812.17
2021-12-24,6257.72,6380.08,6129.68,6185.56,4848189,29988770402.53
2021-12-27,6182.06,6227.43,6160.45,6204.04,1660187,10299858940.9
2021-12-28,6306.59,6402.28,6269.37,6303.47,2339527,14747143160.66
2021-12-29,6107.89,6215.08,6098.19,6099.31,1473288,8986046971.98
2021-12-30,6199.29,6230.08,6168.59,6171.7,4051622,25005380849.45
2021-12-31,6076.6,6179.62,5989.73,6096.08,4723234,28793202063.41
2022-01-03,6163.35,6208.76,6091.47,6171.74,1171389,7229510904.68
2022-01-04,6019.34,6097.94,6004.38,6083.7,2105797,12811039632.87
2022-01-05,5877.64,5899.51,5703.26,5870.18,3060046,17963013441.25
2022-01-06,5685.55,5819.17,5533.5,5684.97,4655396,26465779618.66
2022-01-07,5692.02,5707.68,5683.3,5696.12,2559657,14580115216.0
2022-01-10,5759.8,5765.24,5707.36,5731.41,4572520,26206964139.09
2022-01-11,5646.2,5666.84,5620.03,5633.48,3442432,19392859225.38
2022-01-12,5747.8,5825.2,5683.97,5711.06,2303306,13154318135.28
2022-01-13,5568.03,5581.49,5397.78,5526.99,4356922,24080664239.14
2022-01-14,5487.46,5596.66,5456.05,5525.21,3473006,19189096242.35
2022-01-17,5419.92,5420.26,5372.4,5396.92,1756079,9477409619.08
2022-01-18,5341.01,5415.28,5317.55,5331.95,3575849,19066262835.83
2022-01-19,5337.15,5382.72,5281.18,5342.34,4907297,26216452159.92
2022-01-20,5299.25,5301.33,5252.46,5255.75,1312916,6900358986.09
2022-01-21,5210.83,5247.07,5179.88,5220.58,2414474,12604963700.25
2022-01-24,5328.04,5339.31,5326.67,5330.87,3290146,17539350606.62
2022-01-25,5276.61,5298.33,5269.99,5274.7,2982539,15731990010.85
2022-01-26,5367.12,5419.57,5261.58,5368.13,2709813,14546634745.07
2022-01-27,5206.68,5270.12,5153.6,5252.21,4964166,26072852901.63
2022-01-28,5337.94,5340.05,5254.39,5313.12,1479806,7862382748.29
2022-01-31,5468.9,5504.6,5445.26,5471.61,3945276,21587030566.04
2022-02-01,5218.85,5277.91,5161.93,5206.61,3908679,20350962031.08
2022-02-02,5077.92,5160.12,5043.52,5128.83,3201580,16420368705.45
2022-02-03,5173.03,5212.02,5146.16,5193.16,2790146,14489662943.71
2022-02-04,5227.41,5235.57,5101.8,5177.26,3493460,18086550898.11
2022-02-07,5227.94,5259.75,5183.57,5220.87,3489331,18217335460.92
2022-02-08,5206.54,5224.33,5109.09,5163.02,3429151,17704782116.14
2022-02-09,5132.17,5197.31,5124.06,5177.13,3117475,16139561935.64
2022-02-10,5120.31,5214.1,5088.39,5166.18,2918837,15079249742.54
2022-02-11,5311.72,5339.52,5274.78,5292.01,1782259,9431732418.21
2022-02-14,5304.62,5343.76,5288.43,5324.23,1506995,8023587905.45
2022-02-15,5344.02,5417.83,5316.46,5365.5,2033224,10909270810.88
2022-02-16,5301.26,5332.54,5294.45,5326.67,1528036,8139344459.78
2022-02-17,5270.18,5293.03,5114.55,5280.05,1397891,7380935675.5
2022-02-18,5263.05,5359.34,5218.19,5239.65,4798196,25140879169.51
2022-02-21,5305.06,5324.52,5207.05,5286.23,1656521,8756747512.22
2022-02-22,5198.84,5288.17,5139.33,5247.01,2531181,13281121187.39
2022-02-23,5288.2,5291.19,5262.44,5282.66,3653271,19298994912.57
2022-02-24,5513.34,5583.85,5454.77,5507.22,4070569,22417507620.74
2022-02-25,5589.69,5634.49,5516.51,5608.67,4849987,27201995399.14
2022-02-28,5565.07,5627.62,5514.9,5577.71,3624449,20216130358.31
2022-03-01,5765.56,5804.97,5714.12,5717.29,3479840,19895252907.26
2022-03-02,5715.24,5754.98,5660.24,5676.35,4494355,25511510204.52
2022-03-03,5423.72,5486.46,5405.15,5450.64,4502415,24541041171.77
2022-03-04,5338.55,5459.26,5327.39,5346.2,3118219,16670609526.88
2022-03-07,5165.25,5169.33,5135.87,5151.51,1502264,7738927509.55
2022-03-08,5093.03,5218.32,5027.81,5120.44,1144282,5859232666.27
2022-03-09,5132.31,5192.2,5101.33,5127.45,2817793,14448096434.79
2022-03-10,5347.52,5451.86,5263.49,5304.5,1142157,6058566991.83
2022-03-11,5344.5,5364.61,5327.85,5344.48,2275029,12158856039.72
2022-03-14,5338.16,5377.3,5314.21,5326.41,3435919,18301109460.7
2022-03-15,5369.74,5467.44,5343.04,5420.09,1979091,10726852031.71
2022-03-16,5182.82,5198.92,5149.0,5185.82,4861607,25211415787.53
2022-03-17,5185.77,5223.94,5131.22,5215.44,3051789,15916429404.45
2022-03-18,5277.09,5363.23,5241.97,5301.07,2265197,12007958321.67
2022-03-21,5199.59,5239.11,5134.82,5149.61,3834803,19747721451.96
2022-03-22,5237.01,5321.2,5203.68,5272.55,1957726,10322212989.95
2022-03-23,5304.82,5344.55,5203.8,5313.52,4249261,22578532413.85
2022-03-24,5275.36,5291.21,5242.61,5274.7,1409925,7436932099.95
2022-03-25,5420.67,5444.73,5282.84,5346.73,2083329,11138997445.85
2022-03-28,5551.21,5679.01,5532.88,5594.89,2998547,16776547380.0
2022-03-29,5614.89,5665.56,5604.57,5620.84,2640975,14844491546.58
2022-03-30,5638.48,5711.73,5592.37,5654.36,3715548,21009055563.17
2022-03-31,5562.29,5623.29,5503.49,5608.07,2365103,13263660999.86
2022-04-01,5527.7,5579.54,5506.4,5518.36,1269515,7005637530.45
2022-04-04,5586.72,5704.11,5560.4,5615.52,2652390,14894542679.42
2022-04-05,5524.98,5584.84,5483.82,5524.99,1500364,8289490131.06
2022-04-06,5578.28,5641.02,5497.97,5538.42,4818971,26689480832.76
2022-04-07,5548.32,5604.62,5471.2,5491.05,3361331,18457230322.87
2022-04-08,5560.7,5629.59,5400.18,5549.14,1154226,6404963062.23
2022-04-11,5663.15,5699.52,5544.01,5591.72,2659090,14868889696.92
2022-04-12,5715.78,5758.69,5710.79,5713.35,2033994,11620910498.11
2022-04-13,5692.02,5719.07,5660.64,5660.78,4581375,25934159925.05
2022-04-14,5619.28,5724.54,5528.88,5635.89,3602352,20302450918.01
2022-04-15,5554.33,5567.59,5512.11,5531.2,4133301,22862112128.19
2022-04-18,5522.88,5578.7,5446.48,5487.58,2669771,14650584974.92
2022-04-19,5554.02,5567.5,5477.67,5534.48,4686005,25934591850.77
2022-04-20,5658.39,5693.86,5613.32,5623.8,2390598,13444252858.1
2022-04-21,5463.37,5590.82,5451.46,5525.71,3455918,19096385270.97
2022-04-22,5599.79,5687.36,5570.59,5627.33,4898908,27567796352.93
2022-04-25,5787.81,5911.01,5759.03,5785.53,3916624,22659764771.65
2022-04-26,5810.56,5857.15,5808.79,5839.16,1801125,10517055718.49
2022-04-27,6112.19,6180.51,5943.33,6064.18,4862949,29489781581.9
2022-04-28,5953.11,6112.35,5882.05,5976.39,1101894,6585351477.56
2022-04-29,5845.28,5852.94,5829.08,5833.6,2048966,11952844741.84
2022-05-02,5598.25,5688.04,5594.62,5631.91,1022490,5758566736.5
2022-05-03,5781.86,5827.04,5717.23,5806.05,4555971,26452189448.98
2022-05-04,5877.28,6015.32,5807.31,5887.84,4518920,26606679353.15
2022-05-05,5862.0,5947.7,5745.42,5887.18,4401549,25912723043.7
2022-05-06,5935.93,5951.95,5908.89,5926.03,4605916,27294816627.03
2022-05-09,5796.42,5802.95,5682.09,5798.57,3307600,19179339188.07
2022-05-10,6045.81,6209.23,6030.06,6088.0,1810927,11024927881.03
2022-05-11,6146.56,6166.05,6107.02,6109.82,1903275,11628675952.86
2022-05-12,6103.83,6143.46,6062.02,6129.3,2424473,14860326822.01
2022-05-13,6230.48,6236.64,6197.26,6224.4,3435678,21385034132.12
2022-05-16,6210.86,6323.75,6131.27,6290.5,1216486,7652310382.24
2022-05-17,6306.31,6378.36,6295.27,6324.96,2726131,17242674018.3
2022-05-18,6197.96,6245.03,6181.56,6231.29,2490641,15519911826.02
2022-05-19,6255.59,6329.79,6217.59,6296.28,1751993,11031039589.72
2022-05-20,6537.05,6629.43,6519.46,6539.57,4435715,29007677606.13
2022-05-23,6760.45,6798.26,6636.77,6722.08,3574469,24027870133.63
2022-05-24,6950.39,7119.57,6838.14,6942.99,4845204,33640220688.87
2022-05-25,6896.91,6903.67,6722.63,6878.95,4268827,29365044575.64
2022-05-26,6779.68,6780.7,6727.08,6749.68,3204601,21630029477.26
2022-05-27,6786.64,6824.25,6635.37,6739.45,3174758,21396118643.69
2022-05-30,6758.17,6855.0,6656.26,6753.7,3672762,24804729936.48
2022-05-31,6894.86,6936.82,6861.93,6908.25,2584645,17855373175.37
2022-06-01,6639.39,6750.15,6617.24,6681.32,2146204,14339472774.89
2022-06-02,6810.49,6915.73,6797.02,6892.39,4495811,30986874741.44
2022-06-03,6884.0,6956.67,6688.32,6877.5,2895618,19914611535.49
2022-06-06,6831.01,6900.92,6813.7,6825.66,1276452,8712626818.55
2022-06-07,6649.58,6825.62,6612.05,6694.32,2492175,16683416044.51
2022-06-08,6463.64,6532.65,6357.79,6479.45,4083128,26456428486.94
2022-06-09,6596.55,6607.03,6568.39,6592.6,2162180,14254397577.84
2022-06-10,6641.18,6781.02,6532.63,6608.86,3716826,24563998372.47
2022-06-13,6489.64,6520.19,6351.51,6444.97,3702303,23861230129.12
2022-06-14,6287.95,6319.85,6226.92,6284.48,3443869,21642924689.91
2022-06-15,6284.0,6364.79,6246.23,6248.56,1831635,11445080279.1
2022-06-16,6479.42,6514.11,6430.33,6463.39,3063729,19802068228.32
2022-06-17,6498.57,6571.06,6393.46,6436.29,3268108,21034504768.53
2022-06-20,6221.19,6331.24,6189.92,6249.24,3339189,20867383946.79
2022-06-21,6213.93,6229.59,6104.67,6224.77,4584704,28538738245.5
2022-06-22,6207.05,6210.84,6166.04,6197.04,1894801,11742165514.32
2022-06-23,5853.33,5904.47,5805.0,5868.99,1501691,8813404526.31
2022-06-24,5903.72,5920.43,5848.55,5868.48,1201904,7053352690.31
2022-06-27,5855.49,5887.73,5725.76,5847.25,2699660,15785577108.54
2022-06-28,5968.3,6085.89,5924.68,5934.51,2569186,15246863629.16
2022-06-29,6142.96,6221.56,6125.53,6159.9,3291947,20278060840.25
2022-06-30,6320.88,6423.95,6239.25,6304.85,4788264,30189283287.45
2022-07-01,6271.47,6313.77,6197.85,6277.25,2175615,13656875278.38
2022-07-04,6172.86,6238.16,6104.54,6144.61,2052305,12610606979.38
2022-07-05,6471.28,6547.66,6449.95,6467.0,1258360,8137810277.58
2022-07-06,6461.15,6546.17,6426.47,6481.12,2594502,16815287239.75
2022-07-07,6512.65,6534.19,6395.25,6489.41,2804933,18202360047.7
2022-07-08,6531.21,6584.76,6408.41,6492.77,3060583,19871655923.25
2022-07-11,6512.78,6542.09,6353.77,6524.98,2587542,16883668388.86
2022-07-12,6531.86,6548.93,6502.04,6512.67,1575425,10260222059.3
2022-07-13,6432.56,6563.04,6430.48,6444.46,2002021,12901945390.13
2022-07-14,6371.77,6419.43,6328.98,6380.42,3823698,24396802292.54
2022-07-15,6386.23,6440.67,6247.27,6382.62,1596860,10192153189.57
2022-07-18,6308.17,6354.49,6223.4,6319.63,2634224,16647333571.89
2022-07-19,6262.38,6276.72,6168.86,6235.86,1143704,7131973337.36
2022-07-20,6287.26,6380.11,6227.71,6255.37,4546293,28438724058.37
2022-07-21,6267.76,6276.8,6178.22,6229.72,1520082,9469687182.97
2022-07-22,6411.02,6449.25,6378.65,6423.34,2925464,18791250350.88
2022-07-25,6127.98,6258.19,6008.13,6089.2,4085945,24880143927.7
2022-07-26,6245.67,6296.28,6181.65,6228.22,4662097,29036561960.9
2022-07-27,6419.97,6466.13,6289.79,6389.67,2471816,15794076761.34
2022-07-28,6082.38,6221.84,6057.26,6131.09,3431129,21036559019.51
2022-07-29,6119.13,6260.09,6005.02,6095.2,4942033,30122677729.3
2022-08-01,6057.87,6062.4,6031.94,6056.01,4407938,26694537361.35
2022-08-02,5882.29,5907.89,5855.77,5891.59,4970658,29285091355.68
2022-08-03,5794.43,5884.96,5753.93,5805.83,2073224,12036791291.15
2022-08-04,5675.76,5727.0,5614.35,5682.68,3260791,18530038293.74
2022-08-05,5892.75,5930.3,5796.83,5887.52,3345156,19694661437.28
2022-08-08,5961.74,6049.21,5898.88,6003.58,4415473,26508647800.39
2022-08-09,6149.89,6171.78,6031.43,6162.26,3256246,20065840318.62
2022-08-10,6224.58,6381.15,6221.66,6257.37,4043921,25304296602.23
2022-08-11,6102.52,6184.56,6026.6,6122.33,3606546,22080451238.4
2022-08-12,6114.69,6164.92,6061.46,6064.22,3380159,20498037579.02
2022-08-15,6122.41,6175.26,6096.6,6129.64,2808566,17215500296.6
2022-08-16,5993.93,6018.07,5931.4,5985.95,4005958,23979449051.22
2022-08-17,6069.17,6105.44,6047.36,6077.29,1107792,6732374957.39
2022-08-18,6129.95,6177.94,6028.06,6054.16,4374234,26482305026.02
2022-08-19,5993.76,6067.92,5968.02,6014.83,1263606,7600372694.93
2022-08-22,6133.33,6269.53,6105.83,6106.37,4456537,27213258592.75
2022-08-23,6142.01,6232.1,6141.13,6166.73,2163951,13344505670.23
2022-08-24,6124.39,6201.47,6047.36,6128.38,4644637,28464095873.9
2022-08-25,6306.33,6350.75,6228.89,6276.6,2515509,15788852925.56
2022-08-26,6152.64,6186.69,6124.59,6147.17,4821301,29637367067.15
2022-08-29,6253.78,6280.41,6195.46,6229.04,2310624,14392979791.03
2022-08-30,6340.03,6378.26,6255.5,6309.16,2595368,16374598871.32
2022-08-31,6269.21,6397.88,6221.23,6276.41,3393455,21298722513.8
2022-09-01,6247.82,6385.49,6159.93,6323.63,2603344,16462577873.9
2022-09-02,6147.62,6197.87,6052.18,6171.72,4919345,30360818272.79
2022-09-05,6320.19,6387.51,6200.55,6291.95,1220935,7682059651.8
2022-09-06,6305.2,6396.65,6271.2,6274.97,2533183,15895652785.5
2022-09-07,6226.45,6227.94,6199.23,6215.65,1828416,11364786008.0
2022-09-08,6311.4,6359.13,6302.46,6352.27,1278518,8121487338.36
2022-09-09,6229.66,6472.45,6085.88,6269.14,3904613,24478547597.07
2022-09-12,6094.2,6137.78,5934.58,6098.81,1147032,6995527763.28
2022-09-13,5873.72,6006.92,5771.17,5915.04,2362516,13974364854.66
2022-09-14,6029.84,6050.88,5942.15,5992.64,3159439,18933385103.38
2022-09-15,5856.95,5907.21,5796.76,5845.17,1770644,10349716976.29
2022-09-16,6093.09,6141.6,6004.16,6056.16,4497028,27234710397.33
2022-09-19,5796.45,5823.31,5760.52,5810.04,1194152,6938075574.7
2022-09-20,5989.02,6172.22,5947.37,6012.98,1614101,9705562988.02
2022-09-21,6131.54,6175.36,6012.87,6044.37,2058213,12440608250.58
2022-09-22,6056.69,6078.98,5982.94,6038.73,3081280,18607007301.21
2022-09-23,6001.9,6003.93,5916.66,5978.95,1855121,11091681111.86
2022-09-26,6036.51,6049.98,5973.81,6032.66,2527222,15245871548.85
2022-09-27,6057.54,6133.44,6007.11,6034.15,2821644,17026229073.81
2022-09-28,6200.19,6269.33,6161.05,6173.34,4103377,25331525290.32
2022-09-29,6198.76,6211.92,6100.45,6193.61,3402114,21071376582.49
2022-09-30,6200.23,6280.96,6094.86,6218.42,2175033,13525278629.78
2022-10-03,6194.28,6208.27,6178.33,6179.42,1466995,9065179833.22
2022-10-04,6165.73,6218.56,6095.5,6178.56,3946478,24383561709.52
2022-10-05,6226.2,6314.68,6190.6,6222.78,3190002,19850670113.94
2022-10-06,5975.88,6025.77,5935.39,6016.16,2253179,13555484369.44
2022-10-07,5856.71,5967.26,5784.76,5859.96,4886613,28635345682.2
2022-10-10,5960.78,6061.62,5925.78,5952.93,4828113,28741407247.22
2022-10-11,6008.08,6071.54,5915.93,5979.22,1381325,8259250960.37
2022-10-12,5990.3,6017.82,5949.3,5963.2,2738614,16330906336.33
2022-10-13,5984.64,5995.48,5893.54,5971.36,4041188,24131400187.1
2022-10-14,6016.07,6096.54,5977.75,6018.85,3654074,21993305082.42
2022-10-17,5972.39,6066.15,5955.8,5959.89,1967241,11724538514.87
2022-10-18,5863.05,5873.18,5857.94,5873.08,3088097,18136631320.43
2022-10-19,5975.42,6058.39,5807.51,5901.95,3619981,21364962484.58
2022-10-20,5854.25,5928.23,5738.26,5792.37,4916880,28480388407.04
2022-10-21,5863.4,5948.18,5844.5,5845.46,1908063,11153501043.38
2022-10-24,5701.65,5755.81,5638.49,5652.26,1686290,9531341572.0
2022-10-25,5747.0,5847.26,5643.95,5774.25,4216662,24348054450.32
2022-10-26,5860.9,5923.04,5832.63,5834.6,1210809,7064587048.33
2022-10-27,5925.58,6003.49,5837.11,5870.31,4411097,25894515360.34
2022-10-28,6010.25,6088.41,5944.59,5991.56,4590824,27506180450.03
2022-10-31,6262.22,6336.24,6167.32,6197.12,3910086,24231285963.51
2022-11-01,6336.89,6418.2,6294.9,6329.04,1117769,7074409392.68
2022-11-02,6108.97,6127.15,6036.18,6102.35,4897059,29883586327.34
2022-11-03,5905.56,5971.09,5878.37,5952.29,3314222,19727202092.3
2022-11-04,5881.71,5941.45,5801.03,5883.86,2544247,14969987465.26
2022-11-07,5915.06,6063.21,5845.58,5892.81,4338047,25563295169.32
2022-11-08,5988.84,6073.29,5951.07,5959.71,3023553,18019511445.41
2022-11-09,5888.96,6027.05,5801.85,5879.17,2104315,12371624147.88
2022-11-10,5895.78,5928.6,5886.86,5907.01,2880164,17013155069.77
2022-11-11,5803.24,5837.49,5790.77,5823.68,1110957,6469852585.22
2022-11-14,5717.76,5789.15,5702.67,5758.27,3877668,22328671435.21
2022-11-15,5593.11,5662.66,5552.8,5602.03,1281411,7178506225.61
2022-11-16,5488.04,5521.78,5397.29,5504.2,3962102,21808182019.74
2022-11-17,5349.52,5372.72,5329.78,5360.9,3928339,21059434440.51
2022-11-18,5277.61,5290.6,5230.29,5261.63,1051272,5531404498.49
2022-11-21,5377.79,5387.22,5287.88,5377.77,4440235,23878559446.29
2022-11-22,5327.5,5409.15,5270.67,5281.03,4183122,22091209928.92
2022-11-23,5563.61,5612.96,5502.75,5564.35,1933296,10757533903.44
2022-11-24,5649.53,5682.07,5461.7,5624.81,1375233,7735428914.94
2022-11-25,5654.22,5700.85,5617.17,5651.23,3870967,21875730725.6
2022-11-28,5511.22,5604.34,5406.06,5559.87,4502646,25034113724.21
2022-11-29,5656.19,5730.45,5611.7,5643.3,1225687,6916919014.11
2022-11-30,5527.6,5602.55,5467.15,5583.97,3071088,17148872508.12
2022-12-01,5640.82,5743.05,5476.62,5603.18,4444883,24905492750.63
2022-12-02,5875.68,5930.22,5832.39,5895.68,4324714,25497123779.91
2022-12-05,5897.01,5951.38,5862.71,5890.25,3573011,21045919154.75
2022-12-06,6031.07,6084.86,5874.96,6031.53,3122891,18835804029.65
2022-12-07,5954.0,5986.7,5861.47,5952.73,4074795,24256174044.43
2022-12-08,5984.41,6000.13,5934.49,5954.52,1305063,7771026347.19
2022-12-09,6194.59,6268.15,6160.16,6171.36,4439187,27395829743.74
2022-12-12,6137.21,6254.29,6095.72,6100.15,1353791,8258326137.6
2022-12-13,6329.27,6353.85,6248.31,6327.37,1349317,8537631624.02
2022-12-14,6380.46,6508.6,6379.74,6423.26,4148817,26648948265.65
2022-12-15,6389.47,6424.59,6252.81,6357.43,4347526,27639092839.97
2022-12-16,6492.71,6629.86,6354.18,6444.2,3186394,20533751718.67
2022-12-19,6621.19,6693.81,6524.26,6575.99,3619972,23804893108.47
2022-12-20,6646.28,6685.3,6524.11,6664.34,3395406,22628155214.05
2022-12-21,6447.76,6508.72,6340.27,6461.72,3548600,22930054091.85
2022-12-22,6378.08,6449.31,6362.33,6374.21,4916247,31337186141.1
2022-12-23,6321.13,6417.79,6264.36,6349.03,3094885,19649513232.95
2022-12-26,6311.8,6453.14,6299.6,6345.93,1396456,8861806413.29
2022-12-27,6449.7,6484.75,6386.35,6431.05,4271593,27470814031.83
2022-12-28,6459.43,6485.99,6388.23,6460.33,1028885,6646940549.31
2022-12-29,6300.07,6356.09,6241.74,6294.26,2118844,13336552355.09
2022-12-30,6366.93,6438.0,6252.68,6348.41,4894142,31070040895.68
2023-01-02,6414.78,6527.8,6370.6,6432.29,3032355,19504979786.78
2023-01-03,6497.15,6546.75,6461.53,6510.73,1988167,12944427792.88
2023-01-04,6639.5,6746.58,6562.14,6657.98,4995377,33259114779.72
2023-01-05,6776.42,6806.48,6660.35,6775.68,2385777,16165265379.66
2023-01-06,6792.84,6899.51,6740.84,6844.68,1794300,12281413750.33
2023-01-09,6859.41,7001.94,6820.01,6841.92,3637174,24885260477.63
2023-01-10,6601.69,6632.67,6523.7,6621.48,2515412,16655751585.28
2023-01-11,6644.91,6844.82,6619.85,6685.0,2209725,14772003194.77
2023-01-12,6668.07,6896.57,6621.29,6719.45,4277555,28742812705.92
2023-01-13,6789.5,6822.65,6719.84,6762.67,3672922,24838743485.05
2023-01-16,6620.42,6655.87,6585.89,6596.74,2859608,18864101492.17
2023-01-17,6459.36,6536.79,6445.63,6460.71,3961937,25596932072.05
2023-01-18,6595.82,6658.88,6529.82,6603.25,3120700,20606776571.09
2023-01-19,6615.32,6737.83,6552.88,6604.63,1444503,9540413598.9
2023-01-20,6731.16,6749.45,6667.54,6701.26,1434352,9611965494.0
2023-01-23,6664.39,6730.59,6596.67,6711.76,3879271,26036722363.81
2023-01-24,6762.79,6766.8,6645.67,6722.46,2254329,15154642344.26
2023-01-25,6889.87,6945.64,6789.75,6855.34,3820928,26193747554.88
2023-01-26,6785.59,6849.91,6701.73,6791.44,2731765,18552614616.49
2023-01-27,6817.22,6869.74,6727.5,6811.29,3087001,21026447106.81
2023-01-30,6722.87,6757.61,6698.58,6755.12,2164395,14620755819.57
2023-01-31,6710.68,6717.68,6676.81,6703.18,3894805,26107568244.82
2023-02-01,6704.0,6725.58,6650.15,6668.43,1368893,9128369488.99
2023-02-02,6701.68,6738.33,6606.07,6704.73,1992652,13360185313.84
2023-02-03,6672.16,6690.79,6584.02,6647.23,1521393,10113053725.91
2023-02-06,6831.69,6837.37,6738.18,6820.83,4475206,30524602711.8
2023-02-07,6731.21,6807.1,6644.3,6705.61,3541396,23747212960.7
2023-02-08,6667.99,6769.86,6632.04,6687.25,3072171,20544380861.88
2023-02-09,6620.33,6642.63,6596.29,6635.13,3136300,20809749264.66
2023-02-10,6765.19,6913.69,6752.16,6833.78,4983820,34058329025.2
2023-02-13,6857.52,6892.31,6829.58,6867.48,3153268,21654998424.03
2023-02-14,7067.69,7174.57,6952.97,7016.07,2235296,15682990543.6
2023-02-15,6817.35,6875.92,6800.58,6814.63,2994039,20403265000.97
2023-02-16,6883.91,6899.87,6766.89,6857.84,4491180,30799796546.89
2023-02-17,6948.34,7085.96,6940.45,6986.72,1606752,11225922099.02
2023-02-20,7012.96,7052.3,6917.4,7005.2,4492964,31474120315.63
2023-02-21,7184.74,7243.02,7149.92,7161.49,3314546,23737072416.0
2023-02-22,7072.39,7165.92,6951.5,7094.56,4149409,29438213276.59
2023-02-23,7290.88,7400.68,7276.27,7301.62,2806242,20490124315.84
2023-02-24,7653.5,7811.23,7600.97,7644.64,3367713,25744952025.17
2023-02-27,7574.47,7704.55,7492.35,7596.81,1783566,13549409882.22
2023-02-28,7616.48,7648.9,7520.97,7536.72,4841651,36490156586.58
2023-03-01,7753.91,7910.06,7718.64,7763.33,3443631,26734041595.38
2023-03-02,7974.67,8160.35,7911.11,8016.35,1253017,10044619632.88
2023-03-03,8007.41,8087.48,7805.75,7940.54,3470856,27560454397.06
2023-03-06,7854.91,8002.73,7812.69,7881.75,2650224,20888391391.49
2023-03-07,7887.19,7987.51,7836.51,7845.21,3217127,25239031342.12
2023-03-08,7627.27,7653.58,7477.59,7642.1,2675190,20444079107.55
2023-03-09,7518.96,7555.31,7408.86,7509.34,1465806,11007231272.43
2023-03-10,7379.62,7430.79,7359.47,7366.04,1102877,8123833600.96
2023-03-13,7274.39,7281.29,7222.92,7260.29,3812920,27682909742.24
2023-03-14,7271.36,7316.82,7234.97,7262.52,1040633,7557612877.35
2023-03-15,7311.94,7404.26,7167.8,7303.8,3821105,27908576676.19
2023-03-16,7541.83,7575.21,7462.49,7537.59,4465260,33657308067.37
2023-03-17,7383.63,7412.85,7310.8,7394.63,4965292,36716476756.45
2023-03-20,7520.73,7562.4,7470.25,7547.59,1997057,15072976289.58
2023-03-21,7472.84,7527.44,7465.45,7522.84,3950501,29718986959.62
2023-03-22,7559.62,7660.75,7450.42,7522.92,1286100,9675228302.98
2023-03-23,7642.6,7681.51,7567.38,7631.98,2285844,17445506282.36
2023-03-24,7446.39,7518.68,7436.52,7468.24,1122026,8379555091.72
2023-03-27,7526.8,7603.37,7398.23,7532.82,3305289,24898156582.92
2023-03-28,7665.21,7733.91,7563.83,7565.43,1144454,8658289825.64
2023-03-29,7689.47,7809.86,7417.5,7647.51,2606325,19931897460.2
2023-03-30,7721.37,7745.46,7659.87,7699.39,3443028,26509202553.61
2023-03-31,8018.6,8134.05,7964.41,8085.17,4204288,33992390579.74
2023-04-03,7927.35,8088.64,7900.63,7990.13,3858210,30827607873.5
2023-04-04,7932.82,8159.27,7845.46,7913.27,1227436,9713029522.29
2023-04-05,7778.52,7828.97,7693.67,7822.56,2595350,20302279296.72
2023-04-06,7686.91,7793.69,7599.45,7743.48,1928252,14931374649.45
2023-04-07,7629.89,7655.99,7587.29,7652.51,3253840,24900038062.01
2023-04-10,7843.35,7877.17,7756.26,7842.14,2080132,16312686631.04
2023-04-11,8106.25,8267.43,7888.68,8072.78,2596963,20964706127.88
2023-04-12,7968.03,8012.53,7925.65,7988.7,1148178,9172450450.5
2023-04-13,7853.25,7987.23,7746.79,7863.7,3867543,30413200440.09
2023-04-14,7952.75,8119.75,7898.04,7945.71,2769107,22002509486.15
2023-04-17,7909.09,7969.16,7809.17,7865.9,3562688,28023731314.0
2023-04-18,7951.16,8006.18,7913.42,7973.33,1719701,13711748477.72
2023-04-19,7994.85,8053.17,7990.25,8013.67,4808282,38531964250.45
2023-04-20,7816.55,7918.44,7750.74,7778.75,4827271,37550114860.98
2023-04-21,8048.32,8179.63,7977.35,8027.28,1414627,11355603796.37
2023-04-24,8319.81,8397.52,8236.81,8323.63,4570157,38040273846.55
2023-04-25,8218.13,8251.12,8138.36,8229.94,3347601,27550543088.52
2023-04-26,8143.68,8276.23,7989.97,8174.35,4021034,32869343634.07
2023-04-27,8204.72,8273.99,8142.19,8229.26,2676079,22022151786.96
2023-04-28,8287.06,8335.97,8174.47,8292.54,4373195,36264879679.22
2023-05-01,8364.65,8416.68,8350.65,8410.05,4761509,40044524982.32
2023-05-02,8760.3,8900.03,8745.88,8756.58,2717355,23794730023.06
2023-05-03,8800.58,8902.62,8649.35,8734.35,4775739,41712952874.03
2023-05-04,8600.21,8809.57,8599.86,8603.63,1684076,14489162489.37
2023-05-05,8364.45,8443.92,8307.3,8374.89,4443243,37211662903.89
2023-05-08,8300.45,8347.79,8118.7,8260.83,2399298,19820202104.16
2023-05-09,8232.77,8363.33,8107.04,8263.62,4675511,38636653423.04
2023-05-10,8525.95,8648.51,8457.8,8568.48,3387848,29028694634.44
2023-05-11,8528.05,8577.97,8383.06,8488.34,2255959,19149351033.4
2023-05-12,8473.65,8714.49,8381.82,8534.82,2129250,18172769517.92
2023-05-15,8498.52,8544.34,8350.16,8540.55,2649959,22632116310.45
2023-05-16,8761.86,8794.29,8703.34,8752.08,4721040,41318941779.24
2023-05-17,9172.78,9361.56,9088.75,9203.16,1077994,9920946171.45
2023-05-18,9107.13,9213.33,9003.28,9114.65,1481632,13504549817.59
2023-05-19,9147.42,9267.22,8857.01,9034.54,2081516,18805536207.0
2023-05-22,9314.93,9328.66,9215.24,9232.24,3544755,32726040091.34
2023-05-23,9307.44,9428.64,9304.9,9367.38,2875530,26936191300.23
2023-05-24,9634.8,9766.55,9591.47,9722.73,4684815,45549176569.18
2023-05-25,9853.55,9961.9,9835.36,9846.0,1048784,10326324178.21
2023-05-26,9724.73,9801.21,9634.67,9785.09,1181413,11560234041.34
2023-05-29,9836.25,9969.08,9769.34,9910.47,3940504,39052241149.7
2023-05-30,10113.18,10147.31,9951.91,10140.13,4904800,49735331726.61
2023-05-31,10316.53,10493.95,10059.41,10316.67,1846822,19053054294.32
2023-06-01,10431.53,10548.09,10322.77,10431.65,2588858,27006073207.49
2023-06-02,10616.48,10770.68,10547.89,10664.63,2153248,22963593620.2
2023-06-05,10935.16,11032.87,10586.84,10924.7,4950476,54082449899.24
2023-06-06,11155.33,11346.56,11146.33,11237.61,1609654,18088671896.88
2023-06-07,11334.84,11415.4,11247.43,11394.65,2347421,26748044524.23
2023-06-08,11442.17,11511.68,11321.99,11367.96,2212980,25157070855.22
2023-06-09,11395.33,11524.96,11342.6,11412.69,4792018,54689796294.04
2023-06-12,11521.31,11805.1,11412.21,11699.49,2872508,33606875031.27
2023-06-13,11506.31,11663.0,11338.47,11520.03,2519644,29026383654.04
2023-06-14,11605.95,11741.96,11496.53,11616.5,2894420,33623019097.16
2023-06-15,11436.39,11658.15,11350.35,11536.73,3384318,39043957506.61
2023-06-16,11575.63,11616.41,11454.17,11554.9,1260710,14567374864.33
2023-06-19,11906.95,12003.17,11700.16,11861.9,2453953,29108545170.05
2023-06-20,11944.09,12008.7,11814.67,11919.1,2543103,30311493609.47
2023-06-21,11958.15,11987.32,11765.35,11942.09,3538910,42261969782.86
2023-06-22,11618.23,11790.84,11497.29,11629.24,4883509,56791489980.69
2023-06-23,11802.59,11877.65,11679.96,11814.43,3242516,38308493759.29
2023-06-26,12010.54,12161.32,11865.47,11978.77,3427115,41052621716.74
2023-06-27,12498.6,12567.78,12409.86,12509.01,1855695,23212909526.02
2023-06-28,12463.07,12587.88,12411.59,12444.52,1889694,23516335110.59
2023-06-29,12580.34,12582.6,12510.56,12511.51,3125629,39106335708.79
2023-06-30,12695.23,12844.2,12552.12,12586.42,1718730,21632664425.24
2023-07-03,12948.37,13258.6,12793.59,12996.1,2515719,32694536406.7
2023-07-04,13064.53,13092.29,12831.25,12984.33,3569464,46347087708.34
2023-07-05,13234.09,13343.15,12924.91,13069.77,4822069,63023330045.96
2023-07-06,13295.02,13360.83,13175.85,13241.74,3812789,50487962718.69
2023-07-07,13342.61,13359.52,13175.96,13304.4,1234085,16418764034.0
2023-07-10,13181.35,13211.55,13103.15,13198.92,1686093,22254600944.56
2023-07-11,13259.22,13328.46,13165.57,13263.35,4337031,57523564900.11
2023-07-12,13527.51,13675.75,13370.2,13561.41,4452550,60382871909.93
2023-07-13,13222.14,13426.94,13077.17,13296.55,2932360,38990286006.52
2023-07-14,13418.25,13572.08,13283.05,13345.21,1779957,23753904089.33
2023-07-17,13236.35,13454.21,13028.25,13171.69,3057017,40266087328.65
2023-07-18,13452.51,13613.86,13383.36,13499.68,3361547,45379807925.12
2023-07-19,13099.76,13371.95,13086.91,13101.93,3633664,47608006684.38
2023-07-20,12982.9,13008.8,12958.07,12968.57,1946803,25247254008.68
2023-07-21,13122.28,13212.86,13007.33,13079.38,1976684,25853797440.49
2023-07-24,13415.39,13558.78,13337.86,13501.98,3660891,49429273779.44
2023-07-25,13452.29,13584.19,13342.01,13497.73,3342094,45110668773.55
2023-07-26,13417.69,13481.0,13243.37,13361.35,4913482,65650728222.17
2023-07-27,13875.65,14054.47,13644.58,13877.4,4508272,62563103462.81
2023-07-28,13469.72,13582.53,13433.95,13489.39,4353030,58719702418.44
2023-07-31,12925.63,13119.46,12782.58,12909.66,2623372,33866852760.45
2023-08-01,13074.29,13195.61,12959.18,13036.18,1103535,14385884306.17
2023-08-02,12884.1,13050.9,12815.34,12918.32,3427474,44277212289.35
2023-08-03,12837.91,12891.5,12623.81,12667.39,2879573,36476668161.95
2023-08-04,12967.94,13012.52,12838.81,12859.52,4631171,59554616648.18
2023-08-07,13013.81,13189.06,12771.94,12935.08,1714261,22174100602.21
2023-08-08,12756.21,12890.22,12702.27,12802.09,2545288,32584994724.91
2023-08-09,12313.87,12718.05,12205.61,12487.08,4463681,55738325255.0
2023-08-10,12786.79,12940.22,12578.72,12717.45,4024851,51185850234.74
2023-08-11,12946.76,13063.62,12800.8,12895.55,3798714,48986497615.32
2023-08-14,12868.77,12981.58,12734.91,12882.86,2138422,27549001327.14
2023-08-15,13501.6,13519.86,13267.69,13371.55,3957817,52922136311.88
2023-08-16,13107.4,13122.44,12982.64,13098.74,4772515,62513956235.38
2023-08-17,12766.32,12813.87,12634.37,12712.19,4318812,54901577231.73
2023-08-18,12636.41,12742.47,12439.46,12548.99,4340444,54468201740.66
2023-08-21,12489.47,12696.59,12358.15,12550.1,4060465,50959245474.2
2023-08-22,12641.3,12679.84,12535.46,12623.73,4866610,61434769192.92
2023-08-23,12498.95,12596.52,12475.27,12575.45,2280101,28673290314.04
2023-08-24,12726.76,12799.38,12568.5,12676.57,3597979,45610025397.38
2023-08-25,12295.9,12397.98,12279.53,12371.94,3104417,38407661044.54
2023-08-28,12716.42,12782.28,12652.0,12741.56,3343453,42600791568.86
2023-08-29,12679.29,12816.71,12594.8,12733.36,3707929,47214403199.78
2023-08-30,12981.81,13059.5,12829.02,13030.63,3245772,42294467875.56
2023-08-31,13252.53,13306.11,13013.17,13132.98,4928094,64720577106.04
2023-09-01,13314.21,13332.41,13103.19,13266.09,3465849,45978254766.37
2023-09-04,13429.74,13451.86,13345.91,13430.52,2445687,32846860031.4
2023-09-05,13533.04,13710.69,13450.0,13564.21,1910789,25918352041.25
2023-09-06,13765.63,13998.7,13656.46,13752.14,1960002,26954220724.6
2023-09-07,14226.53,14241.95,13937.19,14131.47,3955961,55903525817.36
2023-09-08,14178.77,14339.93,14060.19,14201.14,1259425,17885270067.45
2023-09-11,14337.99,14453.29,14288.5,14416.71,3444913,49664324878.85
2023-09-12,14440.5,14588.89,14335.26,14405.26,4809821,69286706013.03
2023-09-13,14741.59,14837.9,14702.44,14834.57,3759374,55768685793.04
2023-09-14,14724.64,14747.31,14572.69,14648.72,4102746,60099985223.35
2023-09-15,15278.05,15711.56,15188.48,15191.0,2265832,34420254238.23
2023-09-18,15185.95,15369.49,15122.19,15193.99,1676935,25479334216.7
2023-09-19,14821.67,15016.71,14729.03,14774.4,3095637,45736181409.43
2023-09-20,14916.05,15013.49,14818.09,14827.03,1665329,24691880384.23
2023-09-21,14644.99,14923.48,14484.02,14639.9,4179888,61193125555.42
2023-09-22,14888.11,15019.02,14669.73,14900.67,3684688,54904336761.24
2023-09-25,14602.09,14754.85,14565.78,14721.08,1496389,22028468897.26
2023-09-26,14650.2,14759.41,14601.14,14604.44,2576845,37633376885.42
2023-09-27,13991.52,14084.65,13879.64,14067.13,4795596,67460273640.05
2023-09-28,13936.66,14138.16,13912.8,13953.94,3739894,52186272784.66
2023-09-29,13253.86,13354.09,13158.64,13291.44,2979442,39601088753.41
2023-10-02,12873.53,12925.37,12863.12,12883.69,3891194,50132933589.12
2023-10-03,13011.68,13217.88,12891.5,13092.51,1070246,14012208249.34
2023-10-04,13324.87,13387.27,13308.68,13311.37,2037886,27127046699.54
2023-10-05,13379.1,13463.67,13319.03,13437.95,3784975,50862289414.37
2023-10-06,13192.07,13310.48,13042.41,13191.5,1717997,22662958143.71
2023-10-09,13218.35,13352.73,13165.22,13192.1,1520112,20053475946.76
2023-10-10,13247.07,13258.03,13172.25,13204.35,3646785,48153410321.47
2023-10-11,12893.98,13049.01,12853.82,12911.64,3518929,45435148728.29
2023-10-12,13253.83,13483.9,13170.91,13312.78,2667832,35516259562.86
2023-10-13,13564.02,13718.43,13395.63,13559.7,3787833,51361860372.72
2023-10-16,13587.81,13670.47,13433.26,13513.33,2854165,38569275251.26
2023-10-17,13400.32,13680.84,13369.56,13534.11,2449915,33157419791.51
2023-10-18,13600.81,13609.17,13563.61,13604.05,3689762,50195706405.3
2023-10-19,13070.12,13142.56,13012.52,13062.14,4637588,60576808410.49
2023-10-20,13002.0,13021.15,12589.78,13010.63,4969061,64650591959.86
2023-10-23,12793.96,12892.84,12701.42,12846.18,1861864,23917831389.69
2023-10-24,12643.44,12694.87,12480.47,12601.68,3196274,40278427838.58
2023-10-25,12520.96,12599.83,12426.76,12543.44,3073890,38557144747.7
2023-10-26,13019.63,13122.6,13002.54,13006.96,4677973,60846224144.07
2023-10-27,13205.77,13324.73,13104.07,13186.68,2607895,34389473904.08
2023-10-30,13075.44,13336.8,12784.62,13049.23,3602481,47009590441.84
2023-10-31,13153.38,13349.17,13138.32,13211.71,4189550,55351123608.62
2023-11-01,13606.97,13733.31,13578.04,13594.68,2268182,30835209041.89
2023-11-02,13877.05,13989.73,13695.54,13859.68,2254179,31242192653.06
2023-11-03,13849.09,13928.08,13781.4,13890.07,4095759,56890361794.43
2023-11-06,13770.35,13823.25,13587.76,13724.24,4367439,59939763225.58
2023-11-07,13946.99,14087.68,13911.74,13929.61,1611868,22452695498.29
2023-11-08,14024.76,14090.47,13833.93,14053.16,3646416,51243679785.03
2023-11-09,14320.72,14637.81,14260.56,14318.82,2411257,34526360914.73
2023-11-10,14346.64,14628.64,14343.17,14515.04,1957004,28405990437.42
2023-11-13,14923.43,15008.2,14674.75,14834.24,4201824,62330868012.96
2023-11-14,14665.37,14861.68,14650.51,14690.28,3177040,46671602864.17
2023-11-15,14934.12,15187.85,14576.97,15092.03,4437464,66970324907.11
2023-11-16,15146.62,15227.41,15129.26,15166.76,4824857,73177458950.14
2023-11-17,15832.32,15864.1,15612.82,15811.43,3142064,49680521110.17
2023-11-20,15605.25,15630.58,15269.81,15609.3,1487947,23225810082.88
2023-11-21,16315.06,16483.98,15971.17,16166.85,3727850,60267599910.11
2023-11-22,16133.65,16362.03,16091.26,16247.01,4139987,67262414008.99
2023-11-23,15923.5,16105.09,15894.54,16051.59,3757436,60312807188.41
2023-11-24,15907.08,16167.42,15747.8,15912.29,4769541,75894342974.72
2023-11-27,15750.17,15851.22,15625.96,15826.26,3990316,63151770467.78
2023-11-28,15947.98,16042.62,15893.5,15976.34,1117369,17851470892.61
2023-11-29,16229.45,16441.54,16111.09,16159.38,3350876,54148077843.8
2023-11-30,15977.47,16019.52,15842.35,15990.13,3867695,61844932020.68
2023-12-01,15997.2,16033.6,15837.82,15998.33,2650522,42403920037.12
2023-12-04,16756.58,16789.9,16414.58,16699.78,2074969,34651528070.59
2023-12-05,17322.22,17850.16,17220.18,17293.47,2713043,46917935128.76
2023-12-06,17480.41,17785.89,17423.68,17461.68,3471146,60612031069.38
2023-12-07,17477.87,17501.25,17217.48,17492.41,2126998,37206323204.47
2023-12-08,17570.94,17737.42,17363.49,17551.9,2167900,38050755670.87
2023-12-11,17838.07,17981.91,17771.35,17784.82,2936513,52225343751.99
2023-12-12,17570.43,17801.56,17324.2,17438.8,4571770,79726170727.42
2023-12-13,17395.79,17422.99,17122.72,17366.47,2451511,42574090858.58
2023-12-14,16831.29,16911.83,16717.06,16804.29,3338626,56103231563.04
2023-12-15,16872.4,17102.9,16712.31,16955.27,2348818,39824831890.29
2023-12-18,17184.58,17552.67,17090.25,17191.69,1649179,28352170745.07
2023-12-19,17070.41,17509.72,16990.41,17042.74,2036658,34710240547.74
2023-12-20,17766.19,17918.8,17529.6,17596.29,1183024,20816830577.08
2023-12-21,17021.92,17711.19,16790.4,17182.51,1305218,22426915351.54
2023-12-22,16711.86,16876.4,16493.15,16696.46,4935132,82399211002.13
2023-12-25,16710.97,16841.02,16671.17,16788.1,2676443,44932400179.34
2023-12-26,17036.87,17258.53,16999.03,17156.47,4091287,70192029442.8
2023-12-27,17718.18,17927.84,17474.74,17751.43,3229537,57328894244.3
2023-12-28,17522.15,17671.29,17500.94,17606.26,2252038,39649972477.75
2023-12-29,18048.4,18183.69,17972.38,18003.7,4612117,83035169228.9
2024-01-01,18085.85,18224.99,18002.37,18007.84,1531661,27581902321.85
2024-01-02,18035.0,18137.7,17941.39,17963.67,2811049,50496763347.03
2024-01-03,18329.71,18453.51,18244.4,18299.11,3849095,70435019075.13
2024-01-04,18508.91,18811.6,18240.43,18556.15,1185784,22003584969.89
2024-01-05,17935.18,18210.62,17708.39,17989.67,2619814,47129589604.49
2024-01-08,18503.45,18588.56,18351.07,18538.91,2194737,40688030079.46
2024-01-09,19073.8,19498.01,19035.35,19069.16,1799595,34316757667.32
2024-01-10,18849.42,18929.09,18636.22,18849.65,2595283,48920165904.84
2024-01-11,18976.79,19208.96,18627.88,19017.71,4400598,83689300150.08
2024-01-12,19094.45,19544.48,19036.16,19224.63,1390447,26730836039.53
2024-01-15,19228.39,19403.44,19205.15,19344.09,2166374,41906526651.53
2024-01-16,19067.34,19246.69,18875.28,19150.53,3160231,60520091786.31
2024-01-17,18887.61,19083.86,18873.93,18912.44,1660501,31404124768.98
2024-01-18,19018.77,19019.37,18688.95,18921.69,2183493,41315369329.45
2024-01-19,19356.24,19499.57,19086.68,19384.41,3740936,72515830021.8
2024-01-22,19740.4,19853.32,19224.08,19614.54,3488009,68415691464.0
2024-01-23,19659.11,19863.58,19344.59,19488.77,4895918,95415399180.1
2024-01-24,19676.86,19836.54,19445.21,19809.04,1639724,32481364296.96
2024-01-25,18843.27,18912.12,18528.8,18700.31,2947175,55113099667.89
2024-01-26,19212.79,19376.59,19134.7,19148.66,1905352,36484938599.92
2024-01-29,18472.06,18692.08,18449.27,18501.55,4911251,90865733346.09
2024-01-30,18414.34,18612.66,18195.48,18385.93,1762557,32406254195.99
2024-01-31,18012.55,18086.72,17806.59,17992.6,2168391,39014981114.29
2024-02-01,17484.28,17553.05,17453.92,17544.69,3278701,57523805855.58
2024-02-02,17878.96,18344.39,17615.77,17969.57,3387807,60877420595.88
2024-02-05,17697.04,18013.16,17641.25,17819.45,4509934,80364532387.66
2024-02-06,18119.08,18141.67,17761.29,17960.76,1547952,27802389962.85
2024-02-07,17845.86,18063.32,17553.94,17961.86,2112916,37951908423.58
2024-02-08,18173.88,18275.92,17982.55,18151.2,3368787,61147513247.19
2024-02-09,18322.68,18445.21,18156.36,18197.24,4015624,73073255278.61
2024-02-12,17738.31,17849.09,17621.7,17748.49,2962160,52573880239.04
2024-02-13,18115.45,18130.37,18071.29,18119.89,3822307,69259773361.21
2024-02-14,17812.65,17969.0,17686.74,17959.07,3068535,55108038699.16
2024-02-15,17463.35,17524.34,17378.06,17417.94,4244811,73935842157.82
2024-02-16,17349.55,17570.63,17104.97,17286.22,4076803,70472494438.67
2024-02-19,17865.82,17901.33,17791.06,17822.35,1296412,23105109268.71
2024-02-20,18148.41,18200.1,18042.46,18143.23,4740214,86002802402.89
2024-02-21,18036.83,18088.71,17765.97,18034.86,2007705,36208682040.92
2024-02-22,17738.26,18293.02,17710.71,17926.92,2916195,52278395313.37
2024-02-23,17865.02,18253.22,17705.01,17829.53,1336497,23829111607.19
2024-02-26,18418.18,18782.59,18415.61,18587.91,1535827,28547809405.73
2024-02-27,18630.17,18786.93,18492.54,18748.48,2324054,43572485736.74
2024-02-28,18997.67,19099.96,18793.01,18928.48,3135896,59357755830.18
2024-02-29,19568.95,19724.0,19280.55,19337.45,2956678,57174601445.73
2024-03-01,19538.27,19940.22,19279.19,19449.13,3145265,61172683567.67
2024-03-04,19461.05,19827.96,19188.09,19367.82,4032115,78093282429.48
2024-03-05,19391.09,19598.78,18910.52,19311.13,1744854,33695105318.99
2024-03-06,19300.66,19325.05,19144.35,19302.79,4987007,96263142682.02
2024-03-07,19286.33,19362.92,19223.5,19307.72,1577701,30461811822.26
2024-03-08,19680.61,20009.64,19467.14,19608.01,1252515,24559322623.13
2024-03-11,19634.38,19731.27,19574.46,19647.99,4928648,96838006416.3
2024-03-12,20059.99,20200.23,19887.21,19955.53,3209375,64044785272.84
2024-03-13,19957.53,20002.77,19882.16,19943.27,2863082,57099224834.86
2024-03-14,19994.9,20073.5,19820.39,19994.58,4481591,89607533114.59
2024-03-15,19102.24,19257.72,18985.81,19215.51,4204181,80785488887.11
2024-03-18,19434.56,19762.57,19269.44,19586.88,3473592,68036833981.18
2024-03-19,19894.58,19911.57,19398.22,19742.2,3079368,60793501066.95
2024-03-20,20363.05,20572.91,19953.83,20156.0,2926663,58989822976.44
2024-03-21,19099.51,19543.51,19005.39,19008.62,1536350,29203891301.92
2024-03-22,19871.62,20023.31,19513.14,19821.57,4287281,84980639003.54
2024-03-25,19848.08,19903.07,19696.61,19786.05,2894018,57261195039.41
2024-03-26,20121.97,20393.72,19905.88,20244.37,2940592,59530435011.3
2024-03-27,19931.79,20155.38,19691.4,19843.57,2886522,57278902549.93
2024-03-28,20113.45,20167.37,19809.87,20106.61,3376517,67890298403.1
2024-03-29,19706.3,19865.06,19688.24,19703.1,4849428,95548768647.54
2024-04-01,19377.19,19632.21,19106.62,19477.0,2779892,54143957136.28
2024-04-02,20238.03,20526.32,20210.88,20242.07,3336038,67528311440.82
2024-04-03,20237.53,20341.08,20029.38,20185.11,2582828,52134680102.24
2024-04-04,20218.52,20629.27,20152.78,20293.08,2925656,59370566070.12
2024-04-05,20569.66,20683.0,20330.07,20666.5,1289372,26646804316.41
2024-04-08,20863.45,20895.03,20832.24,20892.05,1099862,22978366432.27
2024-04-09,20986.05,21115.23,20929.67,20975.79,3527575,73993666226.05
2024-04-10,21204.91,21295.27,21141.28,21149.87,3061439,64749039708.7
2024-04-11,22346.59,22647.91,22029.68,22187.66,2860966,63478139131.05
2024-04-12,22107.48,22330.48,21980.56,22184.28,2089100,46345176263.17
2024-04-15,22355.49,22411.91,22195.83,22295.69,1480891,33017483027.39
2024-04-16,22738.07,23027.57,22694.5,22786.48,2134077,48628112434.01
2024-04-17,23452.8,23532.41,23138.12,23313.09,4055129,94537595254.47
2024-04-18,23875.03,23940.37,23696.77,23889.87,3985665,95217026594.33
2024-04-19,24258.37,24554.85,24117.3,24218.95,2199728,53275092577.41
2024-04-22,23460.48,23854.58,23364.89,23689.52,1315104,31154178545.5
2024-04-23,24489.09,24522.73,23772.53,24487.11,4787281,117226679238.46
2024-04-24,24052.99,24253.98,23907.6,23950.18,3826176,91637619083.97
2024-04-25,23878.53,24331.69,23543.24,24119.1,1865718,44999434630.66
2024-04-26,23807.23,24034.45,23426.11,23779.37,3967381,94341811568.11
2024-04-29,23969.74,24069.12,23536.06,23772.64,4109363,97690422317.32
2024-04-30,23991.99,24185.28,23659.03,23952.73,1022995,24503520313.56
2024-05-01,24035.68,24434.05,23992.12,24130.63,1441168,34776288476.71
2024-05-02,24385.01,24493.85,24309.51,24358.38,2607387,63511730109.81
2024-05-03,25215.14,25216.59,24966.84,25168.89,1010514,25433514601.59
2024-05-06,25454.7,25612.97,25218.49,25422.36,2375520,60391317219.22
2024-05-07,25012.79,25573.52,24802.59,25323.64,4355000,110284445650.37
2024-05-08,25598.69,25948.0,25335.17,25837.25,3909154,101001773679.4
2024-05-09,26433.14,26632.87,26340.95,26477.74,1193691,31606235297.98
2024-05-10,25893.26,25945.74,25362.92,25854.13,1548694,40040133424.75
2024-05-13,25925.6,26492.64,25794.42,26188.89,4544696,119020532824.26
2024-05-14,26357.71,26629.34,26190.79,26582.34,4483802,119189927705.64
2024-05-15,26528.23,26733.64,26236.24,26450.72,1893061,50072824320.48
2024-05-16,27253.2,27802.5,26942.83,27204.94,4554382,123901681192.15
2024-05-17,27386.62,27875.41,27146.85,27150.5,4979439,135194249377.04
2024-05-20,27537.87,27633.11,27054.91,27245.84,1139565,31048403286.38
2024-05-21,27278.39,27399.44,27050.14,27178.77,3128650,85032871331.11
2024-05-22,27385.04,27602.87,26862.22,27214.42,3139934,85451486354.01
2024-05-23,26611.37,26726.97,26060.98,26644.95,4019065,107087768940.92
2024-05-24,25894.29,26099.87,25520.84,25904.19,4550985,117889576281.63
2024-05-27,26842.87,27267.38,26673.33,26756.18,1812802,48503657630.62
2024-05-28,26540.37,26759.72,26328.29,26329.71,2652332,69835126349.15
2024-05-29,25718.55,26045.65,25609.53,25833.98,4790918,123768460708.99
2024-05-30,24712.6,25084.35,24345.13,24747.2,3578515,88558217180.91
2024-05-31,24222.26,24829.14,24100.31,24455.69,2095589,51249084106.32
2024-06-03,23847.77,23903.73,23355.54,23833.01,4181010,99646046746.61
2024-06-04,24744.06,25053.99,24447.58,24639.52,1395412,34382288445.86
2024-06-05,25065.54,25456.04,24900.51,25161.79,2869085,72191321408.46
2024-06-06,24898.09,25117.31,24510.63,24840.65,2133859,53006449603.26
2024-06-07,25810.97,26172.7,25477.82,25984.53,1698093,44124152760.02
2024-06-10,26863.9,26958.4,26381.81,26520.73,1287906,34156209074.73
2024-06-11,26521.76,26811.67,26214.11,26374.96,3021363,79688318598.28
2024-06-12,24822.08,25226.16,24682.22,25082.9,1955083,49039146298.43
2024-06-13,26392.07,26550.31,25832.2,26257.25,4124594,108300495178.97
2024-06-14,25606.91,25926.11,25145.25,25553.78,3785385,96730895766.02
2024-06-17,24812.42,25240.41,24568.47,24738.41,1142728,28269274576.49
2024-06-18,25445.04,25722.68,25195.62,25269.08,3717312,93933070861.54
2024-06-19,26537.91,26739.29,26342.64,26527.36,4825091,127996924678.09
2024-06-20,27326.35,28117.6,27265.1,27288.31,3146449,85861273031.22
2024-06-21,27662.59,27733.84,27396.44,27623.36,2208957,61018814403.25
2024-06-24,27955.81,28034.86,27504.75,27979.57,3065167,85762041185.27
2024-06-25,28446.31,28836.54,28217.29,28485.11,2911357,82930321800.4
2024-06-26,28973.24,28983.5,28846.35,28945.96,2470017,71497007086.22
2024-06-27,29111.44,29537.31,28824.85,29137.69,3853507,112282294496.25
2024-06-28,29161.6,29479.72,28998.51,29227.55,4599100,134420433623.5
2024-07-01,29378.59,29440.38,29162.22,29220.19,2978964,87045895586.04
2024-07-02,28807.47,29263.89,28685.96,28808.79,4127266,118901543251.17
2024-07-03,28445.11,28875.84,27928.68,28675.88,3233414,92720996754.28
2024-07-04,27808.08,27925.07,27616.22,27733.62,1550049,42988465013.01
2024-07-05,27599.89,27844.77,27458.43,27706.8,4641512,128601464003.78
2024-07-08,27077.74,27791.34,26634.3,27186.7,3508963,95397113735.41
2024-07-09,26671.72,26753.19,26415.62,26613.82,4798043,127694275272.42
2024-07-10,26692.03,27070.27,26579.61,26736.19,3865893,103359257290.43
2024-07-11,27461.95,27967.97,27386.48,27507.26,1875584,51592186013.13
2024-07-12,27731.37,28472.16,27544.01,28039.98,3643859,102173732655.08
2024-07-15,27242.74,27339.46,26840.65,27187.28,4305141,117045089517.81
2024-07-16,26702.74,26997.96,26445.1,26676.36,4244571,113229724907.69
2024-07-17,27198.68,27236.01,27181.84,27204.97,2969036,80772530532.15
2024-07-18,26573.79,27193.62,26265.63,26697.6,3074722,82087706030.15
2024-07-19,26798.9,26847.03,26537.27,26604.36,3394820,90317002759.05
2024-07-22,27093.39,27378.28,26770.34,26923.64,4742849,127694744179.68
2024-07-23,26381.35,26562.53,26339.92,26429.13,4403209,116372998102.9
2024-07-24,26756.94,26978.14,26307.1,26511.26,2524061,66916043009.68
2024-07-25,25754.7,25990.53,25520.65,25830.44,4781039,123496338541.94
2024-07-26,25760.76,25846.38,25278.94,25545.6,4988395,127431533879.06
2024-07-29,25683.06,25999.63,25406.14,25734.52,2068307,53226896384.39
2024-07-30,24987.38,25416.5,24539.0,24940.36,2931441,73111193663.66
2024-07-31,25017.44,25733.53,24842.47,25185.01,1842329,46399078458.41
2024-08-01,25220.68,25719.35,24902.48,25200.31,2591570,65308356273.09
2024-08-02,25643.23,26021.84,25387.54,25503.96,1431231,36502064375.46
2024-08-05,25611.56,25971.71,25456.38,25643.68,4263832,109340353011.75
2024-08-06,26119.41,26451.09,25809.17,26368.96,4967119,130977750382.8
2024-08-07,26408.8,26585.27,26226.63,26461.37,4220136,111670569027.54
2024-08-08,26287.89,26477.99,26021.92,26260.58,1463144,38423003592.36
2024-08-09,26297.32,26702.21,26273.49,26351.07,2199029,57946763173.06
2024-08-12,26561.87,26897.37,26373.43,26663.75,2706422,72163356749.54
2024-08-13,26802.58,27113.11,26685.33,26716.47,1007086,26905781443.9
2024-08-14,26633.76,26870.92,25815.8,26764.87,2587138,69244423493.9
2024-08-15,26518.62,26852.62,26393.06,26415.86,1115981,29479603256.81
2024-08-16,26217.81,26223.08,25890.84,26092.06,1962494,51205508609.5
2024-08-19,25161.04,25598.4,25055.22,25386.21,4399902,111696851809.41
2024-08-20,26400.83,26601.6,25949.2,26299.9,2644173,69541491694.05
2024-08-21,25563.03,25686.58,25260.37,25671.93,1236436,31741701679.57
2024-08-22,25368.26,25520.38,24995.04,25341.84,2940483,74517250415.99
2024-08-23,24922.31,25056.88,24731.27,25003.07,4494958,112387735306.81
2024-08-26,25513.67,25578.72,25400.27,25475.59,4840507,123314757129.04
2024-08-27,25315.73,25462.79,25287.66,25350.78,3985032,101023678483.62
2024-08-28,25817.08,26215.65,25639.05,26008.76,4252329,110597794970.58
2024-08-29,25738.76,25778.49,25463.31,25684.43,4542290,116666145213.52
2024-08-30,25843.28,26020.34,25819.42,25853.43,4836481,125039642436.22
2024-09-02,25370.98,25947.99,25365.59,25447.36,2908281,74008060961.3
2024-09-03,26691.02,27318.02,26392.09,26564.57,3278845,87101109062.25
2024-09-04,25913.95,26067.38,25838.04,25960.17,3536047,91796396108.17
2024-09-05,26059.73,26344.28,25799.27,26146.99,3751821,98098842560.0
2024-09-06,26493.68,27024.01,26374.3,26504.57,3066494,81276100504.68
2024-09-09,26772.9,27401.35,26284.9,26750.42,3085469,82537605450.24
2024-09-10,26583.19,27053.47,26261.91,26678.04,1486598,39659527490.0
2024-09-11,26884.15,27155.4,26511.99,26635.46,3054300,81352670891.08
2024-09-12,26789.71,26978.08,26543.14,26685.43,4157941,110956441210.13
2024-09-13,26685.27,26905.93,26153.11,26633.66,1653080,44027568437.75
2024-09-16,27183.36,27263.7,27095.19,27173.72,3035030,82473070143.9
2024-09-17,28330.44,28736.47,28232.8,28402.26,1551616,44069403310.57
2024-09-18,28170.84,28234.81,28074.13,28113.98,4321613,121497755141.62
2024-09-19,27342.9,27612.41,26845.67,27371.88,3266598,89412944121.59
2024-09-20,27297.3,27465.88,27267.07,27350.93,2069850,56612317817.47
2024-09-23,28558.5,29169.34,28295.03,28789.43,2741070,78913836199.53
2024-09-24,28575.79,28788.95,28167.89,28355.47,3074242,87171577946.08
2024-09-25,29540.44,29773.85,29244.15,29313.38,4264099,124995173116.04
2024-09-26,30378.21,30518.39,29931.75,30326.28,1762476,53449339901.02
2024-09-27,30047.4,30144.21,29793.23,30020.84,1484716,44572422087.26
2024-09-30,30188.86,30764.48,30129.2,30392.49,2368465,71983544689.54
2024-10-01,31347.55,31614.84,31295.63,31412.7,2760968,86729462933.17
2024-10-02,31612.43,32071.21,30975.18,31205.93,4478192,139746125558.58
2024-10-03,31049.02,31208.99,30658.87,31110.07,4957352,154223582966.3
2024-10-04,30748.48,30788.25,30510.15,30779.26,1922229,59164786998.74
2024-10-07,30335.52,30363.88,29529.23,30185.37,3817369,115228697438.08
2024-10-08,29563.42,30425.45,29495.27,29823.58,1839949,54873870178.02
2024-10-09,29009.34,29734.2,28691.39,29123.36,1454529,42360771818.77
2024-10-10,28940.63,29272.71,28832.24,29172.34,4391984,128124432716.93
2024-10-11,28727.16,28759.54,28560.08,28752.27,1443148,41493780839.9
2024-10-14,28696.9,29548.27,28629.84,28915.46,4351191,125816688047.77
2024-10-15,28138.65,28842.95,28042.52,28044.59,1622207,45494124388.96
2024-10-16,28286.75,28499.99,28150.09,28258.22,2193387,61981210161.05
2024-10-17,28598.76,29093.7,28469.66,28757.56,1168678,33608325462.72
2024-10-18,27776.48,28177.45,27449.77,27639.62,3511902,97067623651.08
2024-10-21,28166.72,28217.02,27736.27,27874.03,2530523,70535877776.54
2024-10-22,28590.53,28710.25,28523.25,28586.31,4495665,128514460757.78
2024-10-23,27801.48,28057.72,27614.93,27923.31,4098350,114439497996.89
2024-10-24,29032.84,29086.2,28765.61,28885.31,3613339,104372411985.92
2024-10-25,29195.63,29307.37,28718.42,29156.26,4945906,144204139804.0
2024-10-28,28768.13,28921.34,28033.52,28774.31,1636431,47087172525.22
2024-10-29,28765.5,28992.93,28612.56,28770.99,2968881,85417644831.83
2024-10-30,29020.51,29701.67,28888.34,29121.03,1317798,38375639178.88
2024-10-31,29292.43,29637.72,28451.87,29194.42,3166561,92445915731.43
2024-11-01,29389.58,29582.91,29301.86,29538.19,4796855,141690409854.16
2024-11-04,29025.9,29313.38,28958.82,29023.83,2528914,73398761498.1
2024-11-05,29079.93,29244.3,28922.07,29151.16,3124365,91078865389.67
2024-11-06,28071.14,28382.85,27811.7,28356.08,4158483,117918290094.34
2024-11-07,28463.73,28636.67,27877.23,28321.36,2344091,66387846520.15
2024-11-08,27434.7,27843.37,27005.84,27837.68,1855738,51659448193.89
2024-11-11,27647.85,28112.82,27374.88,27456.01,3377559,92734303030.02
2024-11-12,28316.3,28471.07,27947.2,28162.23,3040987,85640983170.4
2024-11-13,28765.49,28975.65,28173.36,28805.07,2341795,67455567501.35
2024-11-14,28953.21,29187.31,28552.07,29184.8,4079516,119059857695.36
2024-11-15,28512.48,29395.04,27974.06,28576.41,3849090,109993158577.28
2024-11-18,28178.24,28803.29,27474.51,28424.15,2375330,67516726911.38
2024-11-19,29148.9,29236.2,29010.99,29142.2,4059968,118316381391.35
2024-11-20,29319.92,29456.77,28936.75,29253.94,3285362,96109771616.22
2024-11-21,30658.98,31182.53,30563.35,30640.18,4915090,150599246790.14
2024-11-22,30764.83,31017.51,30455.05,30911.85,2690792,83177352459.36
2024-11-25,31068.92,31095.18,30478.47,31061.49,1579294,49055226990.66
2024-11-26,30635.32,31324.37,30570.66,30900.52,4635192,143229845501.85
2024-11-27,31234.73,31357.46,30860.66,31013.95,2364170,73322251845.56
2024-11-28,30954.5,31037.15,30933.27,30950.39,4085691,126453733215.68
2024-11-29,31486.76,31684.86,31320.73,31419.67,2605399,81860766417.22
2024-12-02,32075.7,32438.1,31446.04,32052.27,1261674,40439516995.66
2024-12-03,31712.78,31720.86,31511.89,31580.47,1733307,54738646860.8
2024-12-04,30864.47,30968.37,30470.08,30771.23,3444149,105980699720.56
2024-12-05,29618.23,29782.88,29366.01,29671.95,2954702,87671784502.35
2024-12-06,30012.71,30104.73,29733.09,30003.09,2452765,73590526039.23
2024-12-09,29450.35,29702.66,29254.09,29371.0,4407129,129441802337.5
2024-12-10,28064.54,28401.05,27719.52,28135.72,3991981,112317273991.28
2024-12-11,28351.22,28463.42,28169.2,28382.52,3491965,99110759878.09
2024-12-12,29727.63,30148.82,29621.61,29826.05,3582229,106843750991.2
2024-12-13,30037.28,30171.83,29489.61,29852.26,3077645,91874650544.74
2024-12-16,30525.42,30564.82,30319.1,30382.73,4952532,150471424971.29
2024-12-17,30377.39,30527.66,30275.95,30462.83,3341102,101779432772.53
2024-12-18,30370.57,30477.25,29974.74,30433.05,1717368,52264740726.87
2024-12-19,31040.0,31589.11,30909.11,31022.89,1785838,55401848340.51
2024-12-20,30569.13,31083.94,30552.14,30873.81,4333568,133793736030.72
2024-12-23,31153.92,31541.71,31061.56,31069.79,4119849,128002834125.4
2024-12-24,31346.5,31583.22,31216.33,31300.76,4600200,143989752570.84
2024-12-25,30900.33,30974.35,30578.26,30913.83,2249699,69546801666.04
2024-12-26,31792.72,32144.44,31519.35,31558.1,1144938,36132062760.85
2024-12-27,31445.24,31783.49,31232.56,31479.23,1388388,43705379175.9
2024-12-30,31039.47,31199.83,30730.35,31034.9,3302743,102500296919.82
2024-12-31,31178.4,31628.12,30562.81,31398.94,3894935,122296849579.33
